date,gross_daily_return,transaction_cost,daily_return,growth_of_1,drawdown,strategy
2021-01-04,-0.01194148637027798,0.0,-0.01194148637027798,0.988058513629722,-0.011941486370278032,Base equity risk parity
2021-01-05,0.008956741993827263,0.0,0.008956741993827263,0.9969082988111078,-0.0030917011888922374,Base equity risk parity
2021-01-06,0.010787138717691713,0.0,0.010787138717691713,1.0076620869192012,0.0,Base equity risk parity
2021-01-07,0.008823033349125192,0.0,0.008823033349125192,1.0165527231167386,0.0,Base equity risk parity
2021-01-08,0.002589962785480404,0.0,0.002589962785480404,1.0191855568390897,0.0,Base equity risk parity
2021-01-11,-0.0008098232053932377,0.0,-0.0008098232053932377,1.01836019672456,-0.0008098232053931342,Base equity risk parity
2021-01-12,0.0003144751481504265,0.0,0.0003144751481504265,1.0186804456982954,-0.0004956027265151652,Base equity risk parity
2021-01-13,-8.125047356593771e-05,0.0,-8.125047356593771e-05,1.0185976774296701,-0.0005768129321248594,Base equity risk parity
2021-01-14,0.0026376409331846156,0.0,0.0026376409331846156,1.0212843723581053,0.0,Base equity risk parity
2021-01-15,-0.008565570501913231,0.0,-0.008565570501913231,1.0125364890641697,-0.008565570501913311,Base equity risk parity
2021-01-19,0.00740722933952885,0.0,0.00740722933952885,1.0200365790533095,-0.0012217883075159586,Base equity risk parity
2021-01-20,0.00964387157802281,0.0,0.00964387157802281,1.0298736808265851,0.0,Base equity risk parity
2021-01-21,-0.006811447536537729,0.0,-0.006811447536537729,1.0228587502803739,-0.006811447536537729,Base equity risk parity
2021-01-22,-0.00279855703122861,0.0,-0.00279855703122861,1.0199962217328231,-0.00959094234336999,Base equity risk parity
2021-01-25,0.0030031192461763253,0.0,0.0030031192461763253,1.023059392017336,-0.0066166258407340806,Base equity risk parity
2021-01-26,-0.004164228463659043,0.0,-0.004164228463659043,1.0187991389770839,-0.010753301162733653,Base equity risk parity
2021-01-27,-0.02528182063320942,0.0,-0.02528182063320942,0.9930420418841971,-0.03576325876473185,Base equity risk parity
2021-01-28,0.009131420713183392,0.0,0.009131420713183392,1.0021099265545204,-0.026958407413403718,Base equity risk parity
2021-01-29,-0.012474626878995901,0.0,-0.012474626878995901,0.9896089791290147,-0.03909673821866544,Base equity risk parity
2021-02-01,0.007721604039266198,1.2134491178573855e-05,0.007709469548087624,0.997238339418124,-0.03168868378330414,Base equity risk parity
2021-02-02,0.015519375030534296,0.0,0.015519375030534296,1.012714855202381,-0.01666109732062704,Base equity risk parity
2021-02-03,-0.0017471724194257888,0.0,-0.0017471724194257888,1.0109454677386287,-0.018379159930336786,Base equity risk parity
2021-02-04,0.0074102846946099005,0.0,0.0074102846946099005,1.0184368614652974,-0.011105070043258558,Base equity risk parity
2021-02-05,0.007767287536548563,0.0,0.007767287536548563,1.0263473534061185,-0.0034240387788494475,Base equity risk parity
2021-02-08,0.010246488173179462,0.0,0.010246488173179462,1.0368638094243683,0.0,Base equity risk parity
2021-02-09,-0.002886156128962171,0.0,-0.002886156128962171,1.0338712585858991,-0.0028861561289621473,Base equity risk parity
2021-02-10,0.000287948870814646,0.0,0.000287948870814646,1.0341689606473767,-0.002599038323545688,Base equity risk parity
2021-02-11,-0.0013020920051098304,0.0,-0.0013020920051098304,1.032822377511785,-0.003897746141633518,Base equity risk parity
2021-02-12,0.003980720752582163,0.0,0.003980720752582163,1.0369337549836775,0.0,Base equity risk parity
2021-02-16,-0.002257143325609516,0.0,-0.002257143325609516,1.0345932468795167,-0.0022571433256096674,Base equity risk parity
2021-02-17,0.0026177182467490632,0.0,0.0026177182467490632,1.0373015204998366,0.0,Base equity risk parity
2021-02-18,-0.00497666782121434,0.0,-0.00497666782121434,1.0321392154018685,-0.004976667821214198,Base equity risk parity
2021-02-19,-0.0013694848070518427,0.0,-0.0013694848070518427,1.0307257164276133,-0.006339337157295066,Base equity risk parity
2021-02-22,0.0009573377427290788,0.0,0.0009573377427290788,1.0317124690583508,-0.005388068301290683,Base equity risk parity
2021-02-23,-0.0003869160558621844,0.0,-0.0003869160558621844,1.031313282939039,-0.005772899627016881,Base equity risk parity
2021-02-24,0.010870043310503417,0.0,0.010870043310503417,1.0425237029912837,0.0,Base equity risk parity
2021-02-25,-0.016775178019238196,0.0,-0.016775178019238196,1.0250351822843295,-0.016775178019238224,Base equity risk parity
2021-02-26,-0.013643512928094143,0.0,-0.013643512928094143,1.011050101523082,-0.030189818589155815,Base equity risk parity
2021-03-01,0.018045574486907547,2.156938599609088e-05,0.018024005100911455,1.029273273710211,-0.01270995493249083,Base equity risk parity
2021-03-02,-0.0016409689517775407,0.0,-0.0016409689517775407,1.0275842682251581,-0.01433006724284569,Base equity risk parity
2021-03-03,-0.00957992265554053,0.0,-0.00957992265554053,1.017740090413511,-0.023772708962551015,Base equity risk parity
2021-03-04,-0.00799488734205684,0.0,-0.00799488734205684,1.00960337304716,-0.03157753617463688,Base equity risk parity
2021-03-05,0.017280287766810457,0.0,0.017280287766810457,1.0270496098637576,-0.014842917319890847,Base equity risk parity
2021-03-08,0.0009064751850923873,0.0,0.0009064751850923873,1.027980604848958,-0.013949896871023326,Base equity risk parity
2021-03-09,0.007365661658986038,0.0,0.007365661658986038,1.0355523621762752,-0.006686985432566961,Base equity risk parity
2021-03-10,0.00853599465711824,0.0,0.00853599465711824,1.044391831606978,0.0,Base equity risk parity
2021-03-11,0.00423240625112263,0.0,0.00423240625112263,1.0488121221236928,0.0,Base equity risk parity
2021-03-12,0.006416227012077327,0.0,0.006416227012077327,1.0555415387922569,0.0,Base equity risk parity
2021-03-15,0.007478935056969203,0.0,0.007478935056969203,1.0634358654108176,0.0,Base equity risk parity
2021-03-16,0.002019611515691556,0.0,0.002019611515691556,1.0655835927308008,0.0,Base equity risk parity
2021-03-17,0.00025607385160090145,0.0,0.00025607385160090145,1.065856460825594,0.0,Base equity risk parity
2021-03-18,-0.011489739575837935,0.0,-0.011489739575837935,1.0536100476654835,-0.011489739575838098,Base equity risk parity
2021-03-19,-0.0042126850654014445,0.0,-0.0042126850654014445,1.0491715203529262,-0.015654021986923117,Base equity risk parity
2021-03-22,0.006642404584117955,0.0,0.006642404584117955,1.0561405420692445,-0.00911559775021098,Base equity risk parity
2021-03-23,-0.005990169104054343,0.0,-0.005990169104054343,1.049814081624602,-0.015051162882257052,Base equity risk parity
2021-03-24,-0.004314163166239093,0.0,-0.004314163166239093,1.045285012382258,-0.01930039287598051,Base equity risk parity
2021-03-25,0.006077619727234168,0.0,0.006077619727234168,1.0516378571940945,-0.013340073597232771,Base equity risk parity
2021-03-26,0.019403650771191272,0.0,0.019403650771191272,1.0720434709128526,0.0,Base equity risk parity
2021-03-29,0.0034672903289658047,0.0,0.0034672903289658047,1.0757605568717796,0.0,Base equity risk parity
2021-03-30,-0.005207621901909534,0.0,-0.005207621901909534,1.0701584026346038,-0.005207621901909487,Base equity risk parity
2021-03-31,-0.0005415404525271566,0.0,-0.0005415404525271566,1.0695788685689653,-0.0057463422165152656,Base equity risk parity
2021-04-01,0.011151012354543615,2.9254298293921947e-05,0.011121758056249693,1.0814744659672666,0.0,Base equity risk parity
2021-04-05,0.008099208314986294,0.0,0.008099208314986294,1.090233552954474,0.0,Base equity risk parity
2021-04-06,0.0005107841023940622,0.0,0.0005107841023940622,1.0907904269212199,0.0,Base equity risk parity
2021-04-07,-0.0012289421617398277,0.0,-0.0012289421617398277,1.0894499085759541,-0.0012289421617398544,Base equity risk parity
2021-04-08,-0.001021096115006833,0.0,-0.001021096115006833,1.0883374755068127,-0.002248783408679733,Base equity risk parity
2021-04-09,0.002691374845633728,0.0,0.002691374845633728,1.0912665996119522,0.0,Base equity risk parity
2021-04-12,5.922773921035094e-05,0.0,5.922773921035094e-05,1.091331232865523,0.0,Base equity risk parity
2021-04-13,0.0029282458821619757,0.0,0.0029282458821619757,1.0945269190542362,0.0,Base equity risk parity
2021-04-14,9.669185870327286e-05,0.0,9.669185870327286e-05,1.0946327508964404,0.0,Base equity risk parity
2021-04-15,0.01132249167083379,0.0,0.01132249167083379,1.1070267211010874,0.0,Base equity risk parity
2021-04-16,0.0032209998477782777,0.0,0.0032209998477782777,1.1105924540012406,0.0,Base equity risk parity
2021-04-19,-0.0037966484342346696,0.0,-0.0037966484342346696,1.106375924899684,-0.003796648434234551,Base equity risk parity
2021-04-20,-0.0038303306743122482,0.0,-0.0038303306743122482,1.1021381392572203,-0.007612436689589552,Base equity risk parity
2021-04-21,0.008045789759740261,0.0,0.008045789759740261,1.1110057110118754,0.0,Base equity risk parity
2021-04-22,-0.007697259037959455,0.0,-0.007697259037959455,1.1024540122615647,-0.007697259037959481,Base equity risk parity
2021-04-23,0.0068452880023630504,0.0,0.0068452880023630504,1.1100006274848557,-0.000904660990540096,Base equity risk parity
2021-04-26,-0.001015316870778326,0.0,-0.001015316870778326,1.108873625121196,-0.0019190593437522496,Base equity risk parity
2021-04-27,-0.00028021614800356336,0.0,-0.00028021614800356336,1.1085629008253417,-0.002198737740338741,Base equity risk parity
2021-04-28,-0.0014634521754601118,0.0,-0.0014634521754601118,1.1069405720364944,-0.003658972168269492,Base equity risk parity
2021-04-29,0.008168800812057134,0.0,0.008168800812057134,1.115982949080245,0.0,Base equity risk parity
2021-04-30,-0.00471068210933137,0.0,-0.00471068210933137,1.110725908167694,-0.004710682109331343,Base equity risk parity
2021-05-03,0.006391297674053088,2.2310222546137902e-05,0.00636898745150695,1.1178001075388775,0.0,Base equity risk parity
2021-05-04,-0.0035406145033294706,0.0,-0.0035406145033294706,1.113842408266302,-0.003540614503329431,Base equity risk parity
2021-05-05,0.00343507402039961,0.0,0.00343507402039961,1.117668539385757,-0.00011770275582645429,Base equity risk parity
2021-05-06,0.008076559707598853,0.0,0.008076559707598853,1.126695456077411,0.0,Base equity risk parity
2021-05-07,0.007657783329035068,0.0,0.007657783329035068,1.13532344575786,0.0,Base equity risk parity
2021-05-10,-0.0019818565822696324,0.0,-0.0019818565822696324,1.1330733975138798,-0.00198185658226957,Base equity risk parity
2021-05-11,-0.00747209096917271,0.0,-0.00747209096917271,1.1246069700129067,-0.009439138938771574,Base equity risk parity
2021-05-12,-0.016276629542562343,0.0,-0.016276629542562343,1.1063021589810231,-0.025562131113626707,Base equity risk parity
2021-05-13,0.010341907546174842,0.0,0.010341907546174842,1.1177434336273384,-0.015484584764112297,Base equity risk parity
2021-05-14,0.010701739057113361,0.0,0.010701739057113361,1.1297052321868202,-0.004948557692552091,Base equity risk parity
2021-05-17,0.0016833273877288617,0.0,0.0016833273877288617,1.1316068959442207,-0.003273560347517024,Base equity risk parity
2021-05-18,-0.006416863956237848,0.0,-0.006416863956237848,1.124345528441006,-0.009669418312352351,Base equity risk parity
2021-05-19,-0.003415111390868155,0.0,-0.003415111390868155,1.1205057632195554,-0.013051507562598985,Base equity risk parity
2021-05-20,0.009519578799257453,0.0,0.009519578799257453,1.1311725061275462,-0.003656173618032721,Base equity risk parity
2021-05-21,0.0006725210344135559,0.0,0.0006725210344135559,1.1319332434314673,-0.002986111437282668,Base equity risk parity
2021-05-24,0.004455232822566393,0.0,0.004455232822566393,1.1369762695705572,0.0,Base equity risk parity
2021-05-25,-0.005140668317458579,0.0,-0.005140668317458579,1.1311314516838735,-0.00514066831745863,Base equity risk parity
2021-05-26,0.002506970045241362,0.0,0.002506970045241362,1.1339671643504754,-0.002646585773701693,Base equity risk parity
2021-05-27,-5.597361579819983e-05,0.0,-5.597361579819983e-05,1.1339036921080903,-0.0027024112505245057,Base equity risk parity
2021-05-28,0.0031537793157690713,0.0,0.0031537793157690713,1.137479774118335,0.0,Base equity risk parity
2021-06-01,0.0008822003365011765,1.8560535253603323e-05,0.0008636398012475732,1.1384621469243776,0.0,Base equity risk parity
2021-06-02,0.0030697525563504824,0.0,0.0030697525563504824,1.141956944010207,0.0,Base equity risk parity
2021-06-03,0.0019266903734833389,0.0,0.0019266903734833389,1.144157141461164,0.0,Base equity risk parity
2021-06-04,0.006728101081140355,0.0,0.006728101081140355,1.1518551463616233,0.0,Base equity risk parity
2021-06-07,-0.0015083642031917667,0.0,-0.0015083642031917667,1.1501177292915892,-0.001508364203191781,Base equity risk parity
2021-06-08,-0.003818581911882482,0.0,-0.003818581911882482,1.145725910533981,-0.00532118630281142,Base equity risk parity
2021-06-09,-0.0002709732197262438,0.0,-0.0002709732197262438,1.14541544949508,-0.005590717623552344,Base equity risk parity
2021-06-10,0.0054969346496805405,0.0,0.0054969346496805405,1.1517117233676888,-0.0001245147832933391,Base equity risk parity
2021-06-11,-0.00040536980019724585,0.0,-0.00040536980019724585,1.1512448542165024,-0.000529834108957794,Base equity risk parity
2021-06-14,-5.956355767722905e-05,0.0,-5.956355767722905e-05,1.1511762819772275,-0.0005893661078305579,Base equity risk parity
2021-06-15,-0.003184928188332015,0.0,-0.003184928188332015,1.147509868187019,-0.003772417207432488,Base equity risk parity
2021-06-16,-0.00925152241557372,0.0,-0.00925152241557372,1.1368936549193949,-0.012989039020650739,Base equity risk parity
2021-06-17,-0.004346926145135687,0.0,-0.004346926145135687,1.1319516621665868,-0.01727950277246737,Base equity risk parity
2021-06-18,-0.013900950994483845,0.0,-0.013900950994483845,1.1162164575826845,-0.030940252245702182,Base equity risk parity
2021-06-21,0.014305556576294681,0.0,0.014305556576294681,1.1321845552680248,-0.01707731319839334,Base equity risk parity
2021-06-22,0.0006246990605234834,0.0,0.0006246990605234834,1.1328918298960398,-0.01646328231938121,Base equity risk parity
2021-06-23,-0.004953780146300794,0.0,-0.004953780146300794,1.1272797328411943,-0.021335506984585417,Base equity risk parity
2021-06-24,0.006321944822477398,0.0,0.006321944822477398,1.1344063331117133,-0.015148444060024135,Base equity risk parity
2021-06-25,0.008172528351541322,0.0,0.008172528351541322,1.1436773010312369,-0.00709971679704513,Base equity risk parity
2021-06-28,0.0010722141779438668,0.0,0.0010722141779438668,1.144903568048395,-0.006035115036110539,Base equity risk parity
2021-06-29,-0.0009049918295182197,0.0,-0.0009049918295182197,1.143867439673725,-0.006934645135830864,Base equity risk parity
2021-06-30,0.003494999392457951,0.0,0.003494999392457951,1.1478652556804372,-0.003463882323909484,Base equity risk parity
2021-07-01,0.00552602411606189,2.247140861357329e-05,0.005503552707448317,1.154182592616123,0.0,Base equity risk parity
2021-07-02,0.004415481114754047,0.0,0.004415481114754047,1.1592788640567975,0.0,Base equity risk parity
2021-07-06,-0.005126910705699107,0.0,-0.005126910705699107,1.153335344837774,-0.00512691070569915,Base equity risk parity
2021-07-07,0.001633728863824902,0.0,0.001633728863824902,1.1552195820803048,-0.0035015578238764,Base equity risk parity
2021-07-08,-0.006400728197331871,0.0,-0.006400728197331871,1.1478253355271735,-0.009879873501310477,Base equity risk parity
2021-07-09,0.009742391642670567,0.0,0.009742391642670567,1.159007899483259,-0.0002337354556695148,Base equity risk parity
2021-07-12,0.0039456627340762945,0.0,0.0039456627340762945,1.1635809537607504,0.0,Base equity risk parity
2021-07-13,-0.003803040835797864,0.0,-0.003803040835797864,1.1591558078778417,-0.003803040835797855,Base equity risk parity
2021-07-14,0.0012642768818794542,0.0,0.0012642768818794542,1.1606213017682379,-0.00254357205052802,Base equity risk parity
2021-07-15,0.00048537150530137324,0.0,0.00048537150530137324,1.1611846342765622,-0.0020594351226215224,Base equity risk parity
2021-07-16,-0.005238104109721241,0.0,-0.005238104109721241,1.155102228271613,-0.007286751696763183,Base equity risk parity
2021-07-19,-0.014656079754518037,0.0,-0.014656079754518037,1.1381729578894428,-0.021836036237261935,Base equity risk parity
2021-07-20,0.008770102283380774,0.0,0.008770102283380774,1.1481548511463113,-0.013257438225145579,Base equity risk parity
2021-07-21,0.004989985983641474,0.0,0.004989985983641474,1.1538841277605814,-0.008333606672426552,Base equity risk parity
2021-07-22,-0.0007340336404210543,0.0,-0.0007340336404210543,1.1530371379936573,-0.009061523165204033,Base equity risk parity
2021-07-23,0.007172514159896995,0.0,0.007172514159896995,1.161307313192804,-0.0019540029085195476,Base equity risk parity
2021-07-26,0.0031076855587520704,0.0,0.0031076855587520704,1.1649162911592863,0.0,Base equity risk parity
2021-07-27,-0.00030226051132061535,0.0,-0.00030226051132061535,1.1645641829654747,-0.0003022605113206511,Base equity risk parity
2021-07-28,0.0006281261508635272,0.0,0.0006281261508635272,1.1652956761831543,0.0,Base equity risk parity
2021-07-29,0.004362022495311606,0.0,0.004362022495311606,1.1703787221363546,0.0,Base equity risk parity
2021-07-30,-0.004192578379485492,0.0,-0.004192578379485492,1.165471817610116,-0.00419257837948539,Base equity risk parity
2021-08-02,-0.0016521061851303546,9.771025466887762e-06,-0.0016618772105972423,1.1635349465568363,-0.005847488039620208,Base equity risk parity
2021-08-03,0.004856159963544795,0.0,0.004856159963544795,1.169185258380491,-0.0010197244133807182,Base equity risk parity
2021-08-04,-0.007094705545922796,0.0,-0.007094705545922796,1.1608902332436477,-0.008107195314852489,Base equity risk parity
2021-08-05,0.004370159001102885,0.0,0.004370159001102885,1.16596350814575,-0.0037724660463284154,Base equity risk parity
2021-08-06,0.001342852113851691,0.0,0.001342852113851691,1.1675292247073374,-0.002434679796481487,Base equity risk parity
2021-08-09,-0.0016142048878316384,0.0,-0.0016142048878316384,1.1656445933261286,-0.0040449546122853786,Base equity risk parity
2021-08-10,0.004336722572822933,0.0,0.004336722572822933,1.1706996705458952,0.0,Base equity risk parity
2021-08-11,0.007404128998751143,0.0,0.007404128998751143,1.1793676819254126,0.0,Base equity risk parity
2021-08-12,0.0024900158637808853,0.0,0.0024900158637808853,1.1823043261626374,0.0,Base equity risk parity
2021-08-13,0.0026040686000341428,0.0,0.0026040686000341428,1.185383127734082,0.0,Base equity risk parity
2021-08-16,0.0017255869353941392,0.0,0.0017255869353941392,1.1874286093727364,0.0,Base equity risk parity
2021-08-17,-0.0025423235554323876,0.0,-0.0025423235554323876,1.1844097816487338,-0.0025423235554323798,Base equity risk parity
2021-08-18,-0.0119890595718356,0.0,-0.0119890595718356,1.1702098222190822,-0.014500903058711101,Base equity risk parity
2021-08-19,-0.0013378608138541579,0.0,-0.0013378608138541579,1.1686442443539482,-0.015819363682597398,Base equity risk parity
2021-08-20,0.005594952258206752,0.0,0.005594952258206752,1.1751827531079369,-0.010312920008949789,Base equity risk parity
2021-08-23,0.005314879026141589,0.0,0.005314879026141589,1.1814287072743137,-0.005052852905061966,Base equity risk parity
2021-08-24,-0.0008289411329992461,0.0,-0.0008289411329992461,1.180449372423148,-0.005877605520449136,Base equity risk parity
2021-08-25,-0.000902307962228718,0.0,-0.000902307962228718,1.1793842435554027,-0.006774610072417864,Base equity risk parity
2021-08-26,-0.005813502086658303,0.0,-0.005813502086658303,1.1725278907945214,-0.012548727949283967,Base equity risk parity
2021-08-27,0.007840424023706738,0.0,0.007840424023706738,1.1817210066379729,-0.004806691273657848,Base equity risk parity
2021-08-30,0.001254552815884207,0.0,0.001254552815884207,1.1832035380544401,-0.003558168705846021,Base equity risk parity
2021-08-31,0.0006247138693122251,0.0,0.0006247138693122251,1.183942701714882,-0.0029356776738737045,Base equity risk parity
2021-09-01,0.00023634042800952315,9.493008592787987e-06,0.00022684741941673517,1.1842112760615033,-0.002709496205361428,Base equity risk parity
2021-09-02,0.00575682317214616,0.0,0.00575682317214616,1.191028570976251,0.0,Base equity risk parity
2021-09-03,-0.0026037558042393684,0.0,-0.0026037558042393684,1.1879274234215567,-0.002603755804239327,Base equity risk parity
2021-09-07,-0.011255900448131587,0.0,-0.011255900448131587,1.1745562306039181,-0.013830348636247214,Base equity risk parity
2021-09-08,0.0010114561993592379,0.0,0.0010114561993592379,1.1757442427848586,-0.012832881228755255,Base equity risk parity
2021-09-09,-0.008002077421422641,0.0,-0.008002077421422641,1.166335846326302,-0.02073226894104563,Base equity risk parity
2021-09-10,-0.004508243191017823,0.0,-0.004508243191017823,1.1610777206886616,-0.025147046021775532,Base equity risk parity
2021-09-13,0.002540191337011336,0.0,0.002540191337011336,1.1640270802563517,-0.0226707329932202,Base equity risk parity
2021-09-14,-0.00794591643508492,0.0,-0.00794591643508492,1.154777818348459,-0.03043650967841882,Base equity risk parity
2021-09-15,0.0055597968301662375,0.0,0.0055597968301662375,1.161198148402459,-0.025045933658284003,Base equity risk parity
2021-09-16,-0.004775422632365015,0.0,-0.004775422632365015,1.1556529364839176,-0.02970175137220843,Base equity risk parity
2021-09-17,-0.010958723606096878,0.0,-0.010958723606096878,1.1429884553684162,-0.040334981694400196,Base equity risk parity
2021-09-20,-0.013964732081900747,0.0,-0.013964732081900747,1.1270269278164906,-0.05373644656341037,Base equity risk parity
2021-09-21,-0.0022789189828705293,0.0,-0.0022789189828705293,1.1244585247564833,-0.05589290453813556,Base equity risk parity
2021-09-22,0.005412286364033084,0.0,0.005412286364033084,1.1305444162969436,-0.05078312657918049,Base equity risk parity
2021-09-23,0.007706564631255952,0.0,0.007706564631255952,1.1392570299096416,-0.04346792539508415,Base equity risk parity
2021-09-24,-0.0032078126217477353,0.0,-0.0032078126217477353,1.1356025068296827,-0.046536301057108265,Base equity risk parity
2021-09-27,-0.0010516789544787906,0.0,-0.0010516789544787906,1.1344082175725965,-0.047539038763146024,Base equity risk parity
2021-09-28,-0.010217939535812643,0.0,-0.010217939535812643,1.1228169029965107,-0.05727122727528622,Base equity risk parity
2021-09-29,0.005602613156806928,0.0,0.005602613156806928,1.1291076117499241,-0.05198948264991832,Base equity risk parity
2021-09-30,-0.009557454877002903,0.0,-0.009557454877002903,1.1183162166993437,-0.061050050392415955,Base equity risk parity
2021-10-01,0.010320539746818647,1.5521120547564494e-05,0.010305018626271083,1.1298404861424913,-0.051374153672573586,Base equity risk parity
2021-10-04,-0.0018965324922046115,0.0,-0.0018965324922046115,1.127697706949514,-0.053173253413078436,Base equity risk parity
2021-10-05,0.003976416273341882,0.0,0.003976416273341882,1.1321819024628383,-0.04940827612991494,Base equity risk parity
2021-10-06,0.002785325620766401,0.0,0.002785325620766401,1.1353353977231362,-0.046760568646531,Base equity risk parity
2021-10-07,0.0070890164674503155,0.0,0.0070890164674503155,1.1433838090536748,-0.04000303862024335,Base equity risk parity
2021-10-08,-0.0026141294655720065,0.0,-0.0026141294655720065,1.1403948557479695,-0.04251259496384574,Base equity risk parity
2021-10-11,-0.008698724749544352,0.0,-0.008698724749544352,1.1304748747920215,-0.05084151435141093,Base equity risk parity
2021-10-12,0.000441810881905817,0.0,0.000441810881905817,1.1309743308934257,-0.0504221658037981,Base equity risk parity
2021-10-13,0.003788249321486169,0.0,0.003788249321486169,1.135258743635051,-0.04682492821770601,Base equity risk parity
2021-10-14,0.01239359006614791,0.0,0.01239359006614791,1.149328675122674,-0.03501166711676518,Base equity risk parity
2021-10-15,0.00260822247316562,0.0,0.00260822247316562,1.1523263800021826,-0.03249476286059649,Base equity risk parity
2021-10-18,-0.0009047352374602557,0.0,-0.0009047352374602557,1.1512838297211396,-0.0333700989410638,Base equity risk parity
2021-10-19,0.010554262346432194,0.0,0.010554262346432194,1.1634347812952215,-0.023168033373382135,Base equity risk parity
2021-10-20,0.009809859129068444,0.0,0.009809859129068444,1.1748479126055862,-0.0135854493880041,Base equity risk parity
2021-10-21,0.003375294755350411,0.0,0.003375294755350411,1.1788133706033384,-0.010256009528721965,Base equity risk parity
2021-10-22,0.001690772360140709,0.0,0.001690772360140709,1.1808064756681187,-0.008582577746017894,Base equity risk parity
2021-10-25,0.004705290290093734,0.0,0.004705290290093734,1.1863625129125597,-0.003917670975656429,Base equity risk parity
2021-10-26,0.005000445125560887,0.0,0.005000445125560887,1.1922948535574016,0.0,Base equity risk parity
2021-10-27,-0.013234423554505069,0.0,-0.013234423554505069,1.1765155184635663,-0.013234423554505104,Base equity risk parity
2021-10-28,0.008746281707179148,0.0,0.008746281707179148,1.1868056546209165,-0.004603893843965867,Base equity risk parity
2021-10-29,-0.00273265095044184,0.0,-0.00273265095044184,1.183562529020827,-0.007323963959519286,Base equity risk parity
2021-11-01,0.005561906439042536,1.70360731915835e-05,0.005544870365850952,1.190125229814126,-0.0018197040243880247,Base equity risk parity
2021-11-02,0.004871664860552807,0.0,0.004871664860552807,1.195923121075869,0.0,Base equity risk parity
2021-11-03,0.004719215178924956,0.0,0.004719215178924956,1.2015669396216777,0.0,Base equity risk parity
2021-11-04,0.003925145146499725,0.0,0.003925145146499725,1.2062832642629282,0.0,Base equity risk parity
2021-11-05,0.00018195331282141775,0.0,0.00018195331282141775,1.2065027514990618,0.0,Base equity risk parity
2021-11-08,0.0019052959022376782,0.0,0.0019052959022376782,1.2088014962475315,0.0,Base equity risk parity
2021-11-09,0.00031652459928821003,0.0,0.00031652459928821003,1.2091841116567503,0.0,Base equity risk parity
2021-11-10,-0.004120579031711884,0.0,-0.004120579031711884,1.2042015729607782,-0.004120579031712035,Base equity risk parity
2021-11-11,0.0007995075207319902,0.0,0.0007995075207319902,1.2051643411748376,-0.003324365944905705,Base equity risk parity
2021-11-12,0.0023363880330043905,0.0,0.0023363880330043905,1.207980072719362,-0.0009957449207124158,Base equity risk parity
2021-11-15,-0.0016567497621653123,0.0,-0.0016567497621653123,1.2059787520211835,-0.002650844982717282,Base equity risk parity
2021-11-16,-0.0006335162424227798,0.0,-0.0006335162424227798,1.2052147448937613,-0.003282681871787374,Base equity risk parity
2021-11-17,-0.004474397835414555,0.0,-0.004474397835414555,1.199822134647999,-0.007742391682540539,Base equity risk parity
2021-11-18,-0.0015186639879720292,0.0,-0.0015186639879720292,1.1980000079801372,-0.00924929757908366,Base equity risk parity
2021-11-19,-0.005596175902998761,0.0,-0.005596175902998761,1.1912957892036864,-0.014793712785850621,Base equity risk parity
2021-11-22,-0.000454961479370913,0.0,-0.000454961479370913,1.190753795509062,-0.015241943695767146,Base equity risk parity
2021-11-23,0.0058566238109161554,0.0,0.0058566238109161554,1.197727592540779,-0.009474586215224234,Base equity risk parity
2021-11-24,0.0017127088683698047,0.0,0.0017127088683698047,1.199778951210415,-0.007778104554689413,Base equity risk parity
2021-11-26,-0.018444905928150554,0.0,-0.018444905928150554,1.1776491413207637,-0.026079544076029304,Base equity risk parity
2021-11-29,0.007647100668004493,0.0,0.007647100668004493,1.1866547428560328,-0.018631876306949846,Base equity risk parity
2021-11-30,-0.022307358714063367,0.0,-0.022307358714063367,1.1601836098373985,-0.04052360707271807,Base equity risk parity
2021-12-01,-0.011897761203807686,2.433599214511862e-05,-0.011922097195952804,1.1463517880757657,-0.05196257788641934,Base equity risk parity
2021-12-02,0.0195013356900218,0.0,0.0195013356900218,1.1687071791138879,-0.033474581871079545,Base equity risk parity
2021-12-03,0.0016702907318074758,0.0,0.0016702907318074758,1.1706592598833587,-0.031860203423122346,Base equity risk parity
2021-12-06,0.01319055305286444,0.0,0.01319055305286444,1.1861009029576772,-0.019089904073785635,Base equity risk parity
2021-12-07,0.011635571005906634,0.0,0.011635571005906634,1.1999018642342112,-0.0076764550022255795,Base equity risk parity
2021-12-08,3.6914162251617936e-05,0.0,3.6914162251617936e-05,1.1999461576063135,-0.007639824209879409,Base equity risk parity
2021-12-09,-0.005673982378723885,0.0,-0.005673982378723885,1.193137684252638,-0.013270458360659765,Base equity risk parity
2021-12-10,0.0059642377151637605,0.0,0.0059642377151637605,1.200253841028441,-0.007385368813748072,Base equity risk parity
2021-12-13,-0.0009060101148826774,0.0,-0.0009060101148826774,1.1991663989080423,-0.008284687709783412,Base equity risk parity
2021-12-14,-0.0025336778794248374,0.0,-0.0025336778794248374,1.1961280975293795,-0.010797374859219944,Base equity risk parity
2021-12-15,0.00998443517253895,0.0,0.00998443517253895,1.2080707609772139,-0.0009207453759965123,Base equity risk parity
2021-12-16,0.006386128926996037,0.0,0.006386128926996037,1.2157856566097485,0.0,Base equity risk parity
2021-12-17,-0.011403918775672537,0.0,-0.011403918775672537,1.2019209357331433,-0.011403918775672484,Base equity risk parity
2021-12-20,-0.004762288409111025,0.0,-0.004762288409111025,1.1961970415922336,-0.016111898434579497,Base equity risk parity
2021-12-21,0.009375015324248432,0.0,0.009375015324248432,1.2074114071879816,-0.006887932405057917,Base equity risk parity
2021-12-22,0.005921988305753627,0.0,0.005921988305753627,1.2145616834215822,-0.001006734354457972,Base equity risk parity
2021-12-23,0.0038897116870771466,0.0,0.0038897116870771466,1.219285978196263,0.0,Base equity risk parity
2021-12-27,0.01175382017459793,0.0,0.01175382017459793,1.2336172463253907,0.0,Base equity risk parity
2021-12-28,0.00276178821878738,0.0,0.00276178821878738,1.237024235902785,0.0,Base equity risk parity
2021-12-29,0.0014973303819408022,0.0,0.0014973303819408022,1.2388764698743993,0.0,Base equity risk parity
2021-12-30,-0.0004606620091566741,0.0,-0.0004606620091566741,1.23830576655069,-0.0004606620091566205,Base equity risk parity
2021-12-31,-0.0010062721275983647,0.0,-0.0010062721275983647,1.2370596939723657,-0.0014664705854149362,Base equity risk parity
2022-01-03,0.003756950964103249,1.3523803378644923e-05,0.003743427160724604,1.2416905368302196,0.0,Base equity risk parity
2022-01-04,0.004590601691689193,0.0,0.004590601691689193,1.2473906435091469,0.0,Base equity risk parity
2022-01-05,-0.008686329757385343,0.0,-0.008686329757385343,1.2365553970433494,-0.008686329757385258,Base equity risk parity
2022-01-06,-0.0010785962581876729,0.0,-0.0010785962581876729,1.2352216530190567,-0.009755556972799173,Base equity risk parity
2022-01-07,0.002188779001524574,0.0,0.002188779001524574,1.2379252802354133,-0.007588130729524911,Base equity risk parity
2022-01-10,-0.005612517882002856,0.0,-0.005612517882002856,1.2309774024635085,-0.013158060092117396,Base equity risk parity
2022-01-11,0.006865681265133545,0.0,0.006865681265133545,1.239428900953405,-0.006382717873643862,Base equity risk parity
2022-01-12,0.0025379043709030345,0.0,0.0025379043709030345,1.2425744529785583,-0.0038610122303304184,Base equity risk parity
2022-01-13,-0.004060499773528634,0.0,-0.004060499773528634,1.2375289796936464,-0.007905834364572262,Base equity risk parity
2022-01-14,0.0002979757097106981,0.0,0.0002979757097106981,1.2378977332696584,-0.00761021440146703,Base equity risk parity
2022-01-18,-0.009335638165701318,0.0,-0.009335638165701318,1.226341167945711,-0.01687480635915284,Base equity risk parity
2022-01-19,-0.004437198704802793,0.0,-0.004437198704802793,1.220899648503656,-0.02123712819503487,Base equity risk parity
2022-01-20,-0.010610410882259202,0.0,-0.010610410882259202,1.2079454015870263,-0.031622204421185574,Base equity risk parity
2022-01-21,-0.00967791499771545,0.0,-0.00967791499771545,1.196255008668586,-0.04099408241247238,Base equity risk parity
2022-01-24,0.00031336561667445685,0.0,0.00031336561667445685,1.1966298738570773,-0.04069356293171311,Base equity risk parity
2022-01-25,-0.003801484300121477,0.0,-0.003801484300121477,1.1920809041785532,-0.044340351291233704,Base equity risk parity
2022-01-26,-0.01075213797224393,0.0,-0.01075213797224393,1.179263485822748,-0.05461573568865663,Base equity risk parity
2022-01-27,-0.002017582548352071,0.0,-0.002017582548352071,1.176884224393843,-0.0565231264818179,Base equity risk parity
2022-01-28,0.01669212702871331,0.0,0.01669212702871331,1.1965289253655138,-0.040774490660399176,Base equity risk parity
2022-01-31,0.011625612200024515,0.0,0.011625612200024515,1.2104393066379253,-0.029622906876445976,Base equity risk parity
2022-02-01,0.006230577010044378,1.8062464095050148e-05,0.006212514545949328,1.2179591784374022,-0.023594425070359915,Base equity risk parity
2022-02-02,0.010167020215468883,0.0,0.010167020215468883,1.2303421940261912,-0.013667289851553743,Base equity risk parity
2022-02-03,-0.008486130644114069,0.0,-0.008486130644114069,1.219901349430719,-0.02203743808843661,Base equity risk parity
2022-02-04,-0.0027901091492049173,0.0,-0.0027901091492049173,1.216497691514545,-0.02476606038000595,Base equity risk parity
2022-02-07,0.0012254895776725168,0.0,0.0012254895776725168,1.2179884967567585,-0.023570921351209195,Base equity risk parity
2022-02-08,0.0033399806245643163,0.0,0.0033399806245643163,1.2220565547368685,-0.0203096671472609,Base equity risk parity
2022-02-09,0.010354587426409705,0.0,0.010354587426409705,1.2347104461729084,-0.010165377944928888,Base equity risk parity
2022-02-10,-0.017943517158549492,0.0,-0.017943517158549492,1.2125553980961645,-0.02792649246990031,Base equity risk parity
2022-02-11,-0.008712431087045785,0.0,-0.008712431087045785,1.2019910927510262,-0.03639561591579932,Base equity risk parity
2022-02-14,-0.006145776031259816,0.0,-0.006145776031259816,1.1946039247034093,-0.042317712643120786,Base equity risk parity
2022-02-15,0.007747141798579549,0.0,0.007747141798579549,1.203858690701226,-0.03489841216497913,Base equity risk parity
2022-02-16,-0.0007673651403611328,0.0,-0.0007673651403611328,1.202934891508061,-0.03563899748039101,Base equity risk parity
2022-02-17,-0.012502233818785,0.0,-0.012502233818785,1.1878955182256525,-0.047695664219609024,Base equity risk parity
2022-02-18,-0.007210071249099728,0.0,-0.007210071249099728,1.1793307069027592,-0.05456184633141237,Base equity risk parity
2022-02-22,-0.005502765473641881,0.0,-0.005502765473641881,1.172841126606809,-0.05976437076088359,Base equity risk parity
2022-02-23,-0.009995475812922795,0.0,-0.009995475812922795,1.1611180214934096,-0.06916247325139135,Base equity risk parity
2022-02-24,0.004628249204620315,0.0,0.004628249204620315,1.166491965052857,-0.06485432520858625,Base equity risk parity
2022-02-25,0.025667713293602956,0.0,0.025667713293602956,1.196433146371125,-0.04085127414028744,Base equity risk parity
2022-02-28,-0.004092370708828648,0.0,-0.004092370708828648,1.1915368984078443,-0.04477646629140608,Base equity risk parity
2022-03-01,-0.00998470738671016,1.7019674941701992e-05,-0.010001727061651861,1.179619471566082,-0.0543303513584259,Base equity risk parity
2022-03-02,0.017076468124807766,0.0,0.017076468124807766,1.1997632058716825,-0.03818165374680005,Base equity risk parity
2022-03-03,0.0026744374096138944,0.0,0.0026744374096138944,1.2029718974721442,-0.035609330780327464,Base equity risk parity
2022-03-04,0.004503016641092347,0.0,0.004503016641092347,1.2083888999452277,-0.031266663548317086,Base equity risk parity
2022-03-07,-0.012636510016866033,0.0,-0.012636510016866033,1.1931190815068,-0.04350807205806084,Base equity risk parity
2022-03-08,-0.007983989152949976,0.0,-0.007983989152949976,1.183593231701872,-0.05114469323563353,Base equity risk parity
2022-03-09,0.010488890270840632,0.0,0.010488890270840632,1.1960078112345027,-0.0411922540400772,Base equity risk parity
2022-03-10,0.00021435098977951966,0.0,0.00021435098977951966,1.196264176692625,-0.04098673265072228,Base equity risk parity
2022-03-11,-0.007345801391112109,0.0,-0.007345801391112109,1.1874766576393387,-0.048031453644111544,Base equity risk parity
2022-03-14,-0.00785162305434848,0.0,-0.00785162305434848,1.178153038537717,-0.05550595182969409,Base equity risk parity
2022-03-15,0.008478255917099314,0.0,0.008478255917099314,1.188141721507948,-0.047498289577129094,Base equity risk parity
2022-03-16,0.011666255516755925,0.0,0.011666255516755925,1.202002886421178,-0.03638616124318883,Base equity risk parity
2022-03-17,0.013674345066157525,0.0,0.013674345066157525,1.2184394886606187,-0.023209373101503394,Base equity risk parity
2022-03-18,0.0032501374976228944,0.0,0.0032501374976228944,1.222399584531299,-0.020034669257694038,Base equity risk parity
2022-03-21,0.0029948749199889,0.0,0.0029948749199889,1.2260605183892166,-0.01709979566619524,Base equity risk parity
2022-03-22,0.0047764954521747685,0.0,0.0047764954521747685,1.2319167908793938,-0.01240497731025314,Base equity risk parity
2022-03-23,-0.008536737188924715,0.0,-0.008536737188924715,1.2214002409970328,-0.020835816468045776,Base equity risk parity
2022-03-24,0.008761994722554843,0.0,0.008761994722554843,1.232102143462776,-0.012256385059424169,Base equity risk parity
2022-03-25,0.009418022157437093,0.0,0.009418022157437093,1.2437061087501342,-0.002953793808046612,Base equity risk parity
2022-03-28,0.002479150142743172,0.0,0.002479150142743172,1.2467894429271729,-0.0004819665636441872,Base equity risk parity
2022-03-29,0.012062512035990566,0.0,0.012062512035990566,1.2618288555888277,0.0,Base equity risk parity
2022-03-30,-0.001805306596933214,0.0,-0.001805306596933214,1.2595508676316325,-0.0018053065969332316,Base equity risk parity
2022-03-31,-0.012134404186421349,0.0,-0.012134404186421349,1.2442669683104326,-0.013917804463426942,Base equity risk parity
2022-04-01,0.008412636755599126,1.173485176877265e-05,0.008400901903830353,1.2547199330533847,-0.00563382466961071,Base equity risk parity
2022-04-04,0.0012041748286173712,0.0,0.0012041748286173712,1.256230835213732,-0.004436433950849472,Base equity risk parity
2022-04-05,-0.006946058939255118,0.0,-0.006946058939255118,1.2475049817910275,-0.011351677158402018,Base equity risk parity
2022-04-06,0.004200512987338365,0.0,0.004200512987338365,1.25274514266881,-0.007198847038395573,Base equity risk parity
2022-04-07,0.002112724750871724,0.0,0.002112724750871724,1.2553918483382607,-0.005101331469839709,Base equity risk parity
2022-04-08,0.004135366904815641,0.0,0.004135366904815641,1.260583354240454,-0.000987060442354859,Base equity risk parity
2022-04-11,-0.011708066428618782,0.0,-0.011708066428618782,1.2458243605901957,-0.012683570301745495,Base equity risk parity
2022-04-12,-0.0005448721060584488,0.0,-0.0005448721060584488,1.245145545647062,-0.013221531484141402,Base equity risk parity
2022-04-13,0.007058884125918483,0.0,0.007058884125918483,1.2539348837736881,-0.006255976616936665,Base equity risk parity
2022-04-14,-0.0007099122268455266,0.0,-0.0007099122268455266,1.253044700068029,-0.006961447649491026,Base equity risk parity
2022-04-18,-0.0015573008263901522,0.0,-0.0015573008263901522,1.251093332521109,-0.008507907407703796,Base equity risk parity
2022-04-19,0.010309483171465465,0.0,0.010309483171465465,1.263991458178668,0.0,Base equity risk parity
2022-04-20,0.0032186888872071462,0.0,0.0032186888872071462,1.2680598534386325,0.0,Base equity risk parity
2022-04-21,-0.010793599795445096,0.0,-0.010793599795445096,1.254372922863945,-0.010793599795445141,Base equity risk parity
2022-04-22,-0.02124064729403751,0.0,-0.02124064729403751,1.227729230034201,-0.03180498404319465,Base equity risk parity
2022-04-25,-0.0028466621387543732,0.0,-0.0028466621387543732,1.2242342997184206,-0.03456110813804958,Base equity risk parity
2022-04-26,-0.017394584479324786,0.0,-0.017394584479324786,1.2029392527694815,-0.051354516502167935,Base equity risk parity
2022-04-27,0.00047318760057011504,0.0,0.00047318760057011504,1.2035084687081312,-0.050905629222039894,Base equity risk parity
2022-04-28,0.015559354044652595,0.0,0.015559354044652595,1.2222342830684987,-0.03613833388531884,Base equity risk parity
2022-04-29,-0.03374790074722314,0.0,-0.03374790074722314,1.1809864417936495,-0.06866664172741022,Base equity risk parity
2022-05-02,0.00126554770389966,2.079712651881393e-05,0.001244750577380846,1.1824564753489513,-0.06750736399196633,Base equity risk parity
2022-05-03,0.005371933039646714,0.0,0.005371933039646714,1.1888085523568224,-0.062498075991367585,Base equity risk parity
2022-05-04,0.028065628390180373,0.0,0.028065628390180373,1.222173211414337,-0.03618649537706231,Base equity risk parity
2022-05-05,-0.021525807498188873,0.0,-0.021525807498188873,1.1958649461359887,-0.056933359341730494,Base equity risk parity
2022-05-06,-0.0033694272042376133,0.0,-0.0033694272042376133,1.191835566253884,-0.06011095373617348,Base equity risk parity
2022-05-09,-0.02948330415494317,0.0,-0.02948330415494317,1.156696315751342,-0.08782198835906918,Base equity risk parity
2022-05-10,-0.006027043029735459,0.0,-0.006027043029735459,1.149724857283972,-0.09331972448600767,Base equity risk parity
2022-05-11,-0.00039889033221040583,0.0,-0.00039889033221040583,1.1492662431536995,-0.09368139048231605,Base equity risk parity
2022-05-12,0.003565451001678603,0.0,0.003565451001678603,1.1533638956315475,-0.09044995588817106,Base equity risk parity
2022-05-13,0.017723614536206765,0.0,0.017723614536206765,1.1738056727376989,-0.07432944150494314,Base equity risk parity
2022-05-16,0.0032587028532802386,0.0,0.0032587028532802386,1.1776307566326458,-0.07131295621477773,Base equity risk parity
2022-05-17,0.013775166758329148,0.0,0.013775166758329148,1.193852816684998,-0.05852013732033645,Base equity risk parity
2022-05-18,-0.02458922959618626,0.0,-0.02458922959618626,1.164496895671477,-0.08167040182395258,Base equity risk parity
2022-05-19,-0.0020471272123702027,0.0,-0.0020471272123702027,1.1621130223876273,-0.08355033933430378,Base equity risk parity
2022-05-20,0.0027485451346503254,0.0,0.0027485451346503254,1.1653071424812245,-0.08103143607832919,Base equity risk parity
2022-05-23,0.01708228124952625,0.0,0.01708228124952625,1.1852132468311705,-0.06533335660994599,Base equity risk parity
2022-05-24,0.005054071015565632,0.0,0.005054071015565632,1.1912033987492443,-0.06060948501837227,Base equity risk parity
2022-05-25,0.006911001856737792,0.0,0.006911001856737792,1.1994358076497527,-0.05411735542513241,Base equity risk parity
2022-05-26,0.010231213065502036,0.0,0.010231213065502036,1.2117074909562098,-0.04443982855352646,Base equity risk parity
2022-05-27,0.016644286605760093,0.0,0.016644286605760093,1.2318754977180315,-0.02853521119092195,Base equity risk parity
2022-05-31,-0.008325552219495437,0.0,-0.008325552219495437,1.221619453933863,-0.03662319201955322,Base equity risk parity
2022-06-01,-0.005407628738880855,2.2331595089472518e-05,-0.005429960333970328,1.2149861087557956,-0.041854289873553996,Base equity risk parity
2022-06-02,0.01127521723339097,0.0,0.01127521723339097,1.2286853410675695,-0.03105098885063662,Base equity risk parity
2022-06-03,-0.007430524397458561,0.0,-0.007430524397458561,1.2195555646639673,-0.0382507881178753,Base equity risk parity
2022-06-06,-0.0008670422284806883,0.0,-0.0008670422284806883,1.218498158489425,-0.039084665297785204,Base equity risk parity
2022-06-07,0.0092532478166202,0.0,0.0092532478166202,1.229773223914023,-0.03019307757499501,Base equity risk parity
2022-06-08,-0.012402458896296813,0.0,-0.012402458896296813,1.214521012052663,-0.042221068067715195,Base equity risk parity
2022-06-09,-0.022344275435561625,0.0,-0.022344275435561625,1.1873834200370812,-0.06362194432918822,Base equity risk parity
2022-06-10,-0.020713547438415265,0.0,-0.020713547438415265,1.1627884972385554,-0.08301765560561669,Base equity risk parity
2022-06-13,-0.03749840537835745,0.0,-0.03749840537835745,1.1191857827998128,-0.11740303128051388,Base equity risk parity
2022-06-14,-0.009462367088278993,0.0,-0.009462367088278993,1.108595636082978,-0.12575448778954001,Base equity risk parity
2022-06-15,0.008775353619427778,0.0,0.008775353619427778,1.1183239548105606,-0.11808267426969554,Base equity risk parity
2022-06-16,-0.022633267462820447,0.0,-0.022633267462820447,1.0930126296312541,-0.13804334498304482,Base equity risk parity
2022-06-17,-0.003896039967641432,0.0,-0.003896039967641432,1.088754208741074,-0.14140156256136527,Base equity risk parity
2022-06-21,0.02184357026349524,0.0,0.02184357026349524,1.1125364877993857,-0.12264670726504734,Base equity risk parity
2022-06-22,0.0002338551374124957,0.0,0.0002338551374124957,1.1127966601726167,-0.12244153369021527,Base equity risk parity
2022-06-23,0.006993841454837192,0.0,0.006993841454837192,1.1205793835853364,-0.11630402890949454,Base equity risk parity
2022-06-24,0.023588520604823467,0.0,0.023588520604823467,1.1470121934643793,-0.09545894828702672,Base equity risk parity
2022-06-27,-0.0026052954445036328,0.0,-0.0026052954445036328,1.1440238878219564,-0.09781554496842115,Base equity risk parity
2022-06-28,-0.009934964611070497,0.0,-0.009934964611070497,1.132658050982226,-0.10677871560181784,Base equity risk parity
2022-06-29,-0.0022073462742200497,0.0,-0.0022073462742200497,1.130157882453425,-0.10875036427598817,Base equity risk parity
2022-06-30,-0.006110593422699148,0.0,-0.006110593422699148,1.1232519471302935,-0.11419642843802635,Base equity risk parity
2022-07-01,0.013096131475938244,1.9049548417499368e-05,0.013077081927520745,1.1379408048681636,-0.10261270256101984,Base equity risk parity
2022-07-05,-0.007243343788178125,0.0,-0.007243343788178125,1.1296983084079073,-0.1091127872675145,Base equity risk parity
2022-07-06,0.0004892702738807562,0.0,0.0004892702738807562,1.1302510362086646,-0.10867690263694407,Base equity risk parity
2022-07-07,0.009347078130254245,0.0,0.009347078130254245,1.140815580950908,-0.1003456360065913,Base equity risk parity
2022-07-08,-0.0030007876362162546,0.0,-0.0030007876362162546,1.1373922356603876,-0.10304530769893072,Base equity risk parity
2022-07-11,-0.004603944800429825,0.0,-0.004603944800429825,1.1321557445909698,-0.10717483759077129,Base equity risk parity
2022-07-12,-0.004426396830060361,0.0,-0.004426396830060361,1.1271443739919775,-0.11112683605945772,Base equity risk parity
2022-07-13,-0.0036744228196131453,0.0,-0.0036744228196131453,1.1230027689831827,-0.11439293189678268,Base equity risk parity
2022-07-14,-0.004091068323583754,0.0,-0.004091068323583754,1.1184084879276988,-0.11801601092024172,Base equity risk parity
2022-07-15,0.01602390322048783,0.0,0.01602390322048783,1.1363297572992244,-0.10388318483720782,Base equity risk parity
2022-07-18,-0.006539125525509145,0.0,-0.006539125525509145,1.1288991543778735,-0.10974300517707669,Base equity risk parity
2022-07-19,0.02234358881603123,0.0,0.02234358881603123,1.154122812898058,-0.08985146894415763,Base equity risk parity
2022-07-20,-0.0011680793306567045,0.0,-0.0011680793306567045,1.1527747058952724,-0.09091459463111162,Base equity risk parity
2022-07-21,0.004424290183321276,0.0,0.004424290183321276,1.157874915710146,-0.08689253699633737,Base equity risk parity
2022-07-22,-0.0027495250310473895,0.0,-0.0027495250310473895,1.154691309646579,-0.08940314882190215,Base equity risk parity
2022-07-25,0.0021356972485603934,0.0,0.0021356972485603934,1.157157380699528,-0.08745838963229324,Base equity risk parity
2022-07-26,-0.003568502968998532,0.0,-0.003568502968998532,1.153028061150903,-0.09071479707822516,Base equity risk parity
2022-07-27,0.008298550218744523,0.0,0.008298550218744523,1.1625965224199852,-0.08316904815861759,Base equity risk parity
2022-07-28,0.010367914272401035,0.0,0.010367914272401035,1.1746502234978273,-0.0736634234476422,Base equity risk parity
2022-07-29,0.007465037403906836,0.0,0.007465037403906836,1.1834190313527462,-0.0667482862550719,Base equity risk parity
2022-08-01,-0.0025949561538810813,1.7482644527331892e-05,-0.002612438798408413,1.1803274215604653,-0.0691863492407403,Base equity risk parity
2022-08-02,-0.009040986838963143,0.0,-0.009040986838963143,1.1696560968764698,-0.077601823206782,Base equity risk parity
2022-08-03,0.00701253217893499,0.0,0.00701253217893499,1.1778583478941034,-0.0711334763102287,Base equity risk parity
2022-08-04,-0.0020471765874117546,0.0,-0.0020471765874117546,1.175447063861007,-0.07303503011035706,Base equity risk parity
2022-08-05,2.0066183343272863e-05,0.0,2.0066183343272863e-05,1.175470650597301,-0.07301642946131826,Base equity risk parity
2022-08-08,0.0009968259700695978,0.0,0.0009968259700695978,1.176642390268871,-0.07209238816437746,Base equity risk parity
2022-08-09,0.001121450747761136,0.0,0.001121450747761136,1.1779619367572853,-0.0710517854792313,Base equity risk parity
2022-08-10,0.013980527568538624,0.0,0.013980527568538624,1.1944304660888097,-0.058064599356378976,Base equity risk parity
2022-08-11,0.003490671832274977,0.0,0.003490671832274977,1.1985998308723969,-0.054776611985529744,Base equity risk parity
2022-08-12,0.014643170355522272,0.0,0.014643170355522272,1.2161511323839616,-0.04093554489080986,Base equity risk parity
2022-08-15,0.005327529988113944,0.0,0.005327529988113944,1.2226302140118157,-0.03582610024568156,Base equity risk parity
2022-08-16,0.004300094404086667,0.0,0.004300094404086667,1.2278876393533553,-0.03168006145478153,Base equity risk parity
2022-08-17,-0.007244006796403675,0.0,-0.007244006796403675,1.2189928129486596,-0.038694577670696284,Base equity risk parity
2022-08-18,0.0019029928163248485,0.0,0.0019029928163248485,1.2213125475148525,-0.03686522035770945,Base equity risk parity
2022-08-19,-0.006944846863183399,0.0,-0.006944846863183399,1.2128307189002774,-0.043554043910931095,Base equity risk parity
2022-08-22,-0.017280173865425484,0.0,-0.017280173865425484,1.1918727932083517,-0.06008159632503329,Base equity risk parity
2022-08-23,-0.00042831904509198665,0.0,-0.00042831904509198665,1.1913622913916935,-0.0604841812781598,Base equity risk parity
2022-08-24,0.0016462507086963596,0.0,0.0016462507086963596,1.1933235724082112,-0.05893750269575748,Base equity risk parity
2022-08-25,0.011346713638718644,0.0,0.011346713638718644,1.20686387326266,-0.04825953602270883,Base equity risk parity
2022-08-26,-0.02502447987498086,0.0,-0.02502447987498086,1.176662732554357,-0.07207634610971347,Base equity risk parity
2022-08-29,-0.0033259977627002257,0.0,-0.0033259977627002257,1.1727491549384286,-0.07516261810650915,Base equity risk parity
2022-08-30,-0.012363879257853014,0.0,-0.012363879257853014,1.1582494259870206,-0.08659719582938918,Base equity risk parity
2022-08-31,-0.006387128670743981,0.0,-0.006387128670743981,1.1508515378704263,-0.09243121706784518,Base equity risk parity
2022-09-01,0.003799361929215355,9.619955147694922e-06,0.00378974197406766,1.155212968249414,-0.08899176555681376,Base equity risk parity
2022-09-02,-0.009829056316553703,0.0,-0.009829056316553703,1.1438583149268775,-0.09794611679799992,Base equity risk parity
2022-09-06,-0.00322386657390573,0.0,-0.00322386657390573,1.1401706683401007,-0.10085421815991669,Base equity risk parity
2022-09-07,0.01661412821399471,0.0,0.01661412821399471,1.1591136100097392,-0.08591569485735295,Base equity risk parity
2022-09-08,0.004117417629470694,0.0,0.004117417629470694,1.1638861648221528,-0.08215202802453614,Base equity risk parity
2022-09-09,0.012551122881061097,0.0,0.012551122881061097,1.1784942430964025,-0.07063200534213943,Base equity risk parity
2022-09-12,0.008601454219334403,0.0,0.008601454219334403,1.1886310073761455,-0.06263808908317514,Base equity risk parity
2022-09-13,-0.036276368809781204,0.0,-0.036276368809781204,1.1455117905738266,-0.09664217547183518,Base equity risk parity
2022-09-14,0.003663593402604511,0.0,0.003663593402604511,1.1497084800123787,-0.09333263970570249,Base equity risk parity
2022-09-15,-0.01495211616785106,0.0,-0.01495211616785106,1.13251790526007,-0.10688923540242179,Base equity risk parity
2022-09-16,-0.0045178986612955645,0.0,-0.0045178986612955645,1.1274013041320023,-0.11092421933018581,Base equity risk parity
2022-09-19,0.005452595468913492,0.0,0.005452595468913492,1.1335485673745598,-0.10607644875698474,Base equity risk parity
2022-09-20,-0.015128165216440906,0.0,-0.015128165216440906,1.1164000573664576,-0.11959987193105659,Base equity risk parity
2022-09-21,-0.016101981001390833,0.0,-0.016101981001390833,1.0984238048527912,-0.13377605806684478,Base equity risk parity
2022-09-22,-0.005264616704185652,0.0,-0.005264616704185652,1.0926410245414881,-0.13833639510111162,Base equity risk parity
2022-09-23,-0.020092317345944133,0.0,-0.020092317345944133,1.070687334331203,-0.15564921369619045,Base equity risk parity
2022-09-26,-0.014962997434735534,0.0,-0.014962997434735534,1.0546666424942013,-0.16828323234567122,Base equity risk parity
2022-09-27,-0.005544043619109018,0.0,-0.005544043619109018,1.0488195246245942,-0.17289430638429115,Base equity risk parity
2022-09-28,0.02060839208353702,0.0,0.02060839208353702,1.0704340086129267,-0.15584898795573288,Base equity risk parity
2022-09-29,-0.019318583483537023,0.0,-0.019318583483537023,1.0497547398539206,-0.17215678975462234,Base equity risk parity
2022-09-30,-0.015513275473276106,0.0,-0.015513275473276106,1.0334696053951895,-0.18499934952384012,Base equity risk parity
2022-10-03,0.030429246404538028,1.6178445596009984e-05,0.030413067958942018,1.0649005867375745,-0.1602126793543266,Base equity risk parity
2022-10-04,0.026760239037166685,0.0,0.026760239037166685,1.093397580989491,-0.1377397699134667,Base equity risk parity
2022-10-05,-0.004923658946802462,0.0,-0.004923658946802462,1.0880140642074398,-0.14198524520980427,Base equity risk parity
2022-10-06,-0.012376735632723025,0.0,-0.012376735632723025,1.07454800177006,-0.15260466699881803,Base equity risk parity
2022-10-07,-0.020990024608375984,0.0,-0.020990024608375984,1.051993212770025,-0.1703915158915359,Base equity risk parity
2022-10-10,-0.0036059235887505627,0.0,-0.0036059235887505627,1.0481998056288921,-0.17338302069381017,Base equity risk parity
2022-10-11,-0.00047756387122999084,0.0,-0.00047756387122999084,1.0476992232718936,-0.17377778309847203,Base equity risk parity
2022-10-12,-0.006919264397959438,0.0,-0.006919264397959438,1.0404499153365385,-0.17949463306868196,Base equity risk parity
2022-10-13,0.02797227593618943,0.0,0.02797227593618943,1.069553667466117,-0.15654323053775487,Base equity risk parity
2022-10-14,-0.016162296653229942,0.0,-0.016162296653229942,1.0522672238059796,-0.17017542905997862,Base equity risk parity
2022-10-17,0.018063520093766897,0.0,0.018063520093766897,1.071274873947211,-0.1551858762485021,Base equity risk parity
2022-10-18,0.012005648217637903,0.0,0.012005648217637903,1.0841362232282157,-0.14504333506944966,Base equity risk parity
2022-10-19,-0.008689930996751149,0.0,-0.008689930996751149,1.0747151542572841,-0.15247284949290862,Base equity risk parity
2022-10-20,-0.004171486047992158,0.0,-0.004171486047992158,1.0702319949857342,-0.1560082971765434,Base equity risk parity
2022-10-21,0.023225237750222498,0.0,0.023225237750222498,1.0950883875171726,-0.13640638921925363,Base equity risk parity
2022-10-24,0.009962365398254562,0.0,0.009962365398254562,1.1059980581770041,-0.12780295411305775,Base equity risk parity
2022-10-25,0.014205651033364424,0.0,0.014205651033364424,1.1217094806350452,-0.11541282724685675,Base equity risk parity
2022-10-26,0.0071193576163075855,0.0,0.0071193576163075855,1.1296953315692886,-0.1091151348212287,Base equity risk parity
2022-10-27,0.00019619639647836968,0.0,0.00019619639647836968,1.1299169737224608,-0.10894034642100359,Base equity risk parity
2022-10-28,0.02271013109172463,0.0,0.02271013109172463,1.1555775363184626,-0.08870426487767791,Base equity risk parity
2022-10-31,-0.007048527193885214,0.0,-0.007048527193885214,1.147432416629079,-0.09512755764835923,Base equity risk parity
2022-11-01,0.0015381611117332248,1.7113828413152702e-05,0.001521047283320072,1.149177715589186,-0.09375120387816904,Base equity risk parity
2022-11-02,-0.016526753919899256,0.0,-0.016526753919899256,1.1301855382734116,-0.10872855472187948,Base equity risk parity
2022-11-03,-0.003051675852130573,0.0,-0.003051675852130573,1.1267365783578354,-0.11144842626912832,Base equity risk parity
2022-11-04,0.016402348339171154,0.0,0.016402348339171154,1.1452177042025464,-0.09687409383947587,Base equity risk parity
2022-11-07,0.0065537008016916904,0.0,0.0065537008016916904,1.1527231183886901,-0.0909552768642431,Base equity risk parity
2022-11-08,0.007908258641183514,0.0,0.007908258641183514,1.1618391509505797,-0.08376631607728235,Base equity risk parity
2022-11-09,-0.018544197652601558,0.0,-0.018544197652601558,1.1402937760948213,-0.10075713460791647,Base equity risk parity
2022-11-10,0.043221530395135516,0.0,0.043221530395135516,1.1895790181976875,-0.06189048176876377,Base equity risk parity
2022-11-11,0.007311278864651958,0.0,0.007311278864651958,1.1982763621312695,-0.05503170147539105,Base equity risk parity
2022-11-14,-0.008313493886108563,0.0,-0.008313493886108563,1.1883144989208227,-0.06288768964774183,Base equity risk parity
2022-11-15,0.008753678548512904,0.0,0.008753678548512904,1.198716622058913,-0.0546845097190638,Base equity risk parity
2022-11-16,-0.007681231834078648,0.0,-0.007681231834078648,1.1895090017815149,-0.06194569715625731,Base equity risk parity
2022-11-17,-0.001977611709126504,0.0,-0.001977611709126504,1.1871566148514805,-0.06380080432935753,Base equity risk parity
2022-11-18,0.006464716316918376,0.0,0.006464716316918376,1.1948312455902486,-0.05774854211321956,Base equity risk parity
2022-11-21,0.001981797164069374,0.0,0.001981797164069374,1.197199158764301,-0.055881190846139184,Base equity risk parity
2022-11-22,0.013175352871961872,0.0,0.013175352871961872,1.2129726801390364,-0.04344209238248076,Base equity risk parity
2022-11-23,0.0028784343171679833,0.0,0.0028784343171679833,1.2164641423273357,-0.0406887032748362,Base equity risk parity
2022-11-25,0.0014681295602176501,0.0,0.0014681295602176501,1.2182500692936313,-0.03928031000266319,Base equity risk parity
2022-11-28,-0.0166010103327466,0.0,-0.0166010103327466,1.1980258873054184,-0.055229227503182154,Base equity risk parity
2022-11-29,0.003916408018867001,0.0,0.003916408018867001,1.2027178454972716,-0.051529119673784485,Base equity risk parity
2022-11-30,0.02188835431896004,0.0,0.02188835431896004,1.2290433598452521,-0.030768652983988343,Base equity risk parity
2022-12-01,2.271866761491086e-05,1.8107130045407905e-05,4.611537569502954e-06,1.2290490276248807,-0.030764183337217976,Base equity risk parity
2022-12-02,0.0017124730927031715,0.0,0.0017124730927031715,1.2311537410143012,-0.029104393080698787,Base equity risk parity
2022-12-05,-0.015512488425173904,0.0,-0.015512488425173904,1.2120554828572072,-0.044165399945086725,Base equity risk parity
2022-12-06,-0.010005980989707109,0.0,-0.010005980989707109,1.1999276787372677,-0.05372946278254054,Base equity risk parity
2022-12-07,1.0563330348799477e-05,0.0,1.0563330348799477e-05,1.1999403539697329,-0.05371946701425656,Base equity risk parity
2022-12-08,0.005810684509744709,0.0,0.005810684509744709,1.2069128287971624,-0.048220929379363286,Base equity risk parity
2022-12-09,-0.010608310842655446,0.0,-0.010608310842655446,1.1941095223492935,-0.05831769761404071,Base equity risk parity
2022-12-12,0.015165205352233205,0.0,0.015165205352233205,1.2122184384687777,-0.04403689212179385,Base equity risk parity
2022-12-13,0.007361487490571003,0.0,0.007361487490571003,1.2211421693394051,-0.03699958166170103,Base equity risk parity
2022-12-14,-0.006980855447763198,0.0,-0.006980855447763198,1.2126175523740788,-0.043722148378256165,Base equity risk parity
2022-12-15,-0.019510959221639413,0.0,-0.019510959221639413,1.188958220758264,-0.06238004654580487,Base equity risk parity
2022-12-16,-0.009099755607021589,0.0,-0.009099755607021589,1.1781389915224048,-0.07091215897450498,Base equity risk parity
2022-12-19,-0.005459275616826284,0.0,-0.005459275616826284,1.1717072060527542,-0.07598430557090519,Base equity risk parity
2022-12-20,0.0028053772618566613,0.0,0.0028053772618566613,1.1749942868061682,-0.0733920929521551,Base equity risk parity
2022-12-21,0.015731561226192375,0.0,0.015731561226192375,1.1934787813694856,-0.05881510392975797,Base equity risk parity
2022-12-22,-0.008670196226789276,0.0,-0.008670196226789276,1.1831310861425028,-0.06697536166437723,Base equity risk parity
2022-12-23,0.0073698417894934275,0.0,0.0073698417894934275,1.1918505750636046,-0.060099117694144444,Base equity risk parity
2022-12-27,0.0020069336764954645,0.0,0.0020069336764954645,1.19424254012005,-0.058212798960877166,Base equity risk parity
2022-12-28,-0.012264949156179976,0.0,-0.012264949156179976,1.1795952160853305,-0.06976377109756293,Base equity risk parity
2022-12-29,0.011425949386824502,0.0,0.011425949386824502,1.1930732113212619,-0.05913493902833311,Base equity risk parity
2022-12-30,-0.0021937394936453218,0.0,-0.0021937394936453218,1.1904559194987763,-0.06119895187077762,Base equity risk parity
2023-01-03,0.003099324990916795,1.1449707055757354e-05,0.0030878752838610374,1.1941318989091225,-0.058300051317796586,Base equity risk parity
2023-01-04,0.016360521702717075,0.0,0.016360521702717075,1.2136685197571322,-0.04289334886993368,Base equity risk parity
2023-01-05,-0.0057003090708834265,0.0,-0.0057003090708834265,1.2067502340849148,-0.04834915259517347,Base equity risk parity
2023-01-06,0.02179881782201344,0.0,0.02179881782201344,1.233055962594404,-0.02760428914243085,Base equity risk parity
2023-01-09,-0.0034985302651842657,0.0,-0.0034985302651842657,1.2287420789906014,-0.031006244966601537,Base equity risk parity
2023-01-10,0.006628144428459828,0.0,0.006628144428459828,1.2368863589554773,-0.024583614407964416,Base equity risk parity
2023-01-11,0.008268142777411398,0.0,0.008268142777411398,1.2471131119707537,-0.016518732464462893,Base equity risk parity
2023-01-12,0.004638734445670532,0.0,0.004638734445670532,1.2528981385208997,-0.011956624032074092,Base equity risk parity
2023-01-13,0.003105897901293281,0.0,0.003105897901293281,1.256789512219866,-0.008887862184268625,Base equity risk parity
2023-01-17,-0.005406257588057676,0.0,-0.005406257588057676,1.249994984382836,-0.014246069699951125,Base equity risk parity
2023-01-18,-0.01684101143623866,0.0,-0.01684101143623866,1.2289438045556038,-0.030847162913451243,Base equity risk parity
2023-01-19,-0.006110871607090492,0.0,-0.006110871607090492,1.2214338867536352,-0.03676953146853468,Base equity risk parity
2023-01-20,0.013170636732293512,0.0,0.013170636732293512,1.2375209487685805,-0.024083172878029968,Base equity risk parity
2023-01-23,0.008226392564729951,0.0,0.008226392564729951,1.2477012819002278,-0.016054897947599067,Base equity risk parity
2023-01-24,-0.002665793979206206,0.0,-0.002665793979206206,1.2443751673350902,-0.018677892876519886,Base equity risk parity
2023-01-25,0.002150364172804924,0.0,0.002150364172804924,1.2470510271124557,-0.016567692975380077,Base equity risk parity
2023-01-26,0.0060719443910340655,0.0,0.0060719443910340655,1.2546230516018644,-0.010596346694780379,Base equity risk parity
2023-01-27,-0.0018803784410308664,0.0,-0.0018803784410308664,1.252263885464012,-0.012456799993932566,Base equity risk parity
2023-01-30,-0.008417098958099774,0.0,-0.008417098958099774,1.241723456418407,-0.020769048833782056,Base equity risk parity
2023-01-31,0.011167638749559745,0.0,0.011167638749559745,1.2555905754065426,-0.009833351318769834,Base equity risk parity
2023-02-01,0.001855692053241004,1.5778631357158e-05,0.0018399134218838459,1.257900753358624,-0.008011530411959567,Base equity risk parity
2023-02-02,-0.002661976295336938,0.0,-0.002661976295336938,1.2545522513712968,-0.010652180203250428,Base equity risk parity
2023-02-03,-0.01202215939522698,0.0,-0.01202215939522698,1.23946982423567,-0.022546277390167346,Base equity risk parity
2023-02-06,-0.0032476816338133417,0.0,-0.0032476816338133417,1.235444420851834,-0.025720735892989843,Base equity risk parity
2023-02-07,0.008637322577913633,0.0,0.008637322577913633,1.2461153528418152,-0.01730557160792512,Base equity risk parity
2023-02-08,-0.009319331721022684,0.0,-0.009319331721022684,1.234502390506023,-0.02646362696651161,Base equity risk parity
2023-02-09,-0.008537575364833438,0.0,-0.008537575364833438,1.2239627333090108,-0.034775267121691655,Base equity risk parity
2023-02-10,0.009645563603499023,0.0,0.009645563603499023,1.2357685437014556,-0.025465130569043426,Base equity risk parity
2023-02-13,0.008196246369311173,0.0,0.008196246369311173,1.2458972071410777,-0.017477602683702798,Base equity risk parity
2023-02-14,-0.0030169064640190313,0.0,-0.0030169064640190313,1.2421384518033505,-0.020441780855209868,Base equity risk parity
2023-02-15,6.697290184051941e-05,0.0,6.697290184051941e-05,1.2422216414199554,-0.020376176998751938,Base equity risk parity
2023-02-16,-0.012690082015015184,0.0,-0.012690082015015184,1.2264577469095093,-0.032807683656500664,Base equity risk parity
2023-02-17,0.000828830454131925,0.0,0.000828830454131925,1.2274742724408538,-0.03200604520971284,Base equity risk parity
2023-02-21,-0.015073818260151143,0.0,-0.015073818260151143,1.208971548339069,-0.0465974101611466,Base equity risk parity
2023-02-22,-0.005633623303752293,0.0,-0.005633623303752293,1.2021606580507727,-0.051968521209120544,Base equity risk parity
2023-02-23,0.0031038734889879457,0.0,0.0031038734889879457,1.2058920126468007,-0.04902595143537547,Base equity risk parity
2023-02-24,-0.008150018873521772,0.0,-0.008150018873521772,1.1960639699843,-0.05677640787940663,Base equity risk parity
2023-02-27,0.001039216938034965,0.0,0.001039216938034965,1.197306939920881,-0.05579619394612079,Base equity risk parity
2023-02-28,-0.005673812693391162,0.0,-0.005673812693391162,1.1905136446072726,-0.06115342948605751,Base equity risk parity
2023-03-01,-0.0015039586478302332,8.667254544934974e-06,-0.0015126259023751682,1.1887128428313085,-0.0625735531269731,Base equity risk parity
2023-03-02,0.010300088954149484,0.0,0.010300088954149484,1.200956690853411,-0.05291797733620851,Base equity risk parity
2023-03-03,0.011871227640187923,0.0,0.011871227640187923,1.2152135211165387,-0.041674951051236975,Base equity risk parity
2023-03-06,-1.3504772830330667e-05,0.0,-1.3504772830330667e-05,1.2151971099339955,-0.041687893013320765,Base equity risk parity
2023-03-07,-0.01665345859442726,0.0,-0.01665345859442726,1.1949598751796422,-0.05764710400756168,Base equity risk parity
2023-03-08,0.0008184104774209887,0.0,0.0008184104774209887,1.1959378428615868,-0.05687587252405357,Base equity risk parity
2023-03-09,-0.015896607387203998,0.0,-0.015896607387203998,1.1769264885141164,-0.0718683464959381,Base equity risk parity
2023-03-10,-0.011164634275671178,0.0,-0.011164634275671178,1.1637865347005063,-0.08223059696698498,Base equity risk parity
2023-03-13,-0.0007447228695883481,0.0,-0.0007447228695883481,1.162919836252796,-0.08291408083043206,Base equity risk parity
2023-03-14,0.0123843619007827,0.0,0.0123843619007827,1.1773218563665495,-0.07155655691332419,Base equity risk parity
2023-03-15,-0.005849411711546217,0.0,-0.005849411711546217,1.1704352161116598,-0.07698740486282352,Base equity risk parity
2023-03-16,0.010368649868345162,0.0,0.010368649868345162,1.1825710490611023,-0.06741701043977366,Base equity risk parity
2023-03-17,-0.011771392285523048,0.0,-0.011771392285523048,1.1686505413371016,-0.07839481064869291,Base equity risk parity
2023-03-20,0.011380968839173592,0.0,0.011380968839173592,1.1819509167319424,-0.06790605070666511,Base equity risk parity
2023-03-21,0.004506372618475345,0.0,0.004506372618475345,1.187277227979485,-0.06370568805572308,Base equity risk parity
2023-03-22,-0.018889082098238977,0.0,-0.018889082098238977,1.1648506509468108,-0.08139142818215284,Base equity risk parity
2023-03-23,0.001559445554293661,0.0,0.001559445554293661,1.1666671721158461,-0.07995890812869522,Base equity risk parity
2023-03-24,0.010371205364418264,0.0,0.010371205364418264,1.1787669169497847,-0.0704169730211942,Base equity risk parity
2023-03-27,0.004144242832514819,0.0,0.004144242832514819,1.1836520132965596,-0.06656455522440985,Base equity risk parity
2023-03-28,0.0014907002272856477,0.0,0.0014907002272856477,1.185416483621808,-0.06517308279472633,Base equity risk parity
2023-03-29,0.013565768259258282,0.0,0.013565768259258282,1.2014975689293261,-0.05249143747340279,Base equity risk parity
2023-03-30,0.004490333865366241,0.0,0.004490333865366241,1.2068926941522449,-0.048236807687365046,Base equity risk parity
2023-03-31,0.011477677041641623,0.0,0.011477677041641623,1.2207450187196411,-0.03731277714587877,Base equity risk parity
2023-04-03,0.0072923309005451745,1.1762682122311867e-05,0.0072805682184228625,1.2296327361057295,-0.030303867146885155,Base equity risk parity
2023-04-04,-0.003069386845625726,0.0,-0.003069386845625726,1.2258585175605758,-0.03328023970131866,Base equity risk parity
2023-04-05,0.007156853753414157,0.0,0.007156853753414157,1.234631807693134,-0.026361567756325366,Base equity risk parity
2023-04-06,0.00028445040931389794,0.0,0.00028445040931389794,1.234982999216184,-0.026084615905750064,Base equity risk parity
2023-04-10,0.0018076685709427975,0.0,0.0018076685709427975,1.2372154391695158,-0.024324099675165245,Base equity risk parity
2023-04-11,0.0022849808155269574,0.0,0.0022849808155269574,1.2400424527126919,-0.022094698960751002,Base equity risk parity
2023-04-12,-0.0012645461292413683,0.0,-0.0012645461292413683,1.238474361829019,-0.023331305323944784,Base equity risk parity
2023-04-13,0.007313948646067058,0.0,0.007313948646067058,1.2475324997109072,-0.016188000646862766,Base equity risk parity
2023-04-14,-0.005987163854607699,0.0,-0.005987163854607699,1.2400633182211895,-0.02207824428911931,Base equity risk parity
2023-04-17,0.004370008846679261,0.0,0.004370008846679261,1.2454824058922584,-0.017804717565302774,Base equity risk parity
2023-04-18,-0.0006664388303186423,0.0,-0.0006664388303186423,1.2446523680544932,-0.018459290640473025,Base equity risk parity
2023-04-19,0.002251841209618547,0.0,0.002251841209618547,1.2474551275485277,-0.01624901682221891,Base equity risk parity
2023-04-20,-0.007074085032538176,0.0,-0.007074085032538176,1.2386305239019737,-0.023208154928061497,Base equity risk parity
2023-04-21,0.0007226435490617546,0.0,0.0007226435490617546,1.2395256122597424,-0.022502282602444135,Base equity risk parity
2023-04-24,0.0019842645774638384,0.0,0.0019842645774638384,1.2419851590250088,-0.020562668507260295,Base equity risk parity
2023-04-25,-0.011463860831889106,0.0,-0.011463860831889106,1.2277472140066745,-0.031790801769049803,Base equity risk parity
2023-04-26,-0.014634076370222245,0.0,-0.014634076370222245,1.2097802675135731,-0.045959649118313295,Base equity risk parity
2023-04-27,0.012182557197192374,0.0,0.012182557197192374,1.224518484818592,-0.03433699797526768,Base equity risk parity
2023-04-28,0.007199989772749186,0.0,0.007199989772749186,1.2333350053858283,-0.02738423423676717,Base equity risk parity
2023-05-01,-0.002802536343974394,1.0493632719214078e-05,-0.0028130299766936082,1.2298655970443724,-0.03012023154166399,Base equity risk parity
2023-05-02,-0.015406992617544548,0.0,-0.015406992617544548,1.2109170668701377,-0.045063161974207455,Base equity risk parity
2023-05-03,-0.010735204786555094,0.0,-0.010735204786555094,1.197917624177752,-0.055314604488639785,Base equity risk parity
2023-05-04,-0.003999240427451019,0.0,-0.003999240427451019,1.1931268635863843,-0.059092628513591317,Base equity risk parity
2023-05-05,0.01526748030371227,0.0,0.01526748030371227,1.2113429044760193,-0.04472734375180498,Base equity risk parity
2023-05-08,-0.0012634010980120648,0.0,-0.0012634010980120648,1.2098124925204352,-0.045934236274609797,Base equity risk parity
2023-05-09,-0.0041095262164334845,0.0,-0.0041095262164334845,1.2048407363654539,-0.049854994542840925,Base equity risk parity
2023-05-10,-0.0014009133778114169,0.0,-0.0014009133778114169,1.2031528588597473,-0.05118606539184656,Base equity risk parity
2023-05-11,-0.0077973074670664114,0.0,-0.0077973074670664114,1.193771506089338,-0.05858425936902334,Base equity risk parity
2023-05-12,-0.0001868822911691969,0.0,-0.0001868822911691969,1.1935484113351476,-0.05876019329957516,Base equity risk parity
2023-05-15,0.0022218112485685292,0.0,0.0022218112485685292,1.196200250621163,-0.056668936109447676,Base equity risk parity
2023-05-16,-0.016440372087668416,0.0,-0.016440372087668416,1.176534273409589,-0.07217764980166441,Base equity risk parity
2023-05-17,0.009028827947513406,0.0,0.009028827947513406,1.1871569989385569,-0.06380050143586613,Base equity risk parity
2023-05-18,0.0036649924767307596,0.0,0.0036649924767307596,1.191507920408365,-0.06036933731690941,Base equity risk parity
2023-05-19,-0.0016168387326373958,0.0,-0.0016168387326373958,1.1895814442524044,-0.06188856856670921,Base equity risk parity
2023-05-22,-0.0001475476498883616,0.0,-0.0001475476498883616,1.1894059243059543,-0.062026984703750565,Base equity risk parity
2023-05-23,-0.006737469032380339,0.0,-0.006737469032380339,1.181392338724013,-0.06834654884751756,Base equity risk parity
2023-05-24,-0.008782209602315513,0.0,-0.008782209602315513,1.171017103582769,-0.07652852473225924,Base equity risk parity
2023-05-25,-0.004900593165071495,0.0,-0.004900593165071495,1.1652784251687693,-0.08105408273209502,Base equity risk parity
2023-05-26,0.006073328133987332,0.0,0.006073328133987332,1.1723555434122752,-0.07547302263913902,Base equity risk parity
2023-05-30,-0.0026570632786906967,0.0,-0.0026570632786906967,1.169240520548305,-0.0779295493208435,Base equity risk parity
2023-05-31,-0.0023385754607202127,0.0,-0.0023385754607202127,1.1665061633592708,-0.08008588064985711,Base equity risk parity
2023-06-01,0.002998813343501542,1.3460297393154814e-05,0.002985353046108387,1.1699885960873595,-0.07733961223149721,Base equity risk parity
2023-06-02,0.01756454919106467,0.0,0.01756454919106467,1.1905389183363206,-0.06113349846389049,Base equity risk parity
2023-06-05,-0.0042172081569579745,0.0,-0.0042172081569579745,1.1855181678987368,-0.0650928939324632,Base equity risk parity
2023-06-06,0.0017149174059144009,0.0,0.0017149174059144009,1.187551233639894,-0.06348960546335503,Base equity risk parity
2023-06-07,0.008283465381609774,0.0,0.008283465381609774,1.197388273172638,-0.055732054030693035,Base equity risk parity
2023-06-08,0.00414067178975043,0.0,0.00414067178975043,1.202346265016742,-0.05182215038485216,Base equity risk parity
2023-06-09,-0.002928295107324787,0.0,-0.002928295107324787,1.1988254403315832,-0.054598694942754045,Base equity risk parity
2023-06-12,0.0031931389462593277,0.0,0.0031931389462593277,1.2026534565348725,-0.05157989721573131,Base equity risk parity
2023-06-13,0.006580392694814889,0.0,0.006580392694814889,1.2105673885546486,-0.045338920499753965,Base equity risk parity
2023-06-14,-0.0007925454941917899,0.0,-0.0007925454941917899,1.209607958825434,-0.04609553283679224,Base equity risk parity
2023-06-15,0.010584093622920607,0.0,0.010584093622920607,1.2224105627086723,-0.03599931864901462,Base equity risk parity
2023-06-16,0.001191158225715411,0.0,0.001191158225715411,1.223866647105644,-0.034851041307828234,Base equity risk parity
2023-06-20,-0.011733411983128618,0.0,-0.011733411983128618,1.2095065155227434,-0.04617553166525101,Base equity risk parity
2023-06-21,-0.0018780586811080757,0.0,-0.0018780586811080757,1.207234991311409,-0.047966869988260386,Base equity risk parity
2023-06-22,-0.0036353885282644953,0.0,-0.0036353885282644953,1.202846223073076,-0.05142788030763279,Base equity risk parity
2023-06-23,-0.007206161874332267,0.0,-0.007206161874332267,1.1941783184796824,-0.058263444551614474,Base equity risk parity
2023-06-26,0.006175050668750145,0.0,0.006175050668750145,1.2015524301038172,-0.05244817360510645,Base equity risk parity
2023-06-27,0.005143381894343244,0.0,0.005143381894343244,1.207732473117917,-0.047574552697275285,Base equity risk parity
2023-06-28,-0.002185677751476529,0.0,-0.002185677751476529,1.2050927591216876,-0.04965624780738487,Base equity risk parity
2023-06-29,0.005667572928492836,0.0,0.005667572928492836,1.2119227102196082,-0.04427010528469588,Base equity risk parity
2023-06-30,0.008355312504950689,0.0,0.008355312504950689,1.2220487031953398,-0.0362846833440259,Base equity risk parity
2023-07-03,0.005249607023563217,1.3587077833591694e-05,0.005236019945729625,1.2284473745799234,-0.03123865072401033,Base equity risk parity
2023-07-05,-0.0025161195771229118,0.0,-0.0025161195771229118,1.2253564540912776,-0.03367617012048363,Base equity risk parity
2023-07-06,-0.0117349075999945,0.0,-0.0117349075999945,1.2109770093254595,-0.045015890975792616,Base equity risk parity
2023-07-07,-0.00208477442168953,0.0,-0.00208477442168953,1.2084523954311637,-0.047006817419406266,Base equity risk parity
2023-07-10,0.004255293988785461,0.0,0.004255293988785461,1.2135947156451752,-0.04295155125821759,Base equity risk parity
2023-07-11,0.013133639913427973,0.0,0.013133639913427973,1.2295336316412977,-0.030382021552738392,Base equity risk parity
2023-07-12,0.0066854598542528685,0.0,0.0066854598542528685,1.2377536293750895,-0.023899679483867287,Base equity risk parity
2023-07-13,0.0044052521938744964,0.0,0.0044052521938744964,1.2432062462663702,-0.01959971140547201,Base equity risk parity
2023-07-14,-0.0051284768527157555,0.0,-0.0051284768527157555,1.2368304918092414,-0.024627671591924916,Base equity risk parity
2023-07-17,-0.004900021614082642,0.0,-0.004900021614082642,1.2307699956664198,-0.029407017082902498,Base equity risk parity
2023-07-18,0.004998863297187552,0.0,0.004998863297187552,1.2369224466250364,-0.02455515544409037,Base equity risk parity
2023-07-19,0.0062286537540460225,0.0,0.0062286537540460225,1.2446268082656713,-0.018479447251182335,Base equity risk parity
2023-07-20,0.005007405052376182,0.0,0.005007405052376182,1.2508591588337037,-0.013564576276336782,Base equity risk parity
2023-07-21,0.005414173369698395,0.0,0.005414173369698395,1.2576315271807044,-0.008223843874285097,Base equity risk parity
2023-07-24,0.004280306070972716,0.0,0.004280306070972716,1.2630145750415425,-0.003978738372174329,Base equity risk parity
2023-07-25,0.0018949065106658135,0.0,0.0018949065106658135,1.2654078695828543,-0.002091371198754244,Base equity risk parity
2023-07-26,0.0020102764597856424,0.0,0.0020102764597856424,1.2679516892351042,-8.529897325826319e-05,Base equity risk parity
2023-07-27,-0.005011746820435372,0.0,-0.005011746820435372,1.2615970363881144,-0.00509661829683572,Base equity risk parity
2023-07-28,0.0033785856349981564,0.0,0.0033785856349981564,1.2658594500124114,-0.0017352520232023494,Base equity risk parity
2023-07-31,0.002512741312563338,0.0,0.002512741312563338,1.2690402273483563,0.0,Base equity risk parity
2023-08-01,-0.004801860153839647,1.1565341357521317e-05,-0.0048134254951971685,1.262931796763607,-0.004813425495197143,Base equity risk parity
2023-08-02,-0.01145436845472882,0.0,-0.01145436845472882,1.2484657106302839,-0.016212659200774637,Base equity risk parity
2023-08-03,-0.005495736694722249,0.0,-0.005495736694722249,1.2416044718122705,-0.0216192953894081,Base equity risk parity
2023-08-04,-0.002415315899597784,0.0,-0.002415315899597784,1.2386056047904908,-0.02398239386111367,Base equity risk parity
2023-08-07,0.00903985400647422,0.0,0.00903985400647422,1.2498024186293974,-0.015159337193869749,Base equity risk parity
2023-08-08,-0.002355171106219945,0.0,-0.002355171106219945,1.2468589200845577,-0.0174788054671412,Base equity risk parity
2023-08-09,-0.0004623021814348638,0.0,-0.0004623021814348638,1.246282494485861,-0.017933027158679837,Base equity risk parity
2023-08-10,0.0008169588821600301,0.0,0.0008169588821600301,1.2473006560394118,-0.017130718822341073,Base equity risk parity
2023-08-11,0.00322675024799959,0.0,0.00322675024799959,1.251325383740617,-0.013959245125549913,Base equity risk parity
2023-08-14,0.00036696383477683846,0.0,0.00036696383477683846,1.251784574901988,-0.01359740382889496,Base equity risk parity
2023-08-15,-0.011710120593160456,0.0,-0.011710120593160456,1.2371260265732276,-0.02514829718346523,Base equity risk parity
2023-08-16,-0.006877344385483285,0.0,-0.006877344385483285,1.228617884840239,-0.03185268806850938,Base equity risk parity
2023-08-17,-0.004579051295770489,0.0,-0.004579051295770489,1.2229919805226543,-0.03628588427170598,Base equity risk parity
2023-08-18,0.001686900954515375,0.0,0.001686900954515375,1.2250550468619625,-0.034660194010004086,Base equity risk parity
2023-08-21,-0.0016387878283780424,0.0,-0.0016387878283780424,1.223047441562072,-0.03624218113430944,Base equity risk parity
2023-08-22,-0.004773247884678583,0.0,-0.004773247884678583,1.2172095329487742,-0.040842436104552515,Base equity risk parity
2023-08-23,0.007211759116061159,0.0,0.007211759116061159,1.2259877548941742,-0.033925222799390475,Base equity risk parity
2023-08-24,-0.011066436152744063,0.0,-0.011066436152744063,1.2124204396805918,-0.04461622764005746,Base equity risk parity
2023-08-25,0.004691658687264264,0.0,0.004691658687264264,1.218108702569036,-0.040133893064793646,Base equity risk parity
2023-08-28,0.0068213427432693916,0.0,0.0068213427432693916,1.2264178395278185,-0.033586317361741,Base equity risk parity
2023-08-29,0.010799452173854278,0.0,0.010799452173854278,1.2396624803309608,-0.023149579015930732,Base equity risk parity
2023-08-30,0.001381263885595983,0.0,0.001381263885595983,1.2413747813453702,-0.02180029080779633,Base equity risk parity
2023-08-31,-0.004115364706807107,0.0,-0.004115364706807107,1.236266071382301,-0.02582593936721489,Base equity risk parity
2023-09-01,0.0032573360915953502,1.0312929103369377e-05,0.0032470231624919807,1.2402802559510824,-0.022662773628041366,Base equity risk parity
2023-09-05,-0.009550290267645891,0.0,-0.009550290267645891,1.2284352194935195,-0.031996627829269375,Base equity risk parity
2023-09-06,-0.00410207250597918,0.0,-0.00410207250597918,1.2233960891542588,-0.03596744784794603,Base equity risk parity
2023-09-07,0.002143064798516015,0.0,0.002143064798516015,1.2260179062475676,-0.03390146362080526,Base equity risk parity
2023-09-08,0.0037790320481953256,0.0,0.0037790320481953256,1.2306510672069386,-0.03025054629011359,Base equity risk parity
2023-09-11,0.0031794099272943526,0.0,0.0031794099272943526,1.2345638114270518,-0.027167315250000046,Base equity risk parity
2023-09-12,0.0020628611916722805,0.0,0.0020628611916722805,1.2371105452022877,-0.025160496458638937,Base equity risk parity
2023-09-13,-0.00042185631093102937,0.0,-0.00042185631093102937,1.2365886623114748,-0.02557173865535267,Base equity risk parity
2023-09-14,0.01236142597921205,0.0,0.01236142597921205,1.2518746615273708,-0.013526415830688587,Base equity risk parity
2023-09-15,-0.009205055137325262,0.0,-0.009205055137325262,1.240351086242991,-0.022606959564482,Base equity risk parity
2023-09-18,9.524041564087162e-05,0.0,9.524041564087162e-05,1.2404692177959853,-0.022513872245066513,Base equity risk parity
2023-09-19,-0.0033571231279944133,0.0,-0.0033571231279944133,1.2363048098953573,-0.025795413531846223,Base equity risk parity
2023-09-20,-0.003213778167267763,0.0,-0.003213778167267763,1.2323316004892275,-0.028926290962289714,Base equity risk parity
2023-09-21,-0.016897617842680745,0.0,-0.016897617842680745,1.2115081320487013,-0.045335123394683485,Base equity risk parity
2023-09-22,-0.003307225354919118,0.0,-0.003307225354919118,1.2075014016366992,-0.04849241528004333,Base equity risk parity
2023-09-25,0.0014020811197743505,0.0,0.0014020811197743505,1.2091944165540351,-0.04715832446018531,Base equity risk parity
2023-09-26,-0.011130787826988647,0.0,-0.011130787826988647,1.1957351300617929,-0.0577642029833314,Base equity risk parity
2023-09-27,-0.002878763027919986,0.0,-0.002878763027919986,1.1922928919781859,-0.060476676559365616,Base equity risk parity
2023-09-28,0.002688800166926403,0.0,0.002688800166926403,1.1954987293051618,-0.05795048609046738,Base equity risk parity
2023-09-29,-0.0028325028575798264,0.0,-0.0028325028575798264,1.1921124757381718,-0.06061884403059792,Base equity risk parity
2023-10-02,-0.0143953948349295,8.80220138861231e-06,-0.014404197036318112,1.1749410527481863,-0.07414987529338535,Base equity risk parity
2023-10-03,-0.008153715721273245,0.0,-0.008153715721273245,1.165360917414824,-0.08169899401074843,Base equity risk parity
2023-10-04,0.001968447500307304,0.0,0.001968447500307304,1.167654869199665,-0.07989136669097929,Base equity risk parity
2023-10-05,-0.0023577753633511403,0.0,-0.0023577753633511403,1.1649018013161692,-0.08206077615820195,Base equity risk parity
2023-10-06,0.00943577442410103,0.0,0.00943577442410103,1.1758935519396174,-0.0733993087069964,Base equity risk parity
2023-10-09,0.008730608536234155,0.0,0.008730608536234155,1.1861598182218842,-0.06530952080191321,Base equity risk parity
2023-10-10,0.007955388277772816,0.0,0.007955388277772816,1.1955961801353316,-0.057873695120354895,Base equity risk parity
2023-10-11,0.0035703007156041256,0.0,0.0035703007156041256,1.1998648180328422,-0.054510020899853795,Base equity risk parity
2023-10-12,-0.007857096078047764,0.0,-0.007857096078047764,1.190437364876889,-0.061938826506474975,Base equity risk parity
2023-10-13,0.002175250762473148,0.0,0.002175250762473148,1.1930268646625137,-0.05989830822358688,Base equity risk parity
2023-10-16,0.009303723041462878,0.0,0.009303723041462878,1.2041264561923588,-0.05115186245248826,Base equity risk parity
2023-10-17,0.0027928637603052355,0.0,0.0027928637603052355,1.207489417334683,-0.048501858875098725,Base equity risk parity
2023-10-18,-0.012793488540519211,0.0,-0.012793488540519211,1.1920414153112135,-0.06067483943990559,Base equity risk parity
2023-10-19,-0.009173251165677508,0.0,-0.009173251165677508,1.181106520008674,-0.06929150506396364,Base equity risk parity
2023-10-20,-0.00718735295902603,0.0,-0.00718735295902603,1.1726174905671647,-0.0759808355190329,Base equity risk parity
2023-10-23,-0.0066053714514432045,0.0,-0.0066053714514432045,1.1648719164715093,-0.08208432532868193,Base equity risk parity
2023-10-24,0.010816378195382784,0.0,0.010816378195382784,1.1774716116692454,-0.07215580223996709,Base equity risk parity
2023-10-25,-0.009742186193252681,0.0,-0.009742186193252681,1.1660004639910941,-0.08119503317287469,Base equity risk parity
2023-10-26,-0.0015333002393719598,0.0,-0.0015333002393719598,1.1642126352005489,-0.08260383704844676,Base equity risk parity
2023-10-27,-0.012637241777109039,0.0,-0.012637241777109039,1.1495001986495543,-0.09419719416505756,Base equity risk parity
2023-10-30,0.009053318371798047,0.0,0.009053318371798047,1.1599069899163739,-0.08599667298176594,Base equity risk parity
2023-10-31,0.005255806003088826,0.0,0.005255806003088826,1.166003236037001,-0.08119284880878042,Base equity risk parity
2023-11-01,0.004856012648732685,1.3483917592495496e-05,0.004842528731140189,1.1716496402081127,-0.0767434987807597,Base equity risk parity
2023-11-02,0.022991010689007534,0.0,0.022991010689007534,1.1985870496099091,-0.05551689869253251,Base equity risk parity
2023-11-03,0.010693414552591148,0.0,0.010693414552591148,1.2114040378087552,-0.04541714935233476,Base equity risk parity
2023-11-06,-0.0036178608148497455,0.0,-0.0036178608148497455,1.2070213466094162,-0.048870697242220484,Base equity risk parity
2023-11-07,-0.0033878571102247063,0.0,-0.0033878571102247063,1.2029321307581125,-0.052092987413311476,Base equity risk parity
2023-11-08,-0.0014161896170101895,0.0,-0.0014161896170101895,1.2012285507645648,-0.05343540348242792,Base equity risk parity
2023-11-09,-0.01014122389907102,0.0,-0.01014122389907102,1.1890466230773047,-0.0630347269906465,Base equity risk parity
2023-11-10,0.009164115183428325,0.0,0.009164115183428325,1.1999431832896517,-0.0544482693059164,Base equity risk parity
2023-11-13,-0.0008444129268412243,0.0,-0.0008444129268412243,1.198929935754207,-0.055246705410311514,Base equity risk parity
2023-11-14,0.021197112064686968,0.0,0.021197112064686968,1.224343787960097,-0.035220663951411546,Base equity risk parity
2023-11-15,0.004533620087446923,0.0,0.004533620087446923,1.2298944975511337,-0.030846720973548014,Base equity risk parity
2023-11-16,-0.00023561396467791282,0.0,-0.00023561396467791282,1.2296047172324303,-0.031075067019999847,Base equity risk parity
2023-11-17,0.002365543945059968,0.0,0.002365543945059968,1.2325134012260968,-0.028783032511571327,Base equity risk parity
2023-11-20,0.004143465570426196,0.0,0.004143465570426196,1.237620278069166,-0.02475882844536914,Base equity risk parity
2023-11-21,-0.001583685724437787,0.0,-0.001583685724437787,1.2356602765025133,-0.026303303966644154,Base equity risk parity
2023-11-22,0.0015340124771006697,0.0,0.0015340124771006697,1.2375557947841258,-0.024809641086017242,Base equity risk parity
2023-11-24,0.002572364687755546,0.0,0.002572364687755546,1.2407392396097559,-0.02230109584290718,Base equity risk parity
2023-11-27,0.0002596491759630946,0.0,0.0002596491759630946,1.2410613965309054,-0.02204723712810297,Base equity risk parity
2023-11-28,0.0014086363685485328,0.0,0.0014086363685485328,1.2428096007496605,-0.02066965729959902,Base equity risk parity
2023-11-29,0.003971437087242203,0.0,0.003971437087242203,1.2477453408904582,-0.016780308455937254,Base equity risk parity
2023-11-30,0.007440468564214223,0.0,0.007440468564214223,1.2570291508754985,-0.009464693249287115,Base equity risk parity
2023-12-01,0.008592685544506371,2.0457419059433497e-05,0.008572228125446939,1.2678046915171401,-0.0009735986335104307,Base equity risk parity
2023-12-04,-0.000851558554712177,0.0,-0.000851558554712177,1.2667250815863744,-0.0018243281119775245,Base equity risk parity
2023-12-05,-0.0038338535081806294,0.0,-0.0038338535081806294,1.261868643188434,-0.005651187413425962,Base equity risk parity
2023-12-06,8.032622157217503e-06,0.0,8.032622157217503e-06,1.2618787793024568,-0.005643200185121988,Base equity risk parity
2023-12-07,0.003052187345407885,0.0,0.003052187345407885,1.2657302697440826,-0.002608236943906661,Base equity risk parity
2023-12-08,0.0023276780609062975,0.0,0.0023276780609062975,1.2686764823239909,-0.0002866300189123816,Base equity risk parity
2023-12-11,0.006724829567903998,0.0,0.006724829567903998,1.277208115444428,0.0,Base equity risk parity
2023-12-12,0.0012643510561252725,0.0,0.0012643510561252725,1.2788229548740817,0.0,Base equity risk parity
2023-12-13,0.020073732053827637,0.0,0.020073732053827637,1.304493704214508,0.0,Base equity risk parity
2023-12-14,0.010497157203351162,0.0,0.010497157203351162,1.3181871796984295,0.0,Base equity risk parity
2023-12-15,-0.003954111105071706,0.0,-0.003954111105071706,1.3129749211326207,-0.0039541111050717115,Base equity risk parity
2023-12-18,-0.0007163244398876625,0.0,-0.0007163244398876625,1.3120344051076538,-0.004667603118536867,Base equity risk parity
2023-12-19,0.007200059053095058,0.0,0.007200059053095058,1.3214811303041212,0.0,Base equity risk parity
2023-12-20,-0.014171986729982468,0.0,-0.014171986729982468,1.302753117261529,-0.014171986729982433,Base equity risk parity
2023-12-21,0.007681183135582981,0.0,0.007681183135582981,1.3127598025356664,-0.0065996612198675475,Base equity risk parity
2023-12-22,0.0030414488662987536,0.0,0.0030414488662987536,1.316752494348811,-0.0035782848857039973,Base equity risk parity
2023-12-26,0.0054952717018933615,0.0,0.0054952717018933615,1.3239884070694035,0.0,Base equity risk parity
2023-12-27,0.001934995605566234,0.0,0.001934995605566234,1.3265503188189034,0.0,Base equity risk parity
2023-12-28,0.0016488667504499068,0.0,0.0016488667504499068,1.3287376235324027,0.0,Base equity risk parity
2023-12-29,-0.002348144862373946,0.0,-0.002348144862373946,1.325617555108262,-0.002348144862374002,Base equity risk parity
2021-01-04,-0.012701583880269677,0.0,-0.012701583880269677,0.9872984161197303,-0.012701583880269651,Coverage-aware sentiment tilt
2021-01-05,0.008367756310047759,0.0,0.008367756310047759,0.9955598886711163,-0.004440111328883667,Coverage-aware sentiment tilt
2021-01-06,0.010552236343972746,0.0,0.010552236343972746,1.006065271910953,0.0,Coverage-aware sentiment tilt
2021-01-07,0.008929353030340238,0.0,0.008929353030340238,1.0150487838954112,0.0,Coverage-aware sentiment tilt
2021-01-08,0.003492688790514952,0.0,0.003492688790514952,1.0185940334047485,0.0,Coverage-aware sentiment tilt
2021-01-11,-0.0014581464214724815,0.0,-0.0014581464214724815,1.0171087741600062,-0.0014581464214724615,Coverage-aware sentiment tilt
2021-01-12,-0.0009059744032347702,0.0,-0.0009059744032347702,1.0161872996453116,-0.002362799781373326,Coverage-aware sentiment tilt
2021-01-13,0.0005829815043630351,0.0,0.0005829815043630351,1.0167797180459734,-0.001781195745581332,Coverage-aware sentiment tilt
2021-01-14,0.002121426125648456,0.0,0.002121426125648456,1.0189367411038655,0.0,Coverage-aware sentiment tilt
2021-01-15,-0.007517976781633188,0.0,-0.007517976781633188,1.0112763983422937,-0.007517976781633129,Coverage-aware sentiment tilt
2021-01-19,0.007880322446570939,0.0,0.007880322446570939,1.0192455824438378,0.0,Coverage-aware sentiment tilt
2021-01-20,0.010358296491398652,0.0,0.010358296491398652,1.0298032303843394,0.0,Coverage-aware sentiment tilt
2021-01-21,-0.005785252252830275,0.0,-0.005785252252830275,1.0238455589257864,-0.005785252252830331,Coverage-aware sentiment tilt
2021-01-22,-0.0027559726065151747,0.0,-0.0027559726065151747,1.0210238686120847,-0.008525280862614948,Coverage-aware sentiment tilt
2021-01-25,0.004264825247961861,0.0,0.004264825247961861,1.0253783569857131,-0.004296814447722119,Coverage-aware sentiment tilt
2021-01-26,-0.004494768741022917,0.0,-0.004494768741022917,1.0207695183990122,-0.00877227000147951,Coverage-aware sentiment tilt
2021-01-27,-0.02579384614754312,0.0,-0.02579384614754312,0.9944399464893264,-0.0343398455662397,Coverage-aware sentiment tilt
2021-01-28,0.009434028591604122,0.0,0.009434028591604122,1.00382152137714,-0.025229780059538798,Coverage-aware sentiment tilt
2021-01-29,-0.011443402190572344,0.0,-0.011443402190572344,0.9923343879804691,-0.03638446772971016,Coverage-aware sentiment tilt
2021-02-01,0.006929314581281216,4.895045969529756e-05,0.006880364121585918,0.9991620099001459,-0.029754441994474745,Coverage-aware sentiment tilt
2021-02-02,0.015518897798217749,0.0,0.015518897798217749,1.014667903015648,-0.01469730034061234,Coverage-aware sentiment tilt
2021-02-03,-0.0009511037623216806,0.0,-0.0009511037623216806,1.0137028485555828,-0.01563442544528404,Coverage-aware sentiment tilt
2021-02-04,0.008319348536841742,0.0,0.008319348536841742,1.022136195865506,-0.007445145142894849,Coverage-aware sentiment tilt
2021-02-05,0.007504030587300383,0.0,0.007504030587300383,1.0298063371436676,0.0,Coverage-aware sentiment tilt
2021-02-08,0.008897573360540555,0.0,0.008897573360540555,1.038969114575553,0.0,Coverage-aware sentiment tilt
2021-02-09,-0.0028857040106868427,0.0,-0.0028857040106868427,1.0359709572346425,-0.0028857040106869958,Coverage-aware sentiment tilt
2021-02-10,-4.42847261761534e-05,0.0,-4.42847261761534e-05,1.035925079544475,-0.0029298609442510726,Coverage-aware sentiment tilt
2021-02-11,-0.0011653161887861625,0.0,-0.0011653161887861625,1.0347178992789123,-0.00409176291864799,Coverage-aware sentiment tilt
2021-02-12,0.003668652619308789,0.0,0.003668652619308789,1.0385139198103477,-0.0004381215560881335,Coverage-aware sentiment tilt
2021-02-16,-0.0029543647159845803,0.0,-0.0029543647159845803,1.0354457709286011,-0.003391191901206181,Coverage-aware sentiment tilt
2021-02-17,0.0027823328760914843,0.0,0.0027823328760914843,1.0383267257384656,-0.0006182944498305254,Coverage-aware sentiment tilt
2021-02-18,-0.00437916326306578,0.0,-0.00437916326306578,1.0337797234860524,-0.004994750100555834,Coverage-aware sentiment tilt
2021-02-19,-0.002344743507314877,0.0,-0.002344743507314877,1.0313557751914149,-0.007327782200001631,Coverage-aware sentiment tilt
2021-02-22,0.00018732277937373083,0.0,0.00018732277937373083,1.031548971621747,-0.007141832081156152,Coverage-aware sentiment tilt
2021-02-23,-0.00016335914191966262,0.0,-0.00016335914191966262,1.0313804586668947,-0.007304024539515397,Coverage-aware sentiment tilt
2021-02-24,0.010412892661840197,0.0,0.010412892661840197,1.0421201126765125,0.0,Coverage-aware sentiment tilt
2021-02-25,-0.015904480452166556,0.0,-0.015904480452166556,1.0255457337156393,-0.015904480452166525,Coverage-aware sentiment tilt
2021-02-26,-0.013383219453797461,0.0,-0.013383219453797461,1.0118206301014172,-0.02907484675377403,Coverage-aware sentiment tilt
2021-03-01,0.017474055235361843,5.8791846461139815e-05,0.017415263388900704,1.0294417528769568,-0.012165929479082238,Coverage-aware sentiment tilt
2021-03-02,-0.0013425635635064244,0.0,-0.0013425635635064244,1.028059661888792,-0.013492159508953883,Coverage-aware sentiment tilt
2021-03-03,-0.011123243172188114,0.0,-0.011123243172188114,1.0166243042740855,-0.024465326110005958,Coverage-aware sentiment tilt
2021-03-04,-0.008631771127061077,0.0,-0.008631771127061077,1.007849035957384,-0.03288591814153652,Coverage-aware sentiment tilt
2021-03-05,0.01689396305732252,0.0,0.01689396305732252,1.0248756003382062,-0.01654752857040309,Coverage-aware sentiment tilt
2021-03-08,9.870804359326038e-06,0.0,9.870804359326038e-06,1.02488571668475,-0.016537821103460693,Coverage-aware sentiment tilt
2021-03-09,0.008412591827915428,0.0,0.008412591827915428,1.0335076618894794,-0.00826435521421176,Coverage-aware sentiment tilt
2021-03-10,0.007071994761630837,0.0,0.007071994761630837,1.0408166226604672,-0.0012508059293641072,Coverage-aware sentiment tilt
2021-03-11,0.004629812285493888,0.0,0.004629812285493888,1.045635408247007,0.0,Coverage-aware sentiment tilt
2021-03-12,0.005908803412239226,0.0,0.005908803412239226,1.051813862315215,0.0,Coverage-aware sentiment tilt
2021-03-15,0.008237376352901594,0.0,0.008237376352901594,1.0604780489523042,0.0,Coverage-aware sentiment tilt
2021-03-16,0.0027659915461424795,0.0,0.0027659915461424795,1.0634113222705759,0.0,Coverage-aware sentiment tilt
2021-03-17,-0.001454242643096922,0.0,-0.001454242643096922,1.061864864178578,-0.0014542426430969035,Coverage-aware sentiment tilt
2021-03-18,-0.011113402709254,0.0,-0.011113402709254,1.0500639323201542,-0.012551483768221128,Coverage-aware sentiment tilt
2021-03-19,-0.003870147823346229,0.0,-0.003870147823346229,1.046000029678111,-0.016373055493982047,Coverage-aware sentiment tilt
2021-03-22,0.007239489104571251,0.0,0.007239489104571251,1.0535725354963468,-0.009252098946268106,Coverage-aware sentiment tilt
2021-03-23,-0.00422428535160759,0.0,-0.00422428535160759,1.0491219444677935,-0.013437300791825257,Coverage-aware sentiment tilt
2021-03-24,-0.0052078559310573804,0.0,-0.0052078559310573804,1.0436582685268945,-0.018575177196256565,Coverage-aware sentiment tilt
2021-03-25,0.005822532208414969,0.0,0.005822532208414969,1.0497350024099708,-0.012860799555343916,Coverage-aware sentiment tilt
2021-03-26,0.019822350428256245,0.0,0.019822350428256245,1.0705432174845475,0.0,Coverage-aware sentiment tilt
2021-03-29,0.00419822354971227,0.0,0.00419822354971227,1.0750375972311759,0.0,Coverage-aware sentiment tilt
2021-03-30,-0.0058749538080597775,0.0,-0.0058749538080597775,1.068721801005515,-0.005874953808059802,Coverage-aware sentiment tilt
2021-03-31,0.000663769295941807,0.0,0.000663769295941807,1.069431185722926,-0.005215084126071079,Coverage-aware sentiment tilt
2021-04-01,0.011233465870079092,6.084576551130777e-05,0.011172620104567784,1.0813795340889858,0.0,Coverage-aware sentiment tilt
2021-04-05,0.00831422744636165,0.0,0.00831422744636165,1.0903703694912423,0.0,Coverage-aware sentiment tilt
2021-04-06,0.0005255646624350395,0.0,0.0005255646624350395,1.0909434296264133,0.0,Coverage-aware sentiment tilt
2021-04-07,-0.0009484831747820946,0.0,-0.0009484831747820946,1.0899086881387736,-0.0009484831747821332,Coverage-aware sentiment tilt
2021-04-08,-0.0006510918326552872,0.0,-0.0006510918326552872,1.0891990574935864,-0.0015989574577889298,Coverage-aware sentiment tilt
2021-04-09,0.0024583355205822343,0.0,0.0024583355205822343,1.0918766742256076,0.0,Coverage-aware sentiment tilt
2021-04-12,-0.00019621948078471572,0.0,-0.00019621948078471572,1.09166242675151,-0.00019621948078485385,Coverage-aware sentiment tilt
2021-04-13,0.0038023083984397126,0.0,0.0038023083984397126,1.0958132639650084,0.0,Coverage-aware sentiment tilt
2021-04-14,-0.0004431901221284701,0.0,-0.0004431901221284701,1.095327610350722,-0.0004431901221283452,Coverage-aware sentiment tilt
2021-04-15,0.012132689143064255,0.0,0.012132689143064255,1.1086168797569225,0.0,Coverage-aware sentiment tilt
2021-04-16,0.0028190951391683346,0.0,0.0028190951391683346,1.111742176213845,0.0,Coverage-aware sentiment tilt
2021-04-19,-0.0034923522232276046,0.0,-0.0034923522232276046,1.1078595809530887,-0.003492352223227635,Coverage-aware sentiment tilt
2021-04-20,-0.0027824434646084215,0.0,-0.0027824434646084215,1.104777024302362,-0.006265078415216396,Coverage-aware sentiment tilt
2021-04-21,0.007930872142075562,0.0,0.007930872142075562,1.113538869627607,0.0,Coverage-aware sentiment tilt
2021-04-22,-0.007547260037351852,0.0,-0.007547260037351852,1.1051347022168285,-0.007547260037351844,Coverage-aware sentiment tilt
2021-04-23,0.00682203688697954,0.0,0.00682203688697954,1.1126739719204328,-0.0007767108367428,Coverage-aware sentiment tilt
2021-04-26,-0.0012236673821562094,0.0,-0.0012236673821562094,1.1113124290740197,-0.001999427783182628,Coverage-aware sentiment tilt
2021-04-27,-0.000673755714290002,0.0,-0.000673755714290002,1.1105636759745696,-0.0026718363715784177,Coverage-aware sentiment tilt
2021-04-28,-0.0017205884344474644,0.0,-0.0017205884344474644,1.1086528529579702,-0.004387827675266243,Coverage-aware sentiment tilt
2021-04-29,0.00837199554706351,0.0,0.00837199554706351,1.1179344897061736,0.0,Coverage-aware sentiment tilt
2021-04-30,-0.004627489457491535,0.0,-0.004627489457491535,1.112761259640892,-0.004627489457491585,Coverage-aware sentiment tilt
2021-05-03,0.004977750012883619,7.191365435760237e-05,0.004905836358526016,1.1182202842867974,0.0,Coverage-aware sentiment tilt
2021-05-04,-0.003963899452650504,0.0,-0.003963899452650504,1.1137877715139703,-0.00396389945265041,Coverage-aware sentiment tilt
2021-05-05,0.0023817131848150354,0.0,0.0023817131848150354,1.1164404945344708,-0.001591627139425178,Coverage-aware sentiment tilt
2021-05-06,0.0077927222401720135,0.0,0.0077927222401720135,1.1251406052060582,0.0,Coverage-aware sentiment tilt
2021-05-07,0.007331982010109152,0.0,0.007331982010109152,1.1333901158822723,0.0,Coverage-aware sentiment tilt
2021-05-10,-0.0016483792931390247,0.0,-0.0016483792931390247,1.1315218590842036,-0.0016483792931389907,Coverage-aware sentiment tilt
2021-05-11,-0.007531565120084808,0.0,-0.007531565120084808,1.1229997285177116,-0.009167529537234875,Coverage-aware sentiment tilt
2021-05-12,-0.01677294238353341,0.0,-0.01677294238353341,1.1041637187745603,-0.025786705476040894,Coverage-aware sentiment tilt
2021-05-13,0.010434956666235473,0.0,0.010434956666235473,1.1156856193324023,-0.015620831964012871,Coverage-aware sentiment tilt
2021-05-14,0.01016985022878654,0.0,0.01016985022878654,1.127031974983424,-0.005609843256749292,Coverage-aware sentiment tilt
2021-05-17,0.0010289283665950357,0.0,0.0010289283665950357,1.1281916101525438,-0.00458668701701348,Coverage-aware sentiment tilt
2021-05-18,-0.006088679558402815,0.0,-0.006088679558402815,1.1213224129578463,-0.010647439707935136,Coverage-aware sentiment tilt
2021-05-19,-0.0019661113098064023,0.0,-0.0019661113098064023,1.1191177682797904,-0.012592616966111359,Coverage-aware sentiment tilt
2021-05-20,0.010257260621596242,0.0,0.010257260621596242,1.1305968508952953,-0.0024645220986444505,Coverage-aware sentiment tilt
2021-05-21,0.0005951617386675263,0.0,0.0005951617386675263,1.1312697388828061,-0.0018708271492341444,Coverage-aware sentiment tilt
2021-05-24,0.004309534614231605,0.0,0.004309534614231605,1.1361449849805545,0.0,Coverage-aware sentiment tilt
2021-05-25,-0.004884939668963063,0.0,-0.004884939668963063,1.1305949852737296,-0.004884939668962973,Coverage-aware sentiment tilt
2021-05-26,0.002395579381858397,0.0,0.002395579381858397,1.133303415309684,-0.0025010625478570914,Coverage-aware sentiment tilt
2021-05-27,-0.0005913246746815896,0.0,-0.0005913246746815896,1.1326332650363105,-0.003090908282541216,Coverage-aware sentiment tilt
2021-05-28,0.003146552460747525,0.0,0.003146552460747525,1.1361971550235348,0.0,Coverage-aware sentiment tilt
2021-06-01,-9.071783548901795e-05,5.287699318813519e-05,-0.00014359482867715314,1.1360340029877156,-0.00014359482867720708,Coverage-aware sentiment tilt
2021-06-02,0.003567617224501664,0.0,0.003567617224501664,1.140086937464394,0.0,Coverage-aware sentiment tilt
2021-06-03,0.0019449174929674702,0.0,0.0019449174929674702,1.1423043124925722,0.0,Coverage-aware sentiment tilt
2021-06-04,0.0065034378198524315,0.0,0.0065034378198524315,1.149733217560217,0.0,Coverage-aware sentiment tilt
2021-06-07,-0.0010639587416946903,0.0,-0.0010639587416946903,1.148509948852777,-0.0010639587416947371,Coverage-aware sentiment tilt
2021-06-08,-0.004582864138878153,0.0,-0.004582864138878153,1.1432464837950347,-0.005641946902210537,Coverage-aware sentiment tilt
2021-06-09,0.00022147769121007267,0.0,0.00022147769121007267,1.1434996873867498,-0.005421718776374096,Coverage-aware sentiment tilt
2021-06-10,0.005938713204171193,0.0,0.005938713204171193,1.1502906040791991,0.0,Coverage-aware sentiment tilt
2021-06-11,-0.000665007833022607,0.0,-0.000665007833022607,1.149525651817234,-0.0006650078330227016,Coverage-aware sentiment tilt
2021-06-14,5.4857395657423525e-05,0.0,5.4857395657423525e-05,1.1495887118007342,-0.000610186917963107,Coverage-aware sentiment tilt
2021-06-15,-0.003180816289557969,0.0,-0.003180816289557969,1.1459320812999463,-0.003789062315032843,Coverage-aware sentiment tilt
2021-06-16,-0.009100482018016972,0.0,-0.009100482018016972,1.1355035470002073,-0.012855062039586751,Coverage-aware sentiment tilt
2021-06-17,-0.003992084256706529,0.0,-0.003992084256706529,1.1309705211667933,-0.016795827805506147,Coverage-aware sentiment tilt
2021-06-18,-0.014057049510624446,0.0,-0.014057049510624446,1.115072412555695,-0.03061677753309655,Coverage-aware sentiment tilt
2021-06-21,0.014236981722658432,0.0,0.014236981722658432,1.130947678112691,-0.016815686312583566,Coverage-aware sentiment tilt
2021-06-22,0.0001865360877844667,0.0,0.0001865360877844667,1.131158640668055,-0.016632286957137477,Coverage-aware sentiment tilt
2021-06-23,-0.00501431962981242,0.0,-0.00501431962981242,1.125486649691721,-0.021563206983972072,Coverage-aware sentiment tilt
2021-06-24,0.005947751174817688,0.0,0.005947751174817688,1.1321807642346666,-0.015743708398826217,Coverage-aware sentiment tilt
2021-06-25,0.007946904085109835,0.0,0.007946904085109835,1.141178096175046,-0.007921918054305643,Coverage-aware sentiment tilt
2021-06-28,0.0019426857496714187,0.0,0.0019426857496714187,1.1433950466003224,-0.005994622101948344,Coverage-aware sentiment tilt
2021-06-29,-0.0016914816260926242,0.0,-0.0016914816260926242,1.1414610148876325,-0.007675963934900332,Coverage-aware sentiment tilt
2021-06-30,0.0029385120332529784,0.0,0.0029385120332529784,1.144815211815369,-0.0047600078140368485,Coverage-aware sentiment tilt
2021-07-01,0.005868415699364792,5.229531992613023e-05,0.005816120379438662,1.1514735948994996,0.0,Coverage-aware sentiment tilt
2021-07-02,0.0043150962092455645,0.0,0.0043150962092455645,1.1564423142438969,0.0,Coverage-aware sentiment tilt
2021-07-06,-0.004751763212440394,0.0,-0.004751763212440394,1.1509471741977633,-0.0047517632124404185,Coverage-aware sentiment tilt
2021-07-07,0.0014818246542394784,0.0,0.0014818246542394784,1.1526526760962168,-0.003276979838080174,Coverage-aware sentiment tilt
2021-07-08,-0.006249713831013026,0.0,-0.006249713831013026,1.1454489267240642,-0.00950621348287517,Coverage-aware sentiment tilt
2021-07-09,0.00904660745837816,0.0,0.00904660745837816,1.1558113535277574,-0.0005456050062920825,Coverage-aware sentiment tilt
2021-07-12,0.003571008250414934,0.0,0.003571008250414934,1.1599387654071285,0.0,Coverage-aware sentiment tilt
2021-07-13,-0.0036863525376621803,0.0,-0.0036863525376621803,1.1556628221957372,-0.003686352537662141,Coverage-aware sentiment tilt
2021-07-14,0.0014980426513510569,0.0,0.0014980426513510569,1.1573940543939674,-0.0021938321996402,Coverage-aware sentiment tilt
2021-07-15,0.0004185025275943067,0.0,0.0004185025275943067,1.1578784267311537,-0.0017762477963667589,Coverage-aware sentiment tilt
2021-07-16,-0.004526557660561523,0.0,-0.004526557660561523,1.1526372232686348,-0.006294765168858629,Coverage-aware sentiment tilt
2021-07-19,-0.014738085442099137,0.0,-0.014738085442099137,1.1356495573883578,-0.020940077824061154,Coverage-aware sentiment tilt
2021-07-20,0.008261943763241512,0.0,0.008261943763241512,1.1450322301662503,-0.012851139806200118,Coverage-aware sentiment tilt
2021-07-21,0.004674997631092864,0.0,0.004674997631092864,1.1503852531298027,-0.008236221223257956,Coverage-aware sentiment tilt
2021-07-22,-0.0010449914557690244,0.0,-0.0010449914557690244,1.1491831103694394,-0.009272605898220765,Coverage-aware sentiment tilt
2021-07-23,0.007078194986094348,0.0,0.007078194986094348,1.1573172524993607,-0.0022600442247032726,Coverage-aware sentiment tilt
2021-07-26,0.0030023222307645945,0.0,0.0030023222307645945,1.160791891814587,0.0,Coverage-aware sentiment tilt
2021-07-27,7.069214397617475e-05,0.0,7.069214397617475e-05,1.1608739506821295,0.0,Coverage-aware sentiment tilt
2021-07-28,0.0009835162620227575,0.0,0.0009835162620227575,1.162015689090784,0.0,Coverage-aware sentiment tilt
2021-07-29,0.0043754688405317835,0.0,0.0043754688405317835,1.1671000525306097,0.0,Coverage-aware sentiment tilt
2021-07-30,-0.004131544678950071,0.0,-0.004131544678950071,1.1622781265187745,-0.00413154467895005,Coverage-aware sentiment tilt
2021-08-02,-0.0016632560992178057,5.389395445906345e-05,-0.0017171500536768691,1.1602823205714352,-0.005841600250459766,Coverage-aware sentiment tilt
2021-08-03,0.004413993634681296,0.0,0.004413993634681296,1.1654037993488706,-0.0014533914021005456,Coverage-aware sentiment tilt
2021-08-04,-0.007126363621280732,0.0,-0.007126363621280732,1.1570987081090884,-0.008569397627765873,Coverage-aware sentiment tilt
2021-08-05,0.004712958423523638,0.0,0.004712958423523638,1.1625520662123197,-0.0038968264189763735,Coverage-aware sentiment tilt
2021-08-06,0.0018790036350343176,0.0,0.0018790036350343176,1.1647365057706491,-0.0020251449349485418,Coverage-aware sentiment tilt
2021-08-09,-0.0016103561178286133,0.0,-0.0016103561178286133,1.162860865212923,-0.0036322398482416807,Coverage-aware sentiment tilt
2021-08-10,0.0044728190227653055,0.0,0.0044728190227653055,1.1680621314116766,0.0,Coverage-aware sentiment tilt
2021-08-11,0.007212969612244539,0.0,0.007212969612244539,1.1764873280707626,0.0,Coverage-aware sentiment tilt
2021-08-12,0.0027806365893150945,0.0,0.0027806365893150945,1.1797587117820616,0.0,Coverage-aware sentiment tilt
2021-08-13,0.002363055814533593,0.0,0.002363055814533593,1.1825465474656849,0.0,Coverage-aware sentiment tilt
2021-08-16,0.0018491940742177539,0.0,0.0018491940742177539,1.1847333055337452,0.0,Coverage-aware sentiment tilt
2021-08-17,-0.0025530721771441544,0.0,-0.0025530721771441544,1.181708595894051,-0.0025530721771441778,Coverage-aware sentiment tilt
2021-08-18,-0.011645550974419792,0.0,-0.011645550974419792,1.1679469482036569,-0.014168891219383584,Coverage-aware sentiment tilt
2021-08-19,-0.0012025313080358088,0.0,-0.0012025313080358088,1.1665424554323172,-0.015354383992127851,Coverage-aware sentiment tilt
2021-08-20,0.005469774887114951,0.0,0.005469774887114951,1.1729231800597941,-0.009968594128980324,Coverage-aware sentiment tilt
2021-08-23,0.00477502676654978,0.0,0.00477502676654978,1.1785239196396864,-0.00524116766622118,Coverage-aware sentiment tilt
2021-08-24,-0.0005756671301493892,0.0,-0.0005756671301493892,1.177845482157055,-0.0058138176284215914,Coverage-aware sentiment tilt
2021-08-25,-0.0006144477943124363,0.0,-0.0006144477943124363,1.1771217575985027,-0.006424693135315684,Coverage-aware sentiment tilt
2021-08-26,-0.005740829065070693,0.0,-0.005740829065070693,1.170364102799354,-0.012128639135301045,Coverage-aware sentiment tilt
2021-08-27,0.007690099914633506,0.0,0.007690099914633506,1.1793643196863814,-0.004531809667446596,Coverage-aware sentiment tilt
2021-08-30,0.0009301863217203156,0.0,0.0009301863217203156,1.1804613482448787,-0.0036058387730916186,Coverage-aware sentiment tilt
2021-08-31,0.0004664914611104076,0.0,0.0004664914611104076,1.1810120233840058,-0.0031410294049789567,Coverage-aware sentiment tilt
2021-09-01,-0.0002112132165502914,5.3313902916505665e-05,-0.00026452711946679705,1.1806996136754044,-0.0034047256369850176,Coverage-aware sentiment tilt
2021-09-02,0.005190521651282957,0.0,0.005190521651282957,1.186828060583848,0.0,Coverage-aware sentiment tilt
2021-09-03,-0.0026750966032379688,0.0,-0.0026750966032379688,1.1836531808703525,-0.0026750966032379475,Coverage-aware sentiment tilt
2021-09-07,-0.011540383569827915,0.0,-0.011540383569827915,1.1699933691494617,-0.014184608532178289,Coverage-aware sentiment tilt
2021-09-08,0.002571240769021325,0.0,0.002571240769021325,1.1730017037997034,-0.01164983980690748,Coverage-aware sentiment tilt
2021-09-09,-0.008646685233701159,0.0,-0.008646685233701159,1.1628591272883522,-0.02019579254277526,Coverage-aware sentiment tilt
2021-09-10,-0.0049814291527917835,0.0,-0.0049814291527917835,1.157066426931088,-0.025076617785830813,Coverage-aware sentiment tilt
2021-09-13,0.0017766350766583055,0.0,0.0017766350766583055,1.1591221117311976,-0.023344534707934628,Coverage-aware sentiment tilt
2021-09-14,-0.007860390680109998,0.0,-0.007860390680109998,1.1500109590870362,-0.031021428224994874,Coverage-aware sentiment tilt
2021-09-15,0.0049644668060950855,0.0,0.0049644668060950855,1.1557201503200694,-0.02621096626960051,Coverage-aware sentiment tilt
2021-09-16,-0.004266153330471763,0.0,-0.004266153330471763,1.150789670951688,-0.03036529959902634,Coverage-aware sentiment tilt
2021-09-17,-0.010803167754863088,0.0,-0.010803167754863088,1.1383574970858332,-0.04084042592839443,Coverage-aware sentiment tilt
2021-09-20,-0.013046151693614592,0.0,-0.013046151693614592,1.123506312497288,-0.05335376723011542,Coverage-aware sentiment tilt
2021-09-21,-0.0023181579399556554,0.0,-0.0023181579399556554,1.120901847418382,-0.055548242710940055,Coverage-aware sentiment tilt
2021-09-22,0.004215938205752007,0.0,0.004215938205752007,1.1256275003418112,-0.05156649246389544,Coverage-aware sentiment tilt
2021-09-23,0.006362357449495603,0.0,0.006362357449495603,1.132789144853968,-0.045532219471872026,Coverage-aware sentiment tilt
2021-09-24,-0.003398381353893548,0.0,-0.003398381353893548,1.128939495346203,-0.048775864980111105,Coverage-aware sentiment tilt
2021-09-27,-0.0024266196536697855,0.0,-0.0024266196536697855,1.126199988578992,-0.05108412416119534,Coverage-aware sentiment tilt
2021-09-28,-0.010310679361518308,0.0,-0.010310679361518308,1.1145881015998085,-0.060868091498023524,Coverage-aware sentiment tilt
2021-09-29,0.00659433866069702,0.0,0.00659433866069702,1.121938073008941,-0.054675137646294725,Coverage-aware sentiment tilt
2021-09-30,-0.009610584199413841,0.0,-0.009610584199413841,1.1111555926917605,-0.06376026183174432,Coverage-aware sentiment tilt
2021-10-01,0.009609294657935358,5.248433681637966e-05,0.00955681032111898,1.121774695928366,-0.05481279623897628,Coverage-aware sentiment tilt
2021-10-04,-0.002382266150214364,0.0,-0.002382266150214364,1.1191023300420888,-0.05706448372011208,Coverage-aware sentiment tilt
2021-10-05,0.0040655835421131315,0.0,0.0040655835421131315,1.1236521340570482,-0.05323090060385072,Coverage-aware sentiment tilt
2021-10-06,0.0045000884165030605,0.0,0.0045000884165030605,1.1287086680096972,-0.04897035594655519,Coverage-aware sentiment tilt
2021-10-07,0.007335115657816035,0.0,0.007335115657816035,1.1369878766335277,-0.04199444351341153,Coverage-aware sentiment tilt
2021-10-08,-0.002679995633255138,0.0,-0.002679995633255138,1.1339407540890858,-0.044561894221429865,Coverage-aware sentiment tilt
2021-10-11,-0.008791344166264203,0.0,-0.008791344166264203,1.1239718906557354,-0.052961479438892844,Coverage-aware sentiment tilt
2021-10-12,0.0007237268669772547,0.0,0.0007237268669772547,1.1247853393107303,-0.05227608221750024,Coverage-aware sentiment tilt
2021-10-13,0.0038123961432690173,0.0,0.0038123961432690173,1.1290734666003241,-0.04866298320846241,Coverage-aware sentiment tilt
2021-10-14,0.011967799233593694,0.0,0.011967799233593694,1.1425859911685743,-0.03727757278801547,Coverage-aware sentiment tilt
2021-10-15,0.0021976665118116283,0.0,0.0021976665118116283,1.1450970141382304,-0.03516182994956185,Coverage-aware sentiment tilt
2021-10-18,-0.0012241238789235185,0.0,-0.0012241238789235185,1.1436952735395398,-0.03634291139281742,Coverage-aware sentiment tilt
2021-10-19,0.011055892966027157,0.0,0.011055892966027157,1.1563398460695442,-0.025688821765223024,Coverage-aware sentiment tilt
2021-10-20,0.009865344912456133,0.0,0.009865344912456133,1.1677475374870367,-0.01607690593987532,Coverage-aware sentiment tilt
2021-10-21,0.004783088041903539,0.0,0.004783088041903539,1.1733329767695533,-0.011370715154523592,Coverage-aware sentiment tilt
2021-10-22,0.0010325915121247955,0.0,0.0010325915121247955,1.1745445504422616,-0.010349864946354259,Coverage-aware sentiment tilt
2021-10-25,0.004521320244774696,0.0,0.004521320244774696,1.179855042496566,-0.005875339755492259,Coverage-aware sentiment tilt
2021-10-26,0.0045893878983225885,0.0,0.0045893878983225885,1.1852698549503744,-0.0013129160703421183,Coverage-aware sentiment tilt
2021-10-27,-0.012503306707646489,0.0,-0.012503306707646489,1.1704500624226022,-0.01379980698567973,Coverage-aware sentiment tilt
2021-10-28,0.008463454365068963,0.0,0.008463454365068963,1.180356113112508,-0.005453146657280916,Coverage-aware sentiment tilt
2021-10-29,-0.0032055793025950446,0.0,-0.0032055793025950446,1.176572387986623,-0.008641245465817349,Coverage-aware sentiment tilt
2021-11-01,0.00514912872025277,7.553248158564341e-05,0.0050735962386671265,1.1825418412288315,-0.0036114914176429425,Coverage-aware sentiment tilt
2021-11-02,0.004495315150740115,0.0,0.004495315150740115,1.1878577394840917,0.0,Coverage-aware sentiment tilt
2021-11-03,0.004489799596487559,0.0,0.004489799596487559,1.193190982683512,0.0,Coverage-aware sentiment tilt
2021-11-04,0.0035246825097077785,0.0,0.0035246825097077785,1.1973966020709177,0.0,Coverage-aware sentiment tilt
2021-11-05,-0.00021258430696603488,0.0,-0.00021258430696603488,1.197142054344103,-0.00021258430696602382,Coverage-aware sentiment tilt
2021-11-08,0.0013232561085940258,0.0,0.0013232561085940258,1.1987261798803686,0.0,Coverage-aware sentiment tilt
2021-11-09,0.0006009257286812945,0.0,0.0006009257286812945,1.1994465252835025,0.0,Coverage-aware sentiment tilt
2021-11-10,-0.0045887425469040965,0.0,-0.0045887425469040965,1.1939425739801979,-0.004588742546904001,Coverage-aware sentiment tilt
2021-11-11,0.0012975949411035076,0.0,0.0012975949411035076,1.1954918278241629,-0.003297101934915281,Coverage-aware sentiment tilt
2021-11-12,0.002230616430761279,0.0,0.002230616430761279,1.1981585115381483,-0.0010738400739038756,Coverage-aware sentiment tilt
2021-11-15,-0.0026034455911982204,0.0,-0.0026034455911982204,1.1950391710437278,-0.003674489980895923,Coverage-aware sentiment tilt
2021-11-16,-0.0011351455630248149,0.0,-0.0011351455630248149,1.1936826276310766,-0.004805464462922626,Coverage-aware sentiment tilt
2021-11-17,-0.004582074743899344,0.0,-0.004582074743899344,1.1882130846107768,-0.009365520209473788,Coverage-aware sentiment tilt
2021-11-18,-0.0017982975488235204,0.0,-0.0017982975488235204,1.1860763239332412,-0.011146975766261114,Coverage-aware sentiment tilt
2021-11-19,-0.005764508888970797,0.0,-0.005764508888970797,1.1792391764209302,-0.016847227814342114,Coverage-aware sentiment tilt
2021-11-22,-0.0008829185559240661,0.0,-0.0008829185559240661,1.1781980042701956,-0.017715271640213026,Coverage-aware sentiment tilt
2021-11-23,0.005931241706922124,0.0,0.005931241706922124,1.1851861814121354,-0.011889103491292796,Coverage-aware sentiment tilt
2021-11-24,0.0014029262438644097,0.0,0.0014029262438644097,1.1868489102099038,-0.01050285678273244,Coverage-aware sentiment tilt
2021-11-26,-0.018482352802615835,0.0,-0.018482352802615835,1.1649131499280043,-0.028791092080854397,Coverage-aware sentiment tilt
2021-11-29,0.007492940745969423,0.0,0.007492940745969423,1.1736417751346153,-0.021513881281858716,Coverage-aware sentiment tilt
2021-11-30,-0.022413662736353278,0.0,-0.022413662736353278,1.1473361642134532,-0.043445339139010275,Coverage-aware sentiment tilt
2021-12-01,-0.011167862391182486,7.023367355764376e-05,-0.01123809606474013,1.134442290181472,-0.0541951923089411,Coverage-aware sentiment tilt
2021-12-02,0.019335726208187864,0.0,0.019335726208187864,1.1563775557034106,-0.0359073695010389,Coverage-aware sentiment tilt
2021-12-03,0.0020754677933837373,0.0,0.0020754677933837373,1.1587775800772648,-0.03390642629659968,Coverage-aware sentiment tilt
2021-12-06,0.01361210183188183,0.0,0.01361210183188183,1.1745509784977781,-0.020755862192222363,Coverage-aware sentiment tilt
2021-12-07,0.01208997193795604,0.0,0.01208997193795604,1.188751266867515,-0.008916828045718361,Coverage-aware sentiment tilt
2021-12-08,-7.65254417587404e-05,0.0,-7.65254417587404e-05,1.1886602971516769,-0.008992671123271734,Coverage-aware sentiment tilt
2021-12-09,-0.0055888391257901855,0.0,-0.0055888391257901855,1.1820170659756821,-0.01453125165684288,Coverage-aware sentiment tilt
2021-12-10,0.006326637942935474,0.0,0.006326637942935474,1.189495259994481,-0.008296547681998057,Coverage-aware sentiment tilt
2021-12-13,0.0003445804520713747,0.0,0.0003445804520713747,1.1899051368089066,-0.007954826058077624,Coverage-aware sentiment tilt
2021-12-14,-0.0036367869713965573,0.0,-0.0036367869713965573,1.1855777053101622,-0.011562683021706488,Coverage-aware sentiment tilt
2021-12-15,0.010593929491313658,0.0,0.010593929491313658,1.1981376319266916,-0.0010912477790550046,Coverage-aware sentiment tilt
2021-12-16,0.00649874883319654,0.0,0.00649874883319654,1.205924027464184,0.0,Coverage-aware sentiment tilt
2021-12-17,-0.011116349438853926,0.0,-0.011116349438853926,1.192518554578182,-0.011116349438853979,Coverage-aware sentiment tilt
2021-12-20,-0.004804056966525291,0.0,-0.004804056966525291,1.18678962750835,-0.015867002829415222,Coverage-aware sentiment tilt
2021-12-21,0.008609645797983713,0.0,0.008609645797983713,1.197007465837918,-0.0073939663056683536,Coverage-aware sentiment tilt
2021-12-22,0.00662980836252716,0.0,0.00662980836252716,1.2049433959449376,-0.0008131785227868393,Coverage-aware sentiment tilt
2021-12-23,0.0035906622032721115,0.0,0.0035906622032721115,1.2092699406538396,0.0,Coverage-aware sentiment tilt
2021-12-27,0.011924060219918957,0.0,0.011924060219918957,1.2236893482483338,0.0,Coverage-aware sentiment tilt
2021-12-28,0.0028474922297722634,0.0,0.0028474922297722634,1.227173794159126,0.0,Coverage-aware sentiment tilt
2021-12-29,0.0017254548932168678,0.0,0.0017254548932168678,1.2292912271870855,0.0,Coverage-aware sentiment tilt
2021-12-30,-0.00020653252093963197,0.0,-0.00020653252093963197,1.2290373385709656,-0.00020653252093960628,Coverage-aware sentiment tilt
2021-12-31,-0.0006460348019590352,0.0,-0.0006460348019590352,1.2282433376773416,-0.0008524338957024424,Coverage-aware sentiment tilt
2022-01-03,0.0030763951078951824,6.318305781523652e-05,0.0030132120500799458,1.2319442953028612,0.0,Coverage-aware sentiment tilt
2022-01-04,0.003609268453546362,0.0,0.003609268453546362,1.236390712984424,0.0,Coverage-aware sentiment tilt
2022-01-05,-0.008446541000200768,0.0,-0.008446541000200768,1.2259474881349335,-0.008446541000200924,Coverage-aware sentiment tilt
2022-01-06,-0.0016974863262540635,0.0,-0.0016974863262540635,1.2238664590371189,-0.01012968943860304,Coverage-aware sentiment tilt
2022-01-07,0.0022129751005512573,0.0,0.0022129751005512573,1.226574845037368,-0.007939131088555706,Coverage-aware sentiment tilt
2022-01-10,-0.0054538674162312555,0.0,-0.0054538674162312555,1.2198852684564498,-0.013349699536429727,Coverage-aware sentiment tilt
2022-01-11,0.006466467971935877,0.0,0.006466467971935877,1.2277736174743599,-0.006969556968981161,Coverage-aware sentiment tilt
2022-01-12,0.0028107010642632107,0.0,0.0028107010642632107,1.2312245220876694,-0.004178445245908047,Coverage-aware sentiment tilt
2022-01-13,-0.00454340973696424,0.0,-0.00454340973696424,1.2256305646056271,-0.008702870594056722,Coverage-aware sentiment tilt
2022-01-14,0.0003832288209377592,0.0,0.0003832288209377592,1.2261002615618062,-0.008322976963955453,Coverage-aware sentiment tilt
2022-01-18,-0.009114998809154888,0.0,-0.009114998809154888,1.2149243591377659,-0.0173621118479953,Coverage-aware sentiment tilt
2022-01-19,-0.004196655142392891,0.0,-0.004196655142392891,1.2098257405783719,-0.021485904194418537,Coverage-aware sentiment tilt
2022-01-20,-0.010743240857534503,0.0,-0.010743240857534503,1.1968282912516934,-0.03199831680815046,Coverage-aware sentiment tilt
2022-01-21,-0.009241276135694698,0.0,-0.009241276135694698,1.185768070525225,-0.04094388766234358,Coverage-aware sentiment tilt
2022-01-24,-0.00029575409945365957,0.0,-0.00029575409945365957,1.1854173747573657,-0.04122753243917354,Coverage-aware sentiment tilt
2022-01-25,-0.0053217553995328504,0.0,-0.0053217553995328504,1.1791088734425508,-0.046329884995338744,Coverage-aware sentiment tilt
2022-01-26,-0.011249208801369025,0.0,-0.011249208801369025,1.1658448315256484,-0.05705791924665182,Coverage-aware sentiment tilt
2022-01-27,-0.002145167243626708,0.0,-0.002145167243626708,1.163343899381908,-0.05908068771092123,Coverage-aware sentiment tilt
2022-01-28,0.017631509948706117,0.0,0.017631509948706117,1.1838554089176268,-0.04249085949536657,Coverage-aware sentiment tilt
2022-01-31,0.012507232998500347,0.0,0.012507232998500347,1.1986621643534945,-0.030515069576881326,Coverage-aware sentiment tilt
2022-02-01,0.005793288674352645,5.946831895706848e-05,0.005733820355395576,1.205535077870707,-0.02495621714857199,Coverage-aware sentiment tilt
2022-02-02,0.01204461352940828,0.0,0.01204461352940828,1.220055281979805,-0.01321219160987408,Coverage-aware sentiment tilt
2022-02-03,-0.008671511361656776,0.0,-0.008671511361656776,1.2094755587402677,-0.021769133301873467,Coverage-aware sentiment tilt
2022-02-04,-0.0031114004390411297,0.0,-0.0031114004390411297,1.2057123959557936,-0.024812801250001737,Coverage-aware sentiment tilt
2022-02-07,0.0009812050579822748,0.0,0.0009812050579822748,1.2068954470571773,-0.02385594263810864,Coverage-aware sentiment tilt
2022-02-08,0.0029132139522047317,0.0,0.0029132139522047317,1.2104113917123966,-0.021012226150840307,Coverage-aware sentiment tilt
2022-02-09,0.010167771116169014,0.0,0.010167771116169014,1.2227185776997318,-0.011058102540814296,Coverage-aware sentiment tilt
2022-02-10,-0.019590062848621193,0.0,-0.019590062848621193,1.1987654439164173,-0.030431536465674536,Coverage-aware sentiment tilt
2022-02-11,-0.008667929548138907,0.0,-0.008667929548138907,1.1883746295038062,-0.03883568759968736,Coverage-aware sentiment tilt
2022-02-14,-0.006515751922567086,0.0,-0.006515751922567086,1.180631475226887,-0.045098395816112524,Coverage-aware sentiment tilt
2022-02-15,0.006482401052467785,0.0,0.006482401052467785,1.1882848019444743,-0.038908340652147766,Coverage-aware sentiment tilt
2022-02-16,-0.0007037941125407137,0.0,-0.0007037941125407137,1.1874484940968442,-0.03958475130360872,Coverage-aware sentiment tilt
2022-02-17,-0.012636559923162418,0.0,-0.012636559923162418,1.1724432300455205,-0.05172109614487952,Coverage-aware sentiment tilt
2022-02-18,-0.007066663675696534,0.0,-0.007066663675696534,1.1641579680599417,-0.05842226422918173,Coverage-aware sentiment tilt
2022-02-22,-0.004515265391607742,0.0,-0.004515265391607742,1.1589014858763962,-0.06267373759301609,Coverage-aware sentiment tilt
2022-02-23,-0.010852175129507084,0.0,-0.010852175129507084,1.1463248839938196,-0.07284576634614293,Coverage-aware sentiment tilt
2022-02-24,0.005752360678157024,0.0,0.005752360678157024,1.1529189581808987,-0.0675124407898855,Coverage-aware sentiment tilt
2022-02-25,0.026073675228614136,0.0,0.026073675228614136,1.1829797926614196,-0.04319906301631793,Coverage-aware sentiment tilt
2022-02-28,-0.0033280400744674222,0.0,-0.0033280400744674222,1.1790427885041572,-0.046383334877887705,Coverage-aware sentiment tilt
2022-03-01,-0.00877476774366124,6.125034822432947e-05,-0.00883601809188557,1.1686247450938272,-0.05480950898363035,Coverage-aware sentiment tilt
2022-03-02,0.01615719354240743,0.0,0.01615719354240743,1.1875064412787546,-0.03953788328583574,Coverage-aware sentiment tilt
2022-03-03,0.004108257985227322,0.0,0.004108257985227322,1.192385024098647,-0.03559205712533631,Coverage-aware sentiment tilt
2022-03-04,0.006560563825085267,0.0,0.006560563825085267,1.200207742153322,-0.029264997262688053,Coverage-aware sentiment tilt
2022-03-07,-0.009346384813818,0.0,-0.009346384813818,1.1889901387386332,-0.03833786015051377,Coverage-aware sentiment tilt
2022-03-08,-0.009691103588959147,0.0,-0.009691103588959147,1.1774675121378662,-0.04765742756537528,Coverage-aware sentiment tilt
2022-03-09,0.00879329983614605,0.0,0.00879329983614605,1.1878213370194153,-0.03928319377923106,Coverage-aware sentiment tilt
2022-03-10,0.00093844061537875,0.0,0.00093844061537875,1.1889360368058877,-0.038381618108396576,Coverage-aware sentiment tilt
2022-03-11,-0.0068357933261119375,0.0,-0.0068357933261119375,1.180808715780316,-0.044955042625597796,Coverage-aware sentiment tilt
2022-03-14,-0.007260955587425243,0.0,-0.007260955587425243,1.1722349161377905,-0.05188958164508772,Coverage-aware sentiment tilt
2022-03-15,0.008602144285327325,0.0,0.008602144285327325,1.1823186500227063,-0.043733799027976805,Coverage-aware sentiment tilt
2022-03-16,0.010001850990336882,0.0,0.010001850990336882,1.1941440249833295,-0.034169366978759164,Coverage-aware sentiment tilt
2022-03-17,0.01316364927353095,0.0,0.01316364927353095,1.2098633181102927,-0.021455511268035132,Coverage-aware sentiment tilt
2022-03-18,0.0018306425433733074,0.0,0.0018306425433733074,1.2120781453720924,-0.019664146096378787,Coverage-aware sentiment tilt
2022-03-21,0.0036931367121752754,0.0,0.0036931367121752754,1.2165545156687914,-0.016043631764065647,Coverage-aware sentiment tilt
2022-03-22,0.004266261980650907,0.0,0.004266261980650907,1.2217446559463783,-0.011845816119641417,Coverage-aware sentiment tilt
2022-03-23,-0.0076807480139128755,0.0,-0.0076807480139128755,1.2123607431067096,-0.019435579404920023,Coverage-aware sentiment tilt
2022-03-24,0.009199973800911344,0.0,0.009199973800911344,1.2235144301805447,-0.01041441242533947,Coverage-aware sentiment tilt
2022-03-25,0.009587202883253303,0.0,0.009587202883253303,1.2352445112532737,-0.0009270546269177782,Coverage-aware sentiment tilt
2022-03-28,0.0032474901125542368,0.0,0.0032474901125542368,1.2392559555901557,0.0,Coverage-aware sentiment tilt
2022-03-29,0.012198767240966926,0.0,0.012198767240966926,1.254373350544382,0.0,Coverage-aware sentiment tilt
2022-03-30,-0.0010489296275971102,0.0,-0.0010489296275971102,1.2530576011729277,-0.0010489296275970617,Coverage-aware sentiment tilt
2022-03-31,-0.011530931376386387,0.0,-0.011530931376386387,1.2386086799631433,-0.012567765868429004,Coverage-aware sentiment tilt
2022-04-01,0.00822434669325533,5.3029608866757356e-05,0.008171317084388573,1.2487297442305982,-0.004499143983993648,Coverage-aware sentiment tilt
2022-04-04,0.0004852623295104638,0.0,0.0004852623295104638,1.2493357057352126,-0.004016064919573625,Coverage-aware sentiment tilt
2022-04-05,-0.006310421818733732,0.0,-0.006310421818733732,1.241451870438818,-0.010301143674613433,Coverage-aware sentiment tilt
2022-04-06,0.004830243627790397,0.0,0.004830243627790397,1.2474483854252136,-0.005520657080416269,Coverage-aware sentiment tilt
2022-04-07,0.0017333844688446607,0.0,0.0017333844688446607,1.249610693082195,-0.0037968420328126085,Coverage-aware sentiment tilt
2022-04-08,0.0038526039015934106,0.0,0.0038526039015934106,1.2544249481138363,0.0,Coverage-aware sentiment tilt
2022-04-11,-0.011792807854913705,0.0,-0.011792807854913705,1.2396317557323198,-0.011792807854913656,Coverage-aware sentiment tilt
2022-04-12,-0.00022737840434319272,0.0,-0.00022737840434319272,1.2393498902417281,-0.012017504829424097,Coverage-aware sentiment tilt
2022-04-13,0.006571688323189363,0.0,0.006571688323189363,1.2474945114437759,-0.005524791802396067,Coverage-aware sentiment tilt
2022-04-14,-0.0008539432096482428,0.0,-0.0008539432096482428,1.246429221976655,-0.006374017153599865,Coverage-aware sentiment tilt
2022-04-18,-0.001215850612670634,0.0,-0.001215850612670634,1.2449137502434642,-0.007582117913609188,Coverage-aware sentiment tilt
2022-04-19,0.00994576751341784,0.0,0.00994576751341784,1.2572953729776428,0.0,Coverage-aware sentiment tilt
2022-04-20,0.0037616490530768903,0.0,0.0037616490530768903,1.2620248769268423,0.0,Coverage-aware sentiment tilt
2022-04-21,-0.010324242847538214,0.0,-0.010324242847538214,1.248995425617815,-0.01032424284753819,Coverage-aware sentiment tilt
2022-04-22,-0.02194529163869733,0.0,-0.02194529163869733,1.2215858567472333,-0.03204296596599754,Coverage-aware sentiment tilt
2022-04-25,-0.003034463534894593,0.0,-0.003034463534894593,1.2178789990101908,-0.034980196289118415,Coverage-aware sentiment tilt
2022-04-26,-0.01708084908280058,0.0,-0.01708084908280058,1.1970765916269854,-0.051463553918217886,Coverage-aware sentiment tilt
2022-04-27,0.0021229215306044513,0.0,0.0021229215306044513,1.199617891297133,-0.049449885474267874,Coverage-aware sentiment tilt
2022-04-28,0.017400918054911823,0.0,0.017400918054911823,1.2204923439208004,-0.03290944082431857,Coverage-aware sentiment tilt
2022-04-29,-0.034662291263037825,0.0,-0.034662291263037825,1.1781872828115099,-0.06643101546420016,Coverage-aware sentiment tilt
2022-05-02,0.0007650650180548143,5.9043864009247005e-05,0.0007060211540455672,1.1790191079566021,-0.06577189601235722,Coverage-aware sentiment tilt
2022-05-03,0.005590378857250895,0.0,0.005590378857250895,1.1856102714500176,-0.06054920697197497,Coverage-aware sentiment tilt
2022-05-04,0.027650355020419806,0.0,0.027650355020419806,1.218392816371467,-0.03457305902053509,Coverage-aware sentiment tilt
2022-05-05,-0.02017450645107789,0.0,-0.02017450645107789,1.193812342637634,-0.054050071069369654,Coverage-aware sentiment tilt
2022-05-06,-0.0014029684907468612,0.0,-0.0014029684907468612,1.1921374615370486,-0.05537720901348364,Coverage-aware sentiment tilt
2022-05-09,-0.02860965683767408,0.0,-0.02860965683767408,1.1580308178591376,-0.08240254290465387,Coverage-aware sentiment tilt
2022-05-10,-0.006082687361649036,0.0,-0.006082687361649036,1.1509868784389456,-0.08798400136000917,Coverage-aware sentiment tilt
2022-05-11,0.0005121502829037676,0.0,0.0005121502829037676,1.1515763566943567,-0.08751691210829293,Coverage-aware sentiment tilt
2022-05-12,0.0030810862066803424,0.0,0.0030810862066803424,1.155124462722907,-0.08470547305236065,Coverage-aware sentiment tilt
2022-05-13,0.01745532396709425,0.0,0.01745532396709425,1.175287534442051,-0.06872871055918128,Coverage-aware sentiment tilt
2022-05-16,0.003961232889940739,0.0,0.003961232889940739,1.1799431220786203,-0.06503972809799075,Coverage-aware sentiment tilt
2022-05-17,0.013653010718171123,0.0,0.013653010718171123,1.196052898171192,-0.05227470548464841,Coverage-aware sentiment tilt
2022-05-18,-0.02367228110834601,0.0,-0.02367228110834601,1.1677395977452316,-0.0747095250699058,Coverage-aware sentiment tilt
2022-05-19,-0.0022825716444970926,0.0,-0.0022825716444970926,1.165074148451262,-0.07682156687090447,Coverage-aware sentiment tilt
2022-05-20,0.0030862972576167188,0.0,0.0030862972576167188,1.1686699136005472,-0.07397236380444727,Coverage-aware sentiment tilt
2022-05-23,0.016483653958680636,0.0,0.016483653958680636,1.1879338640482597,-0.05870804469322477,Coverage-aware sentiment tilt
2022-05-24,0.005767002348858565,0.0,0.005767002348858565,1.1947846814325147,-0.05327961177600893,Coverage-aware sentiment tilt
2022-05-25,0.006726554106062521,0.0,0.006726554106062521,1.2028214652372653,-0.04691144586130769,Coverage-aware sentiment tilt
2022-05-26,0.009959444059950022,0.0,0.009959444059950022,1.214800898334403,-0.03741921372218471,Coverage-aware sentiment tilt
2022-05-27,0.016354562114834416,0.0,0.016354562114834416,1.2346684350833697,-0.021676626462457937,Coverage-aware sentiment tilt
2022-05-31,-0.009308117201054289,0.0,-0.009308117201054289,1.2231759965851714,-0.030782975083876174,Coverage-aware sentiment tilt
2022-06-01,-0.004359425900965327,6.122253413215183e-05,-0.004420648435097479,1.2177687655300184,-0.035067542808341456,Coverage-aware sentiment tilt
2022-06-02,0.011179132666625183,0.0,0.011179132666625183,1.231382364117151,-0.02428043485506315,Coverage-aware sentiment tilt
2022-06-03,-0.006422990621598546,0.0,-0.006422990621598546,1.2234732067408247,-0.030547472471299297,Coverage-aware sentiment tilt
2022-06-06,-0.0003951510443601575,0.0,-0.0003951510443601575,1.2229897500254343,-0.03093055265000988,Coverage-aware sentiment tilt
2022-06-07,0.009515460489043288,0.0,0.009515460489043288,1.2346270606703063,-0.021709410612612112,Coverage-aware sentiment tilt
2022-06-08,-0.012545545270233336,0.0,-0.012545545270233336,1.2191379909888118,-0.03398259948921478,Coverage-aware sentiment tilt
2022-06-09,-0.022392317214325906,0.0,-0.022392317214325906,1.1918386663665543,-0.05561396755601078,Coverage-aware sentiment tilt
2022-06-10,-0.020317331467168985,0.0,-0.020317331467168985,1.1676236851265964,-0.07480137161014,Coverage-aware sentiment tilt
2022-06-13,-0.03747598586320816,0.0,-0.03747598586320816,1.123865836409245,-0.10947410232833787,Coverage-aware sentiment tilt
2022-06-14,-0.00931066268755891,0.0,-0.00931066268755891,1.1134019007003675,-0.11776548857609426,Coverage-aware sentiment tilt
2022-06-15,0.008228367505086726,0.0,0.008228367505086726,1.1225633807201922,-0.1105061387904277,Coverage-aware sentiment tilt
2022-06-16,-0.023917724855948237,0.0,-0.023917724855948237,1.0957142186467637,-0.13178080822389315,Coverage-aware sentiment tilt
2022-06-17,-0.005504263451764722,0.0,-0.005504263451764722,1.0896831189194873,-0.1365597153893071,Coverage-aware sentiment tilt
2022-06-21,0.02226464521982492,0.0,0.02226464521982492,1.113944526964262,-0.1173355237839454,Coverage-aware sentiment tilt
2022-06-22,-0.0006443810085649049,0.0,-0.0006443810085649049,1.1132267222664916,-0.11790429600935382,Coverage-aware sentiment tilt
2022-06-23,0.00596030980005189,0.0,0.00596030980005189,1.1198618984088962,-0.11264673234027467,Coverage-aware sentiment tilt
2022-06-24,0.023515602046288414,0.0,0.023515602046288414,1.1461961251586807,-0.09178008602351506,Coverage-aware sentiment tilt
2022-06-27,-0.001553687483409818,0.0,-0.001553687483409818,1.1444152945854889,-0.09319117593604387,Coverage-aware sentiment tilt
2022-06-28,-0.009115324326804156,0.0,-0.009115324326804156,1.133983578010787,-0.10145703246979476,Coverage-aware sentiment tilt
2022-06-29,-0.003170441287541293,0.0,-0.003170441287541293,1.1303883496556677,-0.10430581019268237,Coverage-aware sentiment tilt
2022-06-30,-0.005628931894035793,0.0,-0.005628931894035793,1.1240254706216444,-0.10934761178499142,Coverage-aware sentiment tilt
2022-07-01,0.01388793606404244,4.7811727014771125e-05,0.013840124337027668,1.1395821228930338,-0.09702087199102516,Coverage-aware sentiment tilt
2022-07-05,-0.008876552568839385,0.0,-0.008876552568839385,1.1294665622726643,-0.10503621368936156,Coverage-aware sentiment tilt
2022-07-06,0.0008286699147374017,0.0,0.0008286699147374017,1.1304025172325216,-0.10429458412486636,Coverage-aware sentiment tilt
2022-07-07,0.009068596177688421,0.0,0.009068596177688421,1.1406536811795458,-0.0961717934141263,Coverage-aware sentiment tilt
2022-07-08,-0.002946928875486121,0.0,-0.002946928875486121,1.1372922559095482,-0.09883531085459318,Coverage-aware sentiment tilt
2022-07-11,-0.003800367379254737,0.0,-0.003800367379254737,1.1329701275195105,-0.10226006774255758,Coverage-aware sentiment tilt
2022-07-12,-0.004777058833324146,0.0,-0.004777058833324146,1.127557862563951,-0.10654862421597577,Coverage-aware sentiment tilt
2022-07-13,-0.003631807020816026,0.0,-0.003631807020816026,1.123462790002315,-0.10979346719530592,Coverage-aware sentiment tilt
2022-07-14,-0.0038943430843271947,0.0,-0.0038943430843271947,1.1190876404555705,-0.11326023684995679,Coverage-aware sentiment tilt
2022-07-15,0.015432569426327404,0.0,0.015432569426327404,1.1363580381610459,-0.0995755638920588,Coverage-aware sentiment tilt
2022-07-18,-0.007030960459497722,0.0,-0.007030960459497722,1.1283683497269033,-0.10590641249909916,Coverage-aware sentiment tilt
2022-07-19,0.02124706529730294,0.0,0.02124706529730294,1.1523428657329606,-0.08690954766356773,Coverage-aware sentiment tilt
2022-07-20,-0.002143014522295998,0.0,-0.002143014522295998,1.1498733782370307,-0.0888663137630945,Coverage-aware sentiment tilt
2022-07-21,0.00543110165157845,0.0,0.00543110165157845,1.15611845744068,-0.08391785409496455,Coverage-aware sentiment tilt
2022-07-22,-0.0019338846225714066,0.0,-0.0019338846225714066,1.1538826577339645,-0.08568945126994243,Coverage-aware sentiment tilt
2022-07-25,0.0036079591996178557,0.0,0.0036079591996178557,1.1580458192842153,-0.08239065611434415,Coverage-aware sentiment tilt
2022-07-26,-0.002625841284382838,0.0,-0.002625841284382838,1.155004974762732,-0.08480015261245444,Coverage-aware sentiment tilt
2022-07-27,0.007564597407748466,0.0,0.007564597407748466,1.1637421224007587,-0.0778770342193349,Coverage-aware sentiment tilt
2022-07-28,0.010959608849713299,0.0,0.010959608849713299,1.176496280864206,-0.06777092720304134,Coverage-aware sentiment tilt
2022-07-29,0.007525695888749507,0.0,0.007525695888749507,1.185350234088235,-0.06075525470252052,Coverage-aware sentiment tilt
2022-08-01,-0.003010158700049407,4.531347627084788e-05,-0.003055472176320255,1.1817284294287835,-0.06362509088853197,Coverage-aware sentiment tilt
2022-08-02,-0.008980927434591552,0.0,-0.008980927434591552,1.1711154121566898,-0.07203460599883438,Coverage-aware sentiment tilt
2022-08-03,0.006274642423166766,0.0,0.006274642423166766,1.1784637426042326,-0.066211954970404,Coverage-aware sentiment tilt
2022-08-04,-0.002605854233046251,0.0,-0.002605854233046251,1.1753928378720757,-0.06864527050031244,Coverage-aware sentiment tilt
2022-08-05,0.0009220069535617956,0.0,0.0009220069535617956,1.1764765582417605,-0.06778655496348107,Coverage-aware sentiment tilt
2022-08-08,0.0005239022874602842,0.0,0.0005239022874602842,1.1770929170017668,-0.06729816620722517,Coverage-aware sentiment tilt
2022-08-09,0.002418417182419993,0.0,0.002418417182419993,1.1799396187375486,-0.06504250406630618,Coverage-aware sentiment tilt
2022-08-10,0.013126955600461353,0.0,0.013126955600461353,1.1954286337239417,-0.052769358528865995,Coverage-aware sentiment tilt
2022-08-11,0.003998135742249545,0.0,0.003998135742249545,1.200208119671742,-0.048982201845046314,Coverage-aware sentiment tilt
2022-08-12,0.014155895054107049,0.0,0.014155895054107049,1.2171981398569023,-0.03551969369977681,Coverage-aware sentiment tilt
2022-08-15,0.005039207762695694,0.0,0.005039207762695694,1.223331854172008,-0.03065947705330163,Coverage-aware sentiment tilt
2022-08-16,0.0038168340911240934,0.0,0.0038168340911240934,1.2280011088977696,-0.026959665099410723,Coverage-aware sentiment tilt
2022-08-17,-0.0064772399136795895,0.0,-0.0064772399136795895,1.2200470511011743,-0.033262280794248866,Coverage-aware sentiment tilt
2022-08-18,0.0028801907692802076,0.0,0.0028801907692802076,1.2235610193558433,-0.030477891739077556,Coverage-aware sentiment tilt
2022-08-19,-0.006067772361397132,0.0,-0.006067772361397132,1.216136729620113,-0.03636073119134664,Coverage-aware sentiment tilt
2022-08-22,-0.017034244120742184,0.0,-0.017034244120742184,1.195420759683563,-0.052775597740566726,Coverage-aware sentiment tilt
2022-08-23,0.0007428184790915681,0.0,0.0007428184790915681,1.196308740314146,-0.05207198195072171,Coverage-aware sentiment tilt
2022-08-24,0.0019597001211005736,0.0,0.0019597001211005736,1.198653146697413,-0.05021432729895603,Coverage-aware sentiment tilt
2022-08-25,0.010924483636944692,0.0,0.010924483636944692,1.2117478133848811,-0.03983840925892912,Coverage-aware sentiment tilt
2022-08-26,-0.023276837981524752,0.0,-0.023276837981524752,1.1835421558582544,-0.062187935042692044,Coverage-aware sentiment tilt
2022-08-29,-0.0022848415843961696,0.0,-0.0022848415843961696,1.1808379495236636,-0.06433068704705491,Coverage-aware sentiment tilt
2022-08-30,-0.013642726004219174,0.0,-0.013642726004219174,1.1647281009229284,-0.07709576711422783,Coverage-aware sentiment tilt
2022-08-31,-0.006622992673254222,0.0,-0.006622992673254222,1.1570141152441826,-0.0832081550867455,Coverage-aware sentiment tilt
2022-09-01,0.003509049002019686,6.0161937612270724e-05,0.003448887064407415,1.161004526259585,-0.08004624355207013,Coverage-aware sentiment tilt
2022-09-02,-0.009270271890506663,0.0,-0.009270271890506663,1.1502416986350497,-0.08857446500103539,Coverage-aware sentiment tilt
2022-09-06,-0.002413333217973912,0.0,-0.002413333217973912,1.147465782135035,-0.09077403852035815,Coverage-aware sentiment tilt
2022-09-07,0.01677825852323862,0.0,0.01677825852323862,1.1667182596742667,-0.07551881028261254,Coverage-aware sentiment tilt
2022-09-08,0.0033596600679737694,0.0,0.0033596600679737694,1.17063803642187,-0.07241286774592626,Coverage-aware sentiment tilt
2022-09-09,0.011805397428673299,0.0,0.011805397428673299,1.184457883686952,-0.061462332999943525,Coverage-aware sentiment tilt
2022-09-12,0.008221648311871253,0.0,0.008221648311871253,1.1941960798468494,-0.05374600637442495,Coverage-aware sentiment tilt
2022-09-13,-0.03595147754258204,0.0,-0.03595147754258204,1.1512629663007958,-0.08776523557583338,Coverage-aware sentiment tilt
2022-09-14,0.0038898219506124563,0.0,0.0038898219506124563,1.15574117425804,-0.08421680476506443,Coverage-aware sentiment tilt
2022-09-15,-0.017068011183248716,0.0,-0.017068011183248716,1.1360149709708627,-0.09984740258276559,Coverage-aware sentiment tilt
2022-09-16,-0.004398010555643466,0.0,-0.004398010555643466,1.1310187651371637,-0.10380628320789653,Coverage-aware sentiment tilt
2022-09-19,0.005741295757508793,0.0,0.005741295757508793,1.1375122783751084,-0.09866097002377217,Coverage-aware sentiment tilt
2022-09-20,-0.015098428898415242,0.0,-0.015098428898415242,1.1203376301189873,-0.11226977328123489,Coverage-aware sentiment tilt
2022-09-21,-0.015871134689001858,0.0,-0.015871134689001858,1.1025566006942118,-0.12635905927698654,Coverage-aware sentiment tilt
2022-09-22,-0.005142869624949455,0.0,-0.005142869624949455,1.096886295842714,-0.13085208073414323,Coverage-aware sentiment tilt
2022-09-23,-0.020333050151489077,0.0,-0.020333050151489077,1.074583251778863,-0.1485245089656383,Coverage-aware sentiment tilt
2022-09-26,-0.015889454901205354,0.0,-0.015889454901205354,1.057508709662132,-0.16205399037991053,Coverage-aware sentiment tilt
2022-09-27,-0.006422074593906758,0.0,-0.006422074593906758,1.0507173098449758,-0.16743534215935718,Coverage-aware sentiment tilt
2022-09-28,0.019958567586090114,0.0,0.019958567586090114,1.0716881222873915,-0.15081854416605478,Coverage-aware sentiment tilt
2022-09-29,-0.02058419695554793,0.0,-0.02058419695554793,1.0496282829033066,-0.16829826250393953,Coverage-aware sentiment tilt
2022-09-30,-0.014593252114588616,0.0,-0.014593252114588616,1.0343107927442958,-0.18043549564336103,Coverage-aware sentiment tilt
2022-10-03,0.030395951151360203,5.1522841298266125e-05,0.030344428310061938,1.0656963624450486,-0.15556627929543942,Coverage-aware sentiment tilt
2022-10-04,0.02547441917250877,0.0,0.02547441917250877,1.0928443582925915,-0.13405482073081032,Coverage-aware sentiment tilt
2022-10-05,-0.005841072611837788,0.0,-0.005841072611837788,1.0864609750423673,-0.13911286940079248,Coverage-aware sentiment tilt
2022-10-06,-0.013768493640351417,0.0,-0.013768493640351417,1.0715020440170064,-0.15096598838350805,Coverage-aware sentiment tilt
2022-10-07,-0.020177134966417442,0.0,-0.020177134966417442,1.0498822026580832,-0.16809706222697285,Coverage-aware sentiment tilt
2022-10-10,-0.004402534875588351,0.0,-0.004402534875588351,1.0452600596456214,-0.17175954392362303,Coverage-aware sentiment tilt
2022-10-11,-0.0002611693218349145,0.0,-0.0002611693218349145,1.0449870697847026,-0.17197585492185274,Coverage-aware sentiment tilt
2022-10-12,-0.008268197111841812,0.0,-0.008268197111841812,1.0363469107123966,-0.17882212176672319,Coverage-aware sentiment tilt
2022-10-13,0.02777448617988754,0.0,0.02777448617988754,1.0651309136615472,-0.15601432813650373,Coverage-aware sentiment tilt
2022-10-14,-0.01623193367462654,0.0,-0.01623193367462654,1.0478417793161987,-0.169713847584527,Coverage-aware sentiment tilt
2022-10-17,0.018693398089486075,0.0,0.018693398089486075,1.067429502831752,-0.1541929780092367,Coverage-aware sentiment tilt
2022-10-18,0.012427929648759821,0.0,0.012427929648759821,1.0806954415979555,-0.1436813478435086,Coverage-aware sentiment tilt
2022-10-19,-0.00890193955187993,0.0,-0.00890193955187993,1.0710751561028584,-0.15130424472215287,Coverage-aware sentiment tilt
2022-10-20,-0.004378267704414973,0.0,-0.004378267704414973,1.066385702337892,-0.15502006193836004,Coverage-aware sentiment tilt
2022-10-21,0.022015253294714286,0.0,0.022015253294714286,1.0898624536847223,-0.13641761457298118,Coverage-aware sentiment tilt
2022-10-24,0.010452046456371707,0.0,0.010452046456371707,1.1012537466816903,-0.1273914113615937,Coverage-aware sentiment tilt
2022-10-25,0.014542557012569228,0.0,0.014542557012569228,1.1172687920781144,-0.11470145121166198,Coverage-aware sentiment tilt
2022-10-26,0.0077225050584483505,0.0,0.0077225050584483505,1.1258969059765842,-0.10786472869040697,Coverage-aware sentiment tilt
2022-10-27,0.0007597031230279394,0.0,0.0007597031230279394,1.1267522533722623,-0.1071869707386296,Coverage-aware sentiment tilt
2022-10-28,0.021618030585228525,0.0,0.021618030585228525,1.151110418047639,-0.08788611136516666,Coverage-aware sentiment tilt
2022-10-31,-0.006696012385030216,0.0,-0.006696012385030216,1.1434025684318547,-0.09399363726002363,Coverage-aware sentiment tilt
2022-11-01,0.001583940912625282,6.638845929711251e-05,0.0015175524533281694,1.1451377418047202,-0.0926187250815167,Coverage-aware sentiment tilt
2022-11-02,-0.01599357220272836,0.0,-0.01599357220272836,1.1268228986490971,-0.10713099301732909,Coverage-aware sentiment tilt
2022-11-03,-0.0019989005052676954,0.0,-0.0019989005052676954,1.1245704917876402,-0.10891574932652459,Coverage-aware sentiment tilt
2022-11-04,0.015562397070228594,0.0,0.015562397070228594,1.1420715043143017,-0.09504834239451687,Coverage-aware sentiment tilt
2022-11-07,0.0054067091951006474,0.0,0.0054067091951006474,1.1482463528181404,-0.09015553194621972,Coverage-aware sentiment tilt
2022-11-08,0.007222447097741265,0.0,0.007222447097741265,1.1565395013565438,-0.08358422840852864,Coverage-aware sentiment tilt
2022-11-09,-0.018089229577443584,0.0,-0.018089229577443584,1.135618592801123,-0.10016148368923694,Coverage-aware sentiment tilt
2022-11-10,0.04368279138396001,0.0,0.04368279138396001,1.1852255828822007,-0.06085402550198182,Coverage-aware sentiment tilt
2022-11-11,0.007684321853310678,0.0,0.007684321853310678,1.1943332377298452,-0.05363732556669798,Coverage-aware sentiment tilt
2022-11-14,-0.008106839105004732,0.0,-0.008106839105004732,1.18465097033381,-0.06130933550331086,Coverage-aware sentiment tilt
2022-11-15,0.008630604150106014,0.0,0.008630604150106014,1.1948752239148002,-0.053207867958639854,Coverage-aware sentiment tilt
2022-11-16,-0.00759051105364584,0.0,-0.00759051105364584,1.1858055103199474,-0.060394504102404656,Coverage-aware sentiment tilt
2022-11-17,-0.002492744866161124,0.0,-0.002492744866161124,1.1828495997218318,-0.06273670087852012,Coverage-aware sentiment tilt
2022-11-18,0.006428498084305648,0.0,0.006428498084305648,1.1904535461076653,-0.05671150555562776,Coverage-aware sentiment tilt
2022-11-21,0.0025691263715841304,0.0,0.0025691263715841304,1.1935119717071163,-0.05428807820853876,Coverage-aware sentiment tilt
2022-11-22,0.012670796645280806,0.0,0.012670796645280806,1.2086347191943254,-0.04230515476250141,Coverage-aware sentiment tilt
2022-11-23,0.002709452775333434,0.0,0.002709452775333434,1.211909457888611,-0.03971032580615008,Coverage-aware sentiment tilt
2022-11-25,0.0018577822073589394,0.0,0.0018577822073589394,1.2141609217164064,-0.03792631673552216,Coverage-aware sentiment tilt
2022-11-28,-0.01722959346574656,0.0,-0.01722959346574656,1.1932414226332366,-0.0545024551822626,Coverage-aware sentiment tilt
2022-11-29,0.0037513901234359948,0.0,0.0037513901234359948,1.1977177367209777,-0.050955525030900284,Coverage-aware sentiment tilt
2022-11-30,0.021460961275490145,0.0,0.021460961275490145,1.2234219106877142,-0.030588118304870626,Coverage-aware sentiment tilt
2022-12-01,-0.00039926864934891897,5.9158068467105295e-05,-0.00045842671781602424,1.2228610613966935,-0.03103252261200795,Coverage-aware sentiment tilt
2022-12-02,0.0014063742611120237,0.0,0.0014063742611120237,1.224580861718358,-0.029669791691954828,Coverage-aware sentiment tilt
2022-12-05,-0.015358694866423338,0.0,-0.015358694866423338,1.205772897923964,-0.04457279728103114,Coverage-aware sentiment tilt
2022-12-06,-0.00890216904942517,0.0,-0.00890216904942517,1.1950389037514295,-0.053078171754054826,Coverage-aware sentiment tilt
2022-12-07,0.0001667841343705627,0.0,0.0001667841343705627,1.195238217280531,-0.05292024021661412,Coverage-aware sentiment tilt
2022-12-08,0.006337695554962599,0.0,0.006337695554962599,1.2028132732173111,-0.046917937032839974,Coverage-aware sentiment tilt
2022-12-09,-0.010816918520341631,0.0,-0.010816918520341631,1.1898025400457342,-0.0572273480511547,Coverage-aware sentiment tilt
2022-12-12,0.015377791888702015,0.0,0.015377791888702015,1.2080990758952064,-0.042729586411125786,Coverage-aware sentiment tilt
2022-12-13,0.007470316183019129,0.0,0.007470316183019129,1.2171239579725568,-0.03557847374896739,Coverage-aware sentiment tilt
2022-12-14,-0.0062926994029619135,0.0,-0.0062926994029619135,1.2094649627688923,-0.04164728851141086,Coverage-aware sentiment tilt
2022-12-15,-0.019671050019888357,0.0,-0.019671050019888357,1.185673516988963,-0.06049909263579856,Coverage-aware sentiment tilt
2022-12-16,-0.009762292263251217,0.0,-0.009762292263251217,1.1740986255873198,-0.06967077507507757,Coverage-aware sentiment tilt
2022-12-19,-0.0050181947347435986,0.0,-0.0050181947347435986,1.168206770046328,-0.0743393482931739,Coverage-aware sentiment tilt
2022-12-20,0.0023688543281172323,0.0,0.0023688543281172323,1.170974081709688,-0.07214659305201021,Coverage-aware sentiment tilt
2022-12-21,0.01580183595076317,0.0,0.01580183595076317,1.1894776220514602,-0.05748480572906134,Coverage-aware sentiment tilt
2022-12-22,-0.008339993514123706,0.0,-0.008339993514123706,1.1795573863983557,-0.06534537633624404,Coverage-aware sentiment tilt
2022-12-23,0.007668715878364329,0.0,0.007668715878364329,1.1886030768568707,-0.058177775582967106,Coverage-aware sentiment tilt
2022-12-27,0.002275662513147701,0.0,0.002275662513147701,1.191307936321886,-0.056034506052811905,Coverage-aware sentiment tilt
2022-12-28,-0.012226201853735252,0.0,-0.012226201853735252,1.1767427650224578,-0.06757561872477114,Coverage-aware sentiment tilt
2022-12-29,0.010872493845971996,0.0,0.010872493845971996,1.1895368934934565,-0.057437840377521976,Coverage-aware sentiment tilt
2022-12-30,-0.0025146654036798145,0.0,-0.0025146654036798145,1.1865456062209876,-0.059808068831142425,Coverage-aware sentiment tilt
2023-01-03,0.003018588356444523,5.144194214172261e-05,0.0029671464143028008,1.190066260761893,-0.057018381713818345,Coverage-aware sentiment tilt
2023-01-04,0.015784624238078228,0.0,0.015784624238078228,1.2088510095064342,-0.04213377120575612,Coverage-aware sentiment tilt
2023-01-05,-0.006688905511308902,0.0,-0.006688905511308902,1.2007651193265954,-0.048540847902634576,Coverage-aware sentiment tilt
2023-01-06,0.021776647404008725,0.0,0.021776647404008725,1.226913757945203,-0.02782125742809316,Coverage-aware sentiment tilt
2023-01-09,-0.002412941561640761,0.0,-0.002412941561640761,1.2239532867461083,-0.030167067921388457,Coverage-aware sentiment tilt
2023-01-10,0.005845969124989471,0.0,0.005845969124989471,1.2311084798708554,-0.02449745454405894,Coverage-aware sentiment tilt
2023-01-11,0.008889450984821513,0.0,0.008889450984821513,1.2420523583596654,-0.01582577248065975,Coverage-aware sentiment tilt
2023-01-12,0.0050056084308032454,0.0,0.0050056084308032454,1.2482695861161697,-0.0108993816700097,Coverage-aware sentiment tilt
2023-01-13,0.002451088512901295,0.0,0.002451088512901295,1.251329205359703,-0.00847500850631755,Coverage-aware sentiment tilt
2023-01-17,-0.004538674071656502,0.0,-0.004538674071656502,1.2456498299402303,-0.01297521727660933,Coverage-aware sentiment tilt
2023-01-18,-0.01698704426267905,0.0,-0.01698704426267905,1.224489921143237,-0.029741850949092763,Coverage-aware sentiment tilt
2023-01-19,-0.005816890317841933,0.0,-0.005816890317841933,1.2173671975766438,-0.03538573618211427,Coverage-aware sentiment tilt
2023-01-20,0.012678594638612014,0.0,0.012678594638612014,1.2328017028010612,-0.023155782948544146,Coverage-aware sentiment tilt
2023-01-23,0.007752457798524924,0.0,0.007752457798524924,1.242358945975976,-0.015582839380119617,Coverage-aware sentiment tilt
2023-01-24,-0.0021247170669526846,0.0,-0.0021247170669526846,1.2397192847201794,-0.017674447322289843,Coverage-aware sentiment tilt
2023-01-25,0.001642423453806849,0.0,0.001642423453806849,1.2417554287495405,-0.016061052795298236,Coverage-aware sentiment tilt
2023-01-26,0.006462855718495446,0.0,0.006462855718495446,1.2497807149232072,-0.009701997343706026,Coverage-aware sentiment tilt
2023-01-27,-0.0018335282532239612,0.0,-0.0018335282532239612,1.247489206672061,-0.011517736710687565,Coverage-aware sentiment tilt
2023-01-30,-0.008526952583050737,0.0,-0.008526952583050737,1.236851925358901,-0.01994647809894201,Coverage-aware sentiment tilt
2023-01-31,0.011066817999476817,0.0,0.011066817999476817,1.2505399405091504,-0.009100404142316831,Coverage-aware sentiment tilt
2023-02-01,0.0012186197733271762,6.464738770618406e-05,0.001153972385620992,1.2519830290676142,-0.007956933371773944,Coverage-aware sentiment tilt
2023-02-02,-0.0037750050240449836,0.0,-0.0037750050240449836,1.247256786842865,-0.01170190093236445,Coverage-aware sentiment tilt
2023-02-03,-0.011627798877673321,0.0,-0.011627798877673321,1.232753935776643,-0.023193632459509783,Coverage-aware sentiment tilt
2023-02-06,-0.0029696519581814164,0.0,-0.0029696519581814164,1.2290930856373081,-0.026094407401640485,Coverage-aware sentiment tilt
2023-02-07,0.008024194954402876,0.0,0.008024194954402876,1.2389555681735704,-0.018279599059447982,Coverage-aware sentiment tilt
2023-02-08,-0.00928406863669978,0.0,-0.00928406863669978,1.2274530196408258,-0.02739395864382843,Coverage-aware sentiment tilt
2023-02-09,-0.008307995774186007,0.0,-0.008307995774186007,1.2172553451406378,-0.035474365525363316,Coverage-aware sentiment tilt
2023-02-10,0.010678938732036436,0.0,0.010678938732036436,1.2302543403926387,-0.025174255369330045,Coverage-aware sentiment tilt
2023-02-13,0.007872174533201812,0.0,0.007872174533201812,1.2399391172804386,-0.01750025696813895,Coverage-aware sentiment tilt
2023-02-14,-0.0031171112244818334,0.0,-0.0031171112244818334,1.2360740891402895,-0.02056281794519421,Coverage-aware sentiment tilt
2023-02-15,-0.0006570376253833585,0.0,-0.0006570376253833585,1.2352619419559627,-0.02120634502550378,Coverage-aware sentiment tilt
2023-02-16,-0.012184505259800442,0.0,-0.012184505259800442,1.220210886326969,-0.03313246146279991,Coverage-aware sentiment tilt
2023-02-17,0.0001304569428670533,0.0,0.0001304569428670533,1.2203700713088523,-0.03300632687956484,Coverage-aware sentiment tilt
2023-02-21,-0.014479340720698057,0.0,-0.014479340720698057,1.2026999172410289,-0.04700775774743493,Coverage-aware sentiment tilt
2023-02-22,-0.005782509745115955,0.0,-0.005782509745115955,1.1957452932491324,-0.05251844467528044,Coverage-aware sentiment tilt
2023-02-23,0.0032087666557395695,0.0,0.0032087666557395695,1.1995821608748678,-0.04947819745362614,Coverage-aware sentiment tilt
2023-02-24,-0.007464089826734725,0.0,-0.007464089826734725,1.1906283718715491,-0.056572977570102156,Coverage-aware sentiment tilt
2023-02-27,0.0008096316309984506,0.0,0.0008096316309984506,1.1915923422621806,-0.05580914921120417,Coverage-aware sentiment tilt
2023-02-28,-0.005748140798752164,0.0,-0.005748140798752164,1.1847429017041426,-0.061236491162431794,Coverage-aware sentiment tilt
2023-03-01,-0.002865228841596244,5.4504406714686105e-05,-0.0029197332483109303,1.1812837684633366,-0.06397743019148594,Coverage-aware sentiment tilt
2023-03-02,0.011292390461044605,0.0,0.011292390461044605,1.1946232860221189,-0.05340749785285781,Coverage-aware sentiment tilt
2023-03-03,0.012291183110697601,0.0,0.012291183110697601,1.20930661957892,-0.04177275607775388,Coverage-aware sentiment tilt
2023-03-06,0.001042079519232786,0.0,0.001042079519232786,1.2105668132396556,-0.040774207092091674,Coverage-aware sentiment tilt
2023-03-07,-0.016333427627291515,0.0,-0.016333427627291515,1.1907941078076048,-0.05644165215878438,Coverage-aware sentiment tilt
2023-03-08,0.0011002547413335897,0.0,0.0011002547413335897,1.1921042846706722,-0.05540349761284724,Coverage-aware sentiment tilt
2023-03-09,-0.014777541644397778,0.0,-0.014777541644397778,1.1744879139594864,-0.06936231176402574,Coverage-aware sentiment tilt
2023-03-10,-0.011177402126268197,0.0,-0.011177402126268197,1.1613601902527193,-0.0797644234392999,Coverage-aware sentiment tilt
2023-03-13,0.0003417974848692216,0.0,0.0003417974848692216,1.1617571402447748,-0.0794498892337443,Coverage-aware sentiment tilt
2023-03-14,0.012664761544436128,0.0,0.012664761544436128,1.176470517398521,-0.06779134159118538,Coverage-aware sentiment tilt
2023-03-15,-0.004281236722369835,0.0,-0.004281236722369835,1.1714337686166492,-0.07178234753247625,Coverage-aware sentiment tilt
2023-03-16,0.00972449058642468,0.0,0.00972449058642468,1.1828253652721816,-0.06275590370890272,Coverage-aware sentiment tilt
2023-03-17,-0.011524323641328759,0.0,-0.011524323641328759,1.1691941029516122,-0.07355700800548592,Coverage-aware sentiment tilt
2023-03-20,0.01098537384770398,0.0,0.01098537384770398,1.1820381372730664,-0.06337968538984085,Coverage-aware sentiment tilt
2023-03-21,0.002850318293290374,0.0,0.002850318293290374,1.1854073221991028,-0.060710019373240054,Coverage-aware sentiment tilt
2023-03-22,-0.01818805424157622,0.0,-0.01818805424157622,1.163847069524584,-0.07779387648944858,Coverage-aware sentiment tilt
2023-03-23,0.0005629125817052738,0.0,0.0005629125817052738,1.1645022136832002,-0.0772747550595988,Coverage-aware sentiment tilt
2023-03-24,0.011164056581139288,0.0,0.011164056581139288,1.1775027822856214,-0.06697339821623849,Coverage-aware sentiment tilt
2023-03-27,0.004235221694047886,0.0,0.004235221694047886,1.1824897676139594,-0.0630218237112401,Coverage-aware sentiment tilt
2023-03-28,0.0007628858564880246,0.0,0.0007628858564880246,1.183391872333114,-0.062307016312711294,Coverage-aware sentiment tilt
2023-03-29,0.013854547383616229,0.0,0.013854547383616229,1.1997872311017395,-0.049315704438931296,Coverage-aware sentiment tilt
2023-03-30,0.004566870301090756,0.0,0.004566870301090756,1.205266503775086,-0.04497405256382003,Coverage-aware sentiment tilt
2023-03-31,0.010932671968721039,0.0,0.010932671968721039,1.2184432870957465,-0.03453306715888316,Coverage-aware sentiment tilt
2023-04-03,0.007084883720806344,6.0049880262829554e-05,0.007024833840543514,1.2270026487317196,-0.02775082237713522,Coverage-aware sentiment tilt
2023-04-04,-0.0031254901634072286,0.0,-0.0031254901634072286,1.2231676640226339,-0.030789577618176356,Coverage-aware sentiment tilt
2023-04-05,0.006844680891145198,0.0,0.006844680891145198,1.2315398563592361,-0.024155641560600793,Coverage-aware sentiment tilt
2023-04-06,0.0004072765480161991,0.0,0.0004072765480161991,1.2320414336606784,-0.023758203038894532,Coverage-aware sentiment tilt
2023-04-10,0.0016031426846855065,0.0,0.0016031426846855065,1.2340165718722809,-0.022193148143612285,Coverage-aware sentiment tilt
2023-04-11,0.0020957995143098883,0.0,0.0020957995143098883,1.236602823204261,-0.02014386101840293,Coverage-aware sentiment tilt
2023-04-12,-0.001401514644591203,0.0,-0.001401514644591203,1.2348697062379974,-0.021517143746778156,Coverage-aware sentiment tilt
2023-04-13,0.0061647756605522665,0.0,0.0061647756605522665,1.2424824009469668,-0.015485016450280553,Coverage-aware sentiment tilt
2023-04-14,-0.006324091504896405,0.0,-0.006324091504896405,1.2346248285501549,-0.02171117929419053,Coverage-aware sentiment tilt
2023-04-17,0.0041708699038358185,0.0,0.0041708699038358185,1.2397742880900833,-0.017630863894649518,Coverage-aware sentiment tilt
2023-04-18,-0.0008159424493300216,0.0,-0.0008159424493300216,1.2387627036208426,-0.01843242057370964,Coverage-aware sentiment tilt
2023-04-19,0.0025891561763327084,0.0,0.0025891561763327084,1.241970053725933,-0.015890988812950146,Coverage-aware sentiment tilt
2023-04-20,-0.007266747457946901,0.0,-0.007266747457946901,1.232944970995174,-0.02304226046833613,Coverage-aware sentiment tilt
2023-04-21,0.0005727930949910898,0.0,0.0005727930949910898,1.233651193361064,-0.02248266582103431,Coverage-aware sentiment tilt
2023-04-24,0.0014255650802329984,0.0,0.0014255650802329984,1.2354098434235075,-0.021089151244106263,Coverage-aware sentiment tilt
2023-04-25,-0.012511802656085303,0.0,-0.012511802656085303,1.2199526392632072,-0.03333709060164114,Coverage-aware sentiment tilt
2023-04-26,-0.015417338574327972,0.0,-0.015417338574327972,1.2011442163790413,-0.04824045996308046,Coverage-aware sentiment tilt
2023-04-27,0.012313077430536647,0.0,0.012313077430536647,1.2159339981205577,-0.036521371051354,Coverage-aware sentiment tilt
2023-04-28,0.007255265438407496,0.0,0.007255265438407496,1.2247559220325064,-0.029531077854098697,Coverage-aware sentiment tilt
2023-05-01,-0.0028729041625394063,5.090994912278528e-05,-0.0029238141116621915,1.2211749633843259,-0.0323685485835985,Coverage-aware sentiment tilt
2023-05-02,-0.01623305812989175,0.0,-0.01623305812989175,1.2013515592169397,-0.048076166182752456,Coverage-aware sentiment tilt
2023-05-03,-0.012015791888409592,0.0,-0.012015791888409592,1.1869163688965725,-0.05951428486351762,Coverage-aware sentiment tilt
2023-05-04,-0.0032999022851844437,0.0,-0.0032999022851844437,1.1829996608585278,-0.06261779582407978,Coverage-aware sentiment tilt
2023-05-05,0.015508656369963205,0.0,0.015508656369963205,1.2013463960845656,-0.048080257332196896,Coverage-aware sentiment tilt
2023-05-08,-0.0009330982701234983,0.0,-0.0009330982701234983,1.2002254218405601,-0.04896849199737652,Coverage-aware sentiment tilt
2023-05-09,-0.003827095149087583,0.0,-0.003827095149087583,1.1956320449508224,-0.05260818006828283,Coverage-aware sentiment tilt
2023-05-10,-0.0011628038138179662,0.0,-0.0011628038138179662,1.1942417594490307,-0.05370981088967941,Coverage-aware sentiment tilt
2023-05-11,-0.007869726593509816,0.0,-0.007869726593509816,1.1848434033156148,-0.06115685595609821,Coverage-aware sentiment tilt
2023-05-12,0.000293565828522606,0.0,0.000293565828522606,1.1851912328509786,-0.06088124369066428,Coverage-aware sentiment tilt
2023-05-15,0.002523577152464535,0.0,0.002523577152464535,1.1881821543675026,-0.058511305053791096,Coverage-aware sentiment tilt
2023-05-16,-0.016815093453233742,0.0,-0.016815093453233742,1.1682027604023484,-0.07434252544447473,Coverage-aware sentiment tilt
2023-05-17,0.00941368107653311,0.0,0.00941368107653311,1.1791998486215016,-0.0656286811929001,Coverage-aware sentiment tilt
2023-05-18,0.0032666446751270237,0.0,0.0032666446751270237,1.1830518755279116,-0.06257642209972747,Coverage-aware sentiment tilt
2023-05-19,-0.002077086469100914,0.0,-0.002077086469100914,1.1805945744850082,-0.06452353192920024,Coverage-aware sentiment tilt
2023-05-22,-0.00016470560411964755,0.0,-0.00016470560411964755,1.1804001239423974,-0.06467761014601348,Coverage-aware sentiment tilt
2023-05-23,-0.006587398108377853,0.0,-0.006587398108377853,1.1726243583988103,-0.07083895108766103,Coverage-aware sentiment tilt
2023-05-24,-0.008730255702785638,0.0,-0.008730255702785638,1.1623870479066738,-0.07895076463373418,Coverage-aware sentiment tilt
2023-05-25,-0.0031314845770696923,0.0,-0.0031314845770696923,1.1587470507935684,-0.08183501610900556,Coverage-aware sentiment tilt
2023-05-26,0.00720294060511314,0.0,0.00720294060511314,1.1670934369767845,-0.07522152826434403,Coverage-aware sentiment tilt
2023-05-30,-0.0026916641143637913,0.0,-0.0026916641143637913,1.1639520134543646,-0.07771072129045109,Coverage-aware sentiment tilt
2023-05-31,-0.0027645088596987464,0.0,-0.0027645088596987464,1.1607342578009059,-0.08026039817264874,Coverage-aware sentiment tilt
2023-06-01,0.0026091012900504454,5.439453644718824e-05,0.0025547067536032574,1.1636995934484486,-0.07791073320030395,Coverage-aware sentiment tilt
2023-06-02,0.015722694973630432,0.0,0.015722694973630432,1.1819960871971764,-0.06341300491995372,Coverage-aware sentiment tilt
2023-06-05,-0.0036021613639185164,0.0,-0.0036021613639185164,1.1777383465595719,-0.06678674240757965,Coverage-aware sentiment tilt
2023-06-06,0.0014371256101845652,0.0,0.0014371256101845652,1.179430904499509,-0.06544559773532976,Coverage-aware sentiment tilt
2023-06-07,0.008661150010789903,0.0,0.008661150010789903,1.1896461324907408,-0.05735128186407146,Coverage-aware sentiment tilt
2023-06-08,0.0047121977507929005,0.0,0.0047121977507929005,1.195251980320503,-0.05290933469468362,Coverage-aware sentiment tilt
2023-06-09,-0.0028809072297923924,0.0,-0.0028809072297923924,1.191808570248974,-0.05563781503963061,Coverage-aware sentiment tilt
2023-06-12,0.0029169846527253127,0.0,0.0029169846527253127,1.1952850575573768,-0.05288312503948711,Coverage-aware sentiment tilt
2023-06-13,0.005739847486695225,0.0,0.005739847486695225,1.2021458114908818,-0.04744681862513833,Coverage-aware sentiment tilt
2023-06-14,-0.0004906717045797045,0.0,-0.0004906717045797045,1.2015559525564041,-0.04791420951834646,Coverage-aware sentiment tilt
2023-06-15,0.01091393887566175,0.0,0.01091393887566175,1.2146696607782923,-0.03752320339664361,Coverage-aware sentiment tilt
2023-06-16,0.001846021016292477,0.0,0.001846021016292477,1.216911966499942,-0.03574645100241991,Coverage-aware sentiment tilt
2023-06-20,-0.011709080498729641,0.0,-0.011709080498729641,1.2026630463243266,-0.04703697342881841,Coverage-aware sentiment tilt
2023-06-21,-0.0019026414315398152,0.0,-0.0019026414315398152,1.200374809784208,-0.04885012036589842,Coverage-aware sentiment tilt
2023-06-22,-0.003863583638238051,0.0,-0.003863583638238051,1.1957370613093725,-0.05252496747836488,Coverage-aware sentiment tilt
2023-06-23,-0.007932152293077466,0.0,-0.007932152293077466,1.1862522928365897,-0.060040483730214866,Coverage-aware sentiment tilt
2023-06-26,0.006984744663853751,0.0,0.006984744663853751,1.1945379622089645,-0.05347510651471088,Coverage-aware sentiment tilt
2023-06-27,0.004905449834961598,0.0,0.004905449834961598,1.200397708258538,-0.04883197613217627,Coverage-aware sentiment tilt
2023-06-28,-0.002668856628781972,0.0,-0.002668856628781972,1.1971940188776775,-0.051370507217761374,Coverage-aware sentiment tilt
2023-06-29,0.004871149673035927,0.0,0.004871149673035927,1.203025730131294,-0.04674959097416298,Coverage-aware sentiment tilt
2023-06-30,0.008600141874824337,0.0,0.008600141874824337,1.2133719220894872,-0.03855150221430659,Coverage-aware sentiment tilt
2023-07-03,0.005715379568842036,4.926092392045749e-05,0.005666118644921578,1.2202470313604628,-0.03310382095487119,Coverage-aware sentiment tilt
2023-07-05,-0.001762097407817879,0.0,-0.001762097407817879,1.218096837229605,-0.03480758620559565,Coverage-aware sentiment tilt
2023-07-06,-0.011017379445769221,0.0,-0.011017379445769221,1.204676602172155,-0.04544147726654646,Coverage-aware sentiment tilt
2023-07-07,-0.0028793089904329055,0.0,-0.0028793089904329055,1.2012079660009567,-0.048189946202947254,Coverage-aware sentiment tilt
2023-07-10,0.0038219969686117076,0.0,0.0038219969686117076,1.2057989792056847,-0.044552131062640665,Coverage-aware sentiment tilt
2023-07-11,0.013139862056792689,0.0,0.013139862056792689,1.2216430114606687,-0.03199767786234731,Coverage-aware sentiment tilt
2023-07-12,0.007123055977688957,0.0,0.007123055977688957,1.2303448430160555,-0.025102543135227973,Coverage-aware sentiment tilt
2023-07-13,0.004882113243869984,0.0,0.004882113243869984,1.2363515258686713,-0.020342983349653343,Coverage-aware sentiment tilt
2023-07-14,-0.004784261765704645,0.0,-0.004784261765704645,1.2304364965344872,-0.02502991895791784,Coverage-aware sentiment tilt
2023-07-17,-0.005325569001271883,0.0,-0.005325569001271883,1.2238837220705094,-0.030222189398683152,Coverage-aware sentiment tilt
2023-07-18,0.003907145906239577,0.0,0.003907145906239577,1.2286656143449106,-0.026433125996030205,Coverage-aware sentiment tilt
2023-07-19,0.006548623879577326,0.0,0.006548623879577326,1.2367116833270253,-0.020057602716562206,Coverage-aware sentiment tilt
2023-07-20,0.004983246796103014,0.0,0.004983246796103014,1.242874522860668,-0.015174307904934015,Coverage-aware sentiment tilt
2023-07-21,0.005694166108821544,0.0,0.005694166108821544,1.2499516568462588,-0.009566546825909628,Coverage-aware sentiment tilt
2023-07-24,0.0038862077624437804,0.0,0.0038862077624437804,1.2548092286777741,-0.005717516652000598,Coverage-aware sentiment tilt
2023-07-25,0.0014616532305741666,0.0,0.0014616532305741666,1.2566433246406254,-0.004264220448111478,Coverage-aware sentiment tilt
2023-07-26,0.0018248111463789784,0.0,0.0018248111463789784,1.2589364613864524,-0.0024471906987367786,Coverage-aware sentiment tilt
2023-07-27,-0.005647732524412145,0.0,-0.005647732524412145,1.2518263249873118,-0.008081102144646302,Coverage-aware sentiment tilt
2023-07-28,0.002784480904730175,0.0,0.002784480904730175,1.2553120114852776,-0.005319122914526964,Coverage-aware sentiment tilt
2023-07-31,0.0017928153934790442,0.0,0.0017928153934790442,1.2575625541830875,-0.003535843726488963,Coverage-aware sentiment tilt
2023-08-01,-0.004649674601046935,4.987075433514199e-05,-0.0046995453553820765,1.251652581922474,-0.008218772223908877,Coverage-aware sentiment tilt
2023-08-02,-0.011579297557818027,0.0,-0.011579297557818027,1.2371593242373824,-0.0197029021725863,Coverage-aware sentiment tilt
2023-08-03,-0.006747947511745985,0.0,-0.006747947511745985,1.2288110380537614,-0.0263178955346427,Coverage-aware sentiment tilt
2023-08-04,-0.0027294087230203914,0.0,-0.0027294087230203914,1.2254571104875536,-0.028975471964019395,Coverage-aware sentiment tilt
2023-08-07,0.00882067977431235,0.0,0.00882067977431235,1.2362664752363186,-0.02041037554921099,Coverage-aware sentiment tilt
2023-08-08,-0.002404109999023902,0.0,-0.002404109999023902,1.233294354641745,-0.0227654167602932,Coverage-aware sentiment tilt
2023-08-09,-6.861710380104289e-05,0.0,-6.861710380104289e-05,1.2332097295549953,-0.022832471767129325,Coverage-aware sentiment tilt
2023-08-10,0.00024384383693665544,0.0,0.00024384383693665544,1.2335104401471977,-0.02259419548771502,Coverage-aware sentiment tilt
2023-08-11,0.002952735812196531,0.0,0.002952735812196531,1.2371526705985387,-0.01970817436568273,Coverage-aware sentiment tilt
2023-08-14,0.00011635540329958346,0.0,0.00011635540329958346,1.2372966199964694,-0.01959411211495976,Coverage-aware sentiment tilt
2023-08-15,-0.011738102600800644,0.0,-0.011738102600800644,1.222773105323327,-0.03110221701738336,Coverage-aware sentiment tilt
2023-08-16,-0.006856778953333593,0.0,-0.006856778953333593,1.2143888204300437,-0.03774573494367017,Coverage-aware sentiment tilt
2023-08-17,-0.005148548609034348,0.0,-0.005148548609034348,1.2081364805577917,-0.04269994780156339,Coverage-aware sentiment tilt
2023-08-18,0.002049395974387337,0.0,0.002049395974387337,1.2106124305975572,-0.04073806092830723,Coverage-aware sentiment tilt
2023-08-21,-0.002078767599367977,0.0,-0.002078767599367977,1.2080958487014388,-0.04273214356655641,Coverage-aware sentiment tilt
2023-08-22,-0.0036877528137102995,0.0,-0.0036877528137102995,1.2036406898361585,-0.04626231079759313,Coverage-aware sentiment tilt
2023-08-23,0.006836144995291487,0.0,0.006836144995291487,1.211868952114111,-0.039742421666731254,Coverage-aware sentiment tilt
2023-08-24,-0.010993686577037653,0.0,-0.010993686577037653,1.1985460446821254,-0.05029919251615245,Coverage-aware sentiment tilt
2023-08-25,0.004813529809491681,0.0,0.004813529809491681,1.2043152817962512,-0.04572777936923056,Coverage-aware sentiment tilt
2023-08-28,0.0066569593257713245,0.0,0.0066569593257713245,1.2123323596425737,-0.039375228010778085,Coverage-aware sentiment tilt
2023-08-29,0.010423984773725102,0.0,0.010423984773725102,1.2249696937001822,-0.029361690014299224,Coverage-aware sentiment tilt
2023-08-30,0.001165434811320642,0.0,0.001165434811320642,1.2263973160240331,-0.028230474338640454,Coverage-aware sentiment tilt
2023-08-31,-0.004263492912194576,0.0,-0.004263492912194576,1.2211685797596303,-0.032373606823584256,Coverage-aware sentiment tilt
2023-09-01,0.003338106887907269,5.352920916057651e-05,0.0032845776787466924,1.2251796028186956,-0.029195362771190836,Coverage-aware sentiment tilt
2023-09-05,-0.009571192390395791,0.0,-0.009571192390395791,1.2134531731273293,-0.03848712072759608,Coverage-aware sentiment tilt
2023-09-06,-0.004129288457597836,0.0,-0.004129288457597836,1.208442474945699,-0.04245748476180744,Coverage-aware sentiment tilt
2023-09-07,0.0031077454060035076,0.0,0.0031077454060035076,1.212198006495631,-0.03948168640902283,Coverage-aware sentiment tilt
2023-09-08,0.003776364840273996,0.0,0.003776364840273996,1.2167757084268114,-0.0358544188211386,Coverage-aware sentiment tilt
2023-09-11,0.003048961411397021,0.0,0.003048961411397021,1.22048561060813,-0.03291477614915528,Coverage-aware sentiment tilt
2023-09-12,0.0019972888364552547,0.0,0.0019972888364552547,1.222923272893252,-0.03098322762765715,Coverage-aware sentiment tilt
2023-09-13,0.00018831148980110612,0.0,0.00018831148980110612,1.223153563396683,-0.030800750635609386,Coverage-aware sentiment tilt
2023-09-14,0.01231155009224949,0.0,0.01231155009224949,1.2382124797629548,-0.01886840552768898,Coverage-aware sentiment tilt
2023-09-15,-0.00966510467670737,0.0,-0.00966510467670737,1.2262450265340405,-0.028351145089888674,Coverage-aware sentiment tilt
2023-09-18,0.000252554055896645,0.0,0.000252554055896645,1.2265547196890147,-0.028105751230673826,Coverage-aware sentiment tilt
2023-09-19,-0.0036416083668389526,0.0,-0.0036416083668389526,1.2220880877594096,-0.031645009458674656,Coverage-aware sentiment tilt
2023-09-20,-0.0030862616836978257,0.0,-0.0030862616836978257,1.218316404120054,-0.03463360636220003,Coverage-aware sentiment tilt
2023-09-21,-0.01711669834442012,0.0,-0.01711669834442012,1.1974628497426725,-0.05115749171393902,Coverage-aware sentiment tilt
2023-09-22,-0.0029504058402710052,0.0,-0.0029504058402710052,1.1939298483572842,-0.053956962191883506,Coverage-aware sentiment tilt
2023-09-25,0.001591021968128103,0.0,0.001591021968128103,1.1958294169744246,-0.05245178693593611,Coverage-aware sentiment tilt
2023-09-26,-0.011651229400234043,0.0,-0.011651229400234043,1.1818965341137075,-0.06349188853412724,Coverage-aware sentiment tilt
2023-09-27,-0.0029072749165645405,0.0,-0.0029072749165645405,1.1784604359661042,-0.06621457507575124,Coverage-aware sentiment tilt
2023-09-28,0.002144704041255849,0.0,0.002144704041255849,1.1809878848255808,-0.06421188170125036,Coverage-aware sentiment tilt
2023-09-29,-0.0031057326098577667,0.0,-0.0031057326098577667,1.177320052239831,-0.0671181893761682,Coverage-aware sentiment tilt
2023-10-02,-0.015409758236083522,6.920913007044063e-05,-0.015478967366153963,1.159096353571692,-0.08155823647929317,Coverage-aware sentiment tilt
2023-10-03,-0.007995345516421535,0.0,-0.007995345516421535,1.1498289777380621,-0.08890149571535266,Coverage-aware sentiment tilt
2023-10-04,0.001933782120223099,0.0,0.001933782120223099,1.1520524964565262,-0.08713962971800515,Coverage-aware sentiment tilt
2023-10-05,-0.003328318442965302,0.0,-0.003328318442965302,1.1482180988853057,-0.09017791972426692,Coverage-aware sentiment tilt
2023-10-06,0.009397246137920211,0.0,0.009397246137920211,1.1590081869805455,-0.08162809769420143,Coverage-aware sentiment tilt
2023-10-09,0.008498091096900648,0.0,0.008498091096900648,1.1688575441355598,-0.0738236896075728,Coverage-aware sentiment tilt
2023-10-10,0.008619803069547051,0.0,0.008619803069547051,1.1789328659823626,-0.06584023220431057,Coverage-aware sentiment tilt
2023-10-11,0.003980438603909616,0.0,0.003980438603909616,1.1836255358735364,-0.06212186660235752,Coverage-aware sentiment tilt
2023-10-12,-0.008594040888061955,0.0,-0.008594040888061955,1.173453409622085,-0.07018202962879605,Coverage-aware sentiment tilt
2023-10-13,0.002776242483843056,0.0,0.002776242483843056,1.1767112008306884,-0.06760062947721068,Coverage-aware sentiment tilt
2023-10-16,0.009393770651259854,0.0,0.009393770651259854,1.1877649559740604,-0.058841883635140646,Coverage-aware sentiment tilt
2023-10-17,0.001955974325554715,0.0,0.001955974325554715,1.1900881937327392,-0.05700100252324358,Coverage-aware sentiment tilt
2023-10-18,-0.013166720828623012,0.0,-0.013166720828623012,1.17441863472442,-0.06941720706469134,Coverage-aware sentiment tilt
2023-10-19,-0.00962998077712557,0.0,-0.00962998077712557,1.1631090058477258,-0.07837870147218218,Coverage-aware sentiment tilt
2023-10-20,-0.007747763036249337,0.0,-0.007747763036249337,1.15409751288509,-0.08551920490233611,Coverage-aware sentiment tilt
2023-10-23,-0.006765300159969332,0.0,-0.006765300159969332,1.1462896967965484,-0.09170594197169923,Coverage-aware sentiment tilt
2023-10-24,0.011618233403945662,0.0,0.011618233403945662,1.1596075580424687,-0.08115316960610952,Coverage-aware sentiment tilt
2023-10-25,-0.008919625604577722,0.0,-0.008919625604577722,1.1492642927764913,-0.08934893932117594,Coverage-aware sentiment tilt
2023-10-26,-0.001441752007947683,0.0,-0.001441752007947683,1.1476073386747183,-0.09066187231644929,Coverage-aware sentiment tilt
2023-10-27,-0.012421609721927095,0.0,-0.012421609721927095,1.1333522081996816,-0.10195731564380217,Coverage-aware sentiment tilt
2023-10-30,0.009393672691311548,0.0,0.009393672691311548,1.1439985478874846,-0.09352139660413328,Coverage-aware sentiment tilt
2023-10-31,0.006736604347477377,0.0,0.006736604347477377,1.1517052134786914,-0.08741480890360132,Coverage-aware sentiment tilt
2023-11-01,0.00588169300216383,4.9551109424356146e-05,0.005832141892739474,1.1584221217023067,-0.08209248257991453,Coverage-aware sentiment tilt
2023-11-02,0.023384316150309205,0.0,0.023384316150309205,1.1855110308317054,-0.060627842995817804,Coverage-aware sentiment tilt
2023-11-03,0.010110317137049001,0.0,0.010110317137049001,1.1974969233228836,-0.051130492578791875,Coverage-aware sentiment tilt
2023-11-06,-0.004232591240973105,0.0,-0.004232591240973105,1.192428408334135,-0.05514666934472934,Coverage-aware sentiment tilt
2023-11-07,-0.0029511302929803663,0.0,-0.0029511302929803663,1.1889093967360898,-0.05793505463124948,Coverage-aware sentiment tilt
2023-11-08,-0.0011898043445585432,0.0,-0.0011898043445585432,1.1874948271705668,-0.05905592759610545,Coverage-aware sentiment tilt
2023-11-09,-0.011067777921105677,0.0,-0.011067777921105677,1.174351898140981,-0.06947008762565265,Coverage-aware sentiment tilt
2023-11-10,0.009221237121352945,0.0,0.009221237121352945,1.18518087545765,-0.060889450655136956,Coverage-aware sentiment tilt
2023-11-13,-0.0015949534536425242,0.0,-0.0015949534536425242,1.1832905671271476,-0.06238728826916684,Coverage-aware sentiment tilt
2023-11-14,0.02287577203665971,0.0,0.02287577203665971,1.210359252393878,-0.040938673616937926,Coverage-aware sentiment tilt
2023-11-15,0.004229072355496794,0.0,0.004229072355496794,1.2154779492483967,-0.036882733874305296,Coverage-aware sentiment tilt
2023-11-16,-0.00038188699944623596,0.0,-0.00038188699944623596,1.2150137740214653,-0.03725053583718074,Coverage-aware sentiment tilt
2023-11-17,0.0020723517899464763,0.0,0.0020723517899464763,1.2175317099908685,-0.03525538026185282,Coverage-aware sentiment tilt
2023-11-20,0.003999391996472471,0.0,0.003999391996472471,1.2224010965672574,-0.03139698835103222,Coverage-aware sentiment tilt
2023-11-21,-0.0009511641433505072,0.0,-0.0009511641433505072,1.2212383924754102,-0.03231828880485399,Coverage-aware sentiment tilt
2023-11-22,0.0015934894369254206,0.0,0.0015934894369254206,1.2231844229537876,-0.03077629821975869,Coverage-aware sentiment tilt
2023-11-24,0.0025777830616197117,0.0,0.0025777830616197117,1.226337527040515,-0.028277849778389097,Coverage-aware sentiment tilt
2023-11-27,0.0006847040573475063,0.0,0.0006847040573475063,1.227177205320957,-0.02761250767951806,Coverage-aware sentiment tilt
2023-11-28,0.001993784459508894,0.0,0.001993784459508894,1.2296239321619895,-0.02567377660870862,Coverage-aware sentiment tilt
2023-11-29,0.0036872886611265783,0.0,0.0036872886611265783,1.2341579105445002,-0.022081154572959782,Coverage-aware sentiment tilt
2023-11-30,0.006728671807822556,0.0,0.006728671807822556,1.242462154083582,-0.01550105960739645,Coverage-aware sentiment tilt
2023-12-01,0.008764203996910596,6.884526196013518e-05,0.00869535873495046,1.2532658082279382,-0.006940488146504165,Coverage-aware sentiment tilt
2023-12-04,-0.002013300862437354,0.0,-0.002013300862437354,1.2507426070953698,-0.008939815718170263,Coverage-aware sentiment tilt
2023-12-05,-0.0032396546318935126,0.0,-0.0032396546318935126,1.2466906330149867,-0.012150508434664142,Coverage-aware sentiment tilt
2023-12-06,6.127252855572948e-05,0.0,6.127252855572948e-05,1.2467670209023984,-0.012089980398483302,Coverage-aware sentiment tilt
2023-12-07,0.0039616602775988975,0.0,0.0039616602775988975,1.2517062882845278,-0.00817621651598599,Coverage-aware sentiment tilt
2023-12-08,0.0018408850197941685,0.0,0.0018408850197941685,1.254010535639813,-0.006350382970694679,Coverage-aware sentiment tilt
2023-12-11,0.0067191280685757,0.0,0.0067191280685757,1.2624363930281202,0.0,Coverage-aware sentiment tilt
2023-12-12,0.0005260006349690515,0.0,0.0005260006349690515,1.2631004353724609,0.0,Coverage-aware sentiment tilt
2023-12-13,0.02105694034923041,0.0,0.02105694034923041,1.2896974658951859,0.0,Coverage-aware sentiment tilt
2023-12-14,0.009828001939097934,0.0,0.009828001939097934,1.3023726150908534,0.0,Coverage-aware sentiment tilt
2023-12-15,-0.0038552877507785858,0.0,-0.0038552877507785858,1.2973515939009441,-0.003855287750778702,Coverage-aware sentiment tilt
2023-12-18,-0.0005139987786171237,0.0,-0.0005139987786171237,1.296684756766242,-0.004367304916200632,Coverage-aware sentiment tilt
2023-12-19,0.007251460789024108,0.0,0.007251460789024108,1.3060876154356578,0.0,Coverage-aware sentiment tilt
2023-12-20,-0.01436510609758583,0.0,-0.01436510609758583,1.2873255282671816,-0.0143651060975859,Coverage-aware sentiment tilt
2023-12-21,0.0073617403581496856,0.0,0.0073617403581496856,1.2968024845627024,-0.007109117920743979,Coverage-aware sentiment tilt
2023-12-22,0.0032087327538429453,0.0,0.0032087327538429453,1.3009635771701837,-0.003923196426424136,Coverage-aware sentiment tilt
2023-12-26,0.005796434459635198,0.0,0.005796434459635198,1.3085045272796234,0.0,Coverage-aware sentiment tilt
2023-12-27,0.0019969395773686044,0.0,0.0019969395773686044,1.3111175317573143,0.0,Coverage-aware sentiment tilt
2023-12-28,0.0015957854724221547,0.0,0.0015957854724221547,1.3132097940671308,0.0,Coverage-aware sentiment tilt
2023-12-29,-0.0025559523188840453,0.0,-0.0025559523188840453,1.3098532924488036,-0.0025559523188841693,Coverage-aware sentiment tilt
