rebalance_date,ticker,weight,strategy
2021-01-04,ABBV,0.024216504040444002,Coverage-aware sentiment tilt
2021-01-04,ABT,0.03238382435690723,Coverage-aware sentiment tilt
2021-01-04,ADBE,0.0217399095968459,Coverage-aware sentiment tilt
2021-01-04,AEP,0.02326278139429299,Coverage-aware sentiment tilt
2021-01-04,AMD,0.01826231333821196,Coverage-aware sentiment tilt
2021-01-04,AMGN,0.032491110212159745,Coverage-aware sentiment tilt
2021-01-04,AMT,0.01616406020732215,Coverage-aware sentiment tilt
2021-01-04,BA,0.007790697582945484,Coverage-aware sentiment tilt
2021-01-04,CAT,0.01770339684189364,Coverage-aware sentiment tilt
2021-01-04,CCI,0.015388834126754,Coverage-aware sentiment tilt
2021-01-04,CMCSA,0.01622621644049517,Coverage-aware sentiment tilt
2021-01-04,COP,0.009066597911441631,Coverage-aware sentiment tilt
2021-01-04,CVX,0.011055942785052555,Coverage-aware sentiment tilt
2021-01-04,D,0.023106087831283633,Coverage-aware sentiment tilt
2021-01-04,DD,0.01938603634761451,Coverage-aware sentiment tilt
2021-01-04,DIS,0.018030352349986446,Coverage-aware sentiment tilt
2021-01-04,DOW,0.010777994651334352,Coverage-aware sentiment tilt
2021-01-04,DUK,0.023652738109649983,Coverage-aware sentiment tilt
2021-01-04,EA,0.042780097547120276,Coverage-aware sentiment tilt
2021-01-04,GE,0.013444557136244057,Coverage-aware sentiment tilt
2021-01-04,GILD,0.04076823016019391,Coverage-aware sentiment tilt
2021-01-04,GS,0.009762770908641952,Coverage-aware sentiment tilt
2021-01-04,INTC,0.018441020778526683,Coverage-aware sentiment tilt
2021-01-04,KO,0.0247669026389543,Coverage-aware sentiment tilt
2021-01-04,MMM,0.020242109702059224,Coverage-aware sentiment tilt
2021-01-04,MRK,0.023942848935821236,Coverage-aware sentiment tilt
2021-01-04,MS,0.0098161172489118,Coverage-aware sentiment tilt
2021-01-04,NEE,0.03581186836113197,Coverage-aware sentiment tilt
2021-01-04,NEM,0.03394772891509742,Coverage-aware sentiment tilt
2021-01-04,NKE,0.023897171210748216,Coverage-aware sentiment tilt
2021-01-04,NUE,0.014234176521161485,Coverage-aware sentiment tilt
2021-01-04,NVDA,0.014676465794531687,Coverage-aware sentiment tilt
2021-01-04,O,0.016931794236126,Coverage-aware sentiment tilt
2021-01-04,OXY,0.007036131482571488,Coverage-aware sentiment tilt
2021-01-04,PLD,0.013375698800187383,Coverage-aware sentiment tilt
2021-01-04,PSA,0.019376963230626015,Coverage-aware sentiment tilt
2021-01-04,QCOM,0.019378163166881925,Coverage-aware sentiment tilt
2021-01-04,SBUX,0.02246627005213183,Coverage-aware sentiment tilt
2021-01-04,SHW,0.01932147336700968,Coverage-aware sentiment tilt
2021-01-04,SLB,0.011829223932606705,Coverage-aware sentiment tilt
2021-01-04,SO,0.017149004405948274,Coverage-aware sentiment tilt
2021-01-04,T,0.015944225595395052,Coverage-aware sentiment tilt
2021-01-04,TMUS,0.01832017987127671,Coverage-aware sentiment tilt
2021-01-04,TTWO,0.03075623581743462,Coverage-aware sentiment tilt
2021-01-04,UPS,0.025694886642248695,Coverage-aware sentiment tilt
2021-01-04,USB,0.012883112569243911,Coverage-aware sentiment tilt
2021-01-04,V,0.0189022734064934,Coverage-aware sentiment tilt
2021-01-04,WFC,0.01728573778574249,Coverage-aware sentiment tilt
2021-01-04,WMT,0.035010024899629566,Coverage-aware sentiment tilt
2021-01-04,XOM,0.011101136754666523,Coverage-aware sentiment tilt
2021-02-01,ABBV,0.0353560009830691,Coverage-aware sentiment tilt
2021-02-01,ABT,0.020959359757201486,Coverage-aware sentiment tilt
2021-02-01,ADBE,0.023034715379265634,Coverage-aware sentiment tilt
2021-02-01,AEP,0.023573909182024483,Coverage-aware sentiment tilt
2021-02-01,AMD,0.02030043575339091,Coverage-aware sentiment tilt
2021-02-01,AMGN,0.02155064901514173,Coverage-aware sentiment tilt
2021-02-01,AMT,0.016996607929668995,Coverage-aware sentiment tilt
2021-02-01,BA,0.006200020819815721,Coverage-aware sentiment tilt
2021-02-01,CAT,0.020036831167541888,Coverage-aware sentiment tilt
2021-02-01,CCI,0.01593545670532032,Coverage-aware sentiment tilt
2021-02-01,CMCSA,0.016233301726834938,Coverage-aware sentiment tilt
2021-02-01,COP,0.00945210643567767,Coverage-aware sentiment tilt
2021-02-01,CVX,0.011603417695938147,Coverage-aware sentiment tilt
2021-02-01,D,0.019230578435470876,Coverage-aware sentiment tilt
2021-02-01,DD,0.01936137473969038,Coverage-aware sentiment tilt
2021-02-01,DIS,0.016284612248970598,Coverage-aware sentiment tilt
2021-02-01,DOW,0.007874910213583686,Coverage-aware sentiment tilt
2021-02-01,DUK,0.028427422091457294,Coverage-aware sentiment tilt
2021-02-01,EA,0.021272494784959503,Coverage-aware sentiment tilt
2021-02-01,GE,0.017310321176649535,Coverage-aware sentiment tilt
2021-02-01,GILD,0.03853479258888242,Coverage-aware sentiment tilt
2021-02-01,GS,0.010466074249604657,Coverage-aware sentiment tilt
2021-02-01,INTC,0.016979072081935123,Coverage-aware sentiment tilt
2021-02-01,KO,0.028517299040407916,Coverage-aware sentiment tilt
2021-02-01,MMM,0.030368420963774605,Coverage-aware sentiment tilt
2021-02-01,MRK,0.025593990211087776,Coverage-aware sentiment tilt
2021-02-01,MS,0.016774088699837812,Coverage-aware sentiment tilt
2021-02-01,NEE,0.03641491775907782,Coverage-aware sentiment tilt
2021-02-01,NEM,0.02806027632522433,Coverage-aware sentiment tilt
2021-02-01,NKE,0.026152391890202256,Coverage-aware sentiment tilt
2021-02-01,NUE,0.017768241808891635,Coverage-aware sentiment tilt
2021-02-01,NVDA,0.014888429353733388,Coverage-aware sentiment tilt
2021-02-01,O,0.01472292669407373,Coverage-aware sentiment tilt
2021-02-01,OXY,0.007714676545000948,Coverage-aware sentiment tilt
2021-02-01,PLD,0.015190016781647976,Coverage-aware sentiment tilt
2021-02-01,PSA,0.030691051973831665,Coverage-aware sentiment tilt
2021-02-01,QCOM,0.015037748308792438,Coverage-aware sentiment tilt
2021-02-01,SBUX,0.012851914556258606,Coverage-aware sentiment tilt
2021-02-01,SHW,0.020299830510864807,Coverage-aware sentiment tilt
2021-02-01,SLB,0.014005708667392591,Coverage-aware sentiment tilt
2021-02-01,SO,0.01669403381862203,Coverage-aware sentiment tilt
2021-02-01,T,0.018057133319555937,Coverage-aware sentiment tilt
2021-02-01,TMUS,0.019687378595865956,Coverage-aware sentiment tilt
2021-02-01,TTWO,0.026902622237574596,Coverage-aware sentiment tilt
2021-02-01,UPS,0.025980299537753982,Coverage-aware sentiment tilt
2021-02-01,USB,0.014370485677932223,Coverage-aware sentiment tilt
2021-02-01,V,0.021950321011923558,Coverage-aware sentiment tilt
2021-02-01,WFC,0.016906391770883808,Coverage-aware sentiment tilt
2021-02-01,WMT,0.036126839048616625,Coverage-aware sentiment tilt
2021-02-01,XOM,0.011298099729075963,Coverage-aware sentiment tilt
2021-03-01,ABBV,0.03789584605075267,Coverage-aware sentiment tilt
2021-03-01,ABT,0.025559303535795136,Coverage-aware sentiment tilt
2021-03-01,ADBE,0.026814139665269788,Coverage-aware sentiment tilt
2021-03-01,AEP,0.02106427229470104,Coverage-aware sentiment tilt
2021-03-01,AMD,0.019880417638447397,Coverage-aware sentiment tilt
2021-03-01,AMGN,0.015411257337059411,Coverage-aware sentiment tilt
2021-03-01,AMT,0.01885885528550366,Coverage-aware sentiment tilt
2021-03-01,BA,0.005378691946004115,Coverage-aware sentiment tilt
2021-03-01,CAT,0.017267526871173364,Coverage-aware sentiment tilt
2021-03-01,CCI,0.019428047160663684,Coverage-aware sentiment tilt
2021-03-01,CMCSA,0.012270761699000458,Coverage-aware sentiment tilt
2021-03-01,COP,0.00817669821068418,Coverage-aware sentiment tilt
2021-03-01,CVX,0.01031365524974441,Coverage-aware sentiment tilt
2021-03-01,D,0.024474221945658084,Coverage-aware sentiment tilt
2021-03-01,DD,0.011278067018911304,Coverage-aware sentiment tilt
2021-03-01,DIS,0.018822870731862906,Coverage-aware sentiment tilt
2021-03-01,DOW,0.010860099129027325,Coverage-aware sentiment tilt
2021-03-01,DUK,0.028139348669319445,Coverage-aware sentiment tilt
2021-03-01,EA,0.040342142155778644,Coverage-aware sentiment tilt
2021-03-01,GE,0.013162152590807488,Coverage-aware sentiment tilt
2021-03-01,GILD,0.035756860139749734,Coverage-aware sentiment tilt
2021-03-01,GS,0.010297956538084541,Coverage-aware sentiment tilt
2021-03-01,INTC,0.015954772903496763,Coverage-aware sentiment tilt
2021-03-01,KO,0.025074161123223814,Coverage-aware sentiment tilt
2021-03-01,MMM,0.017868038156250387,Coverage-aware sentiment tilt
2021-03-01,MRK,0.025612183922436558,Coverage-aware sentiment tilt
2021-03-01,MS,0.009173082997760979,Coverage-aware sentiment tilt
2021-03-01,NEE,0.024261146968556635,Coverage-aware sentiment tilt
2021-03-01,NEM,0.045389059728597754,Coverage-aware sentiment tilt
2021-03-01,NKE,0.01779994138245887,Coverage-aware sentiment tilt
2021-03-01,NUE,0.015982180005520343,Coverage-aware sentiment tilt
2021-03-01,NVDA,0.015025926252514402,Coverage-aware sentiment tilt
2021-03-01,O,0.01818198395500003,Coverage-aware sentiment tilt
2021-03-01,OXY,0.010990638268224518,Coverage-aware sentiment tilt
2021-03-01,PLD,0.01859405330851605,Coverage-aware sentiment tilt
2021-03-01,PSA,0.02961048389044751,Coverage-aware sentiment tilt
2021-03-01,QCOM,0.016584806557011063,Coverage-aware sentiment tilt
2021-03-01,SBUX,0.010855616118924558,Coverage-aware sentiment tilt
2021-03-01,SHW,0.018713945181134208,Coverage-aware sentiment tilt
2021-03-01,SLB,0.012100937166446495,Coverage-aware sentiment tilt
2021-03-01,SO,0.027060247292834308,Coverage-aware sentiment tilt
2021-03-01,T,0.020683259049580117,Coverage-aware sentiment tilt
2021-03-01,TMUS,0.02408747399566814,Coverage-aware sentiment tilt
2021-03-01,TTWO,0.035003767832568755,Coverage-aware sentiment tilt
2021-03-01,UPS,0.02360628608392161,Coverage-aware sentiment tilt
2021-03-01,USB,0.015192449772867185,Coverage-aware sentiment tilt
2021-03-01,V,0.01812773013443505,Coverage-aware sentiment tilt
2021-03-01,WFC,0.013139834069292373,Coverage-aware sentiment tilt
2021-03-01,WMT,0.032287074853482214,Coverage-aware sentiment tilt
2021-03-01,XOM,0.011585727164830549,Coverage-aware sentiment tilt
2021-04-01,ABBV,0.030419882397121213,Coverage-aware sentiment tilt
2021-04-01,ABT,0.025881922225092068,Coverage-aware sentiment tilt
2021-04-01,ADBE,0.017878007017513072,Coverage-aware sentiment tilt
2021-04-01,AEP,0.022334489961140142,Coverage-aware sentiment tilt
2021-04-01,AMD,0.0240817775165481,Coverage-aware sentiment tilt
2021-04-01,AMGN,0.026361101550457615,Coverage-aware sentiment tilt
2021-04-01,AMT,0.014817820875860097,Coverage-aware sentiment tilt
2021-04-01,BA,0.006397565137113568,Coverage-aware sentiment tilt
2021-04-01,CAT,0.013513361084026556,Coverage-aware sentiment tilt
2021-04-01,CCI,0.02160189684104371,Coverage-aware sentiment tilt
2021-04-01,CMCSA,0.015748179934212972,Coverage-aware sentiment tilt
2021-04-01,COP,0.012787518740619841,Coverage-aware sentiment tilt
2021-04-01,CVX,0.011954342997336068,Coverage-aware sentiment tilt
2021-04-01,D,0.039579200461218995,Coverage-aware sentiment tilt
2021-04-01,DD,0.015219199443514223,Coverage-aware sentiment tilt
2021-04-01,DIS,0.015996250873818226,Coverage-aware sentiment tilt
2021-04-01,DOW,0.0095250194406318,Coverage-aware sentiment tilt
2021-04-01,DUK,0.023924439645207428,Coverage-aware sentiment tilt
2021-04-01,EA,0.046096147114164945,Coverage-aware sentiment tilt
2021-04-01,GE,0.015115593085638899,Coverage-aware sentiment tilt
2021-04-01,GILD,0.02474237909964664,Coverage-aware sentiment tilt
2021-04-01,GS,0.01370273684047565,Coverage-aware sentiment tilt
2021-04-01,INTC,0.019003527490018254,Coverage-aware sentiment tilt
2021-04-01,KO,0.023898129046842093,Coverage-aware sentiment tilt
2021-04-01,MMM,0.023519680069684887,Coverage-aware sentiment tilt
2021-04-01,MRK,0.02153035340914347,Coverage-aware sentiment tilt
2021-04-01,MS,0.013309991974826886,Coverage-aware sentiment tilt
2021-04-01,NEE,0.022937168506183617,Coverage-aware sentiment tilt
2021-04-01,NEM,0.033616378037624337,Coverage-aware sentiment tilt
2021-04-01,NKE,0.017447015045759077,Coverage-aware sentiment tilt
2021-04-01,NUE,0.013801589503644468,Coverage-aware sentiment tilt
2021-04-01,NVDA,0.014703921950897461,Coverage-aware sentiment tilt
2021-04-01,O,0.02637045870385621,Coverage-aware sentiment tilt
2021-04-01,OXY,0.0057573197420640555,Coverage-aware sentiment tilt
2021-04-01,PLD,0.012362975391865014,Coverage-aware sentiment tilt
2021-04-01,PSA,0.041414063196986914,Coverage-aware sentiment tilt
2021-04-01,QCOM,0.013633832498778503,Coverage-aware sentiment tilt
2021-04-01,SBUX,0.015819576282373144,Coverage-aware sentiment tilt
2021-04-01,SHW,0.016550574320850244,Coverage-aware sentiment tilt
2021-04-01,SLB,0.010176455519800946,Coverage-aware sentiment tilt
2021-04-01,SO,0.018115014791959014,Coverage-aware sentiment tilt
2021-04-01,T,0.019702349086032488,Coverage-aware sentiment tilt
2021-04-01,TMUS,0.021107009562214764,Coverage-aware sentiment tilt
2021-04-01,TTWO,0.028172980792237665,Coverage-aware sentiment tilt
2021-04-01,UPS,0.018611936091730272,Coverage-aware sentiment tilt
2021-04-01,USB,0.009035691056749728,Coverage-aware sentiment tilt
2021-04-01,V,0.018504296297601287,Coverage-aware sentiment tilt
2021-04-01,WFC,0.00984753298604588,Coverage-aware sentiment tilt
2021-04-01,WMT,0.05036619415401399,Coverage-aware sentiment tilt
2021-04-01,XOM,0.013005152207813581,Coverage-aware sentiment tilt
2021-05-03,ABBV,0.0446615669098925,Coverage-aware sentiment tilt
2021-05-03,ABT,0.03432993815735017,Coverage-aware sentiment tilt
2021-05-03,ADBE,0.019225935360318275,Coverage-aware sentiment tilt
2021-05-03,AEP,0.037421667373171916,Coverage-aware sentiment tilt
2021-05-03,AMD,0.01474014163172124,Coverage-aware sentiment tilt
2021-05-03,AMGN,0.01789963367881734,Coverage-aware sentiment tilt
2021-05-03,AMT,0.0222214163923252,Coverage-aware sentiment tilt
2021-05-03,BA,0.006884404705166804,Coverage-aware sentiment tilt
2021-05-03,CAT,0.012318457728462958,Coverage-aware sentiment tilt
2021-05-03,CCI,0.024446588640554292,Coverage-aware sentiment tilt
2021-05-03,CMCSA,0.012250070422468269,Coverage-aware sentiment tilt
2021-05-03,COP,0.005840466704614619,Coverage-aware sentiment tilt
2021-05-03,CVX,0.008724015547701351,Coverage-aware sentiment tilt
2021-05-03,D,0.02936275668583319,Coverage-aware sentiment tilt
2021-05-03,DD,0.013712039462338482,Coverage-aware sentiment tilt
2021-05-03,DIS,0.015923480114715383,Coverage-aware sentiment tilt
2021-05-03,DOW,0.012048899211249051,Coverage-aware sentiment tilt
2021-05-03,DUK,0.03596099937762805,Coverage-aware sentiment tilt
2021-05-03,EA,0.03486119557930153,Coverage-aware sentiment tilt
2021-05-03,GE,0.012558769316374821,Coverage-aware sentiment tilt
2021-05-03,GILD,0.020660429051296267,Coverage-aware sentiment tilt
2021-05-03,GS,0.013680674529358202,Coverage-aware sentiment tilt
2021-05-03,INTC,0.01476047429426257,Coverage-aware sentiment tilt
2021-05-03,KO,0.017627915806946785,Coverage-aware sentiment tilt
2021-05-03,MMM,0.015609902073959786,Coverage-aware sentiment tilt
2021-05-03,MRK,0.030584449160410088,Coverage-aware sentiment tilt
2021-05-03,MS,0.014469618800923088,Coverage-aware sentiment tilt
2021-05-03,NEE,0.03698778480751781,Coverage-aware sentiment tilt
2021-05-03,NEM,0.021134870310656823,Coverage-aware sentiment tilt
2021-05-03,NKE,0.021215567592699675,Coverage-aware sentiment tilt
2021-05-03,NUE,0.014768873165290049,Coverage-aware sentiment tilt
2021-05-03,NVDA,0.014679395083533667,Coverage-aware sentiment tilt
2021-05-03,O,0.019144197377019397,Coverage-aware sentiment tilt
2021-05-03,OXY,0.0063469364982726845,Coverage-aware sentiment tilt
2021-05-03,PLD,0.016895608050938996,Coverage-aware sentiment tilt
2021-05-03,PSA,0.027548008136170976,Coverage-aware sentiment tilt
2021-05-03,QCOM,0.011962330707543397,Coverage-aware sentiment tilt
2021-05-03,SBUX,0.015131305022512547,Coverage-aware sentiment tilt
2021-05-03,SHW,0.020416144641452347,Coverage-aware sentiment tilt
2021-05-03,SLB,0.008015714399406175,Coverage-aware sentiment tilt
2021-05-03,SO,0.01867553602503516,Coverage-aware sentiment tilt
2021-05-03,T,0.02761044185046118,Coverage-aware sentiment tilt
2021-05-03,TMUS,0.014825879346348244,Coverage-aware sentiment tilt
2021-05-03,TTWO,0.048390678432399525,Coverage-aware sentiment tilt
2021-05-03,UPS,0.023317704207616922,Coverage-aware sentiment tilt
2021-05-03,USB,0.01507764025248277,Coverage-aware sentiment tilt
2021-05-03,V,0.01667441143497365,Coverage-aware sentiment tilt
2021-05-03,WFC,0.014222994228908261,Coverage-aware sentiment tilt
2021-05-03,WMT,0.03383889726835942,Coverage-aware sentiment tilt
2021-05-03,XOM,0.010333174443238202,Coverage-aware sentiment tilt
2021-06-01,ABBV,0.03224278767322329,Coverage-aware sentiment tilt
2021-06-01,ABT,0.028558528811107185,Coverage-aware sentiment tilt
2021-06-01,ADBE,0.016038970779741264,Coverage-aware sentiment tilt
2021-06-01,AEP,0.040615265054627134,Coverage-aware sentiment tilt
2021-06-01,AMD,0.01787389118864,Coverage-aware sentiment tilt
2021-06-01,AMGN,0.020996939096215226,Coverage-aware sentiment tilt
2021-06-01,AMT,0.026534915075353653,Coverage-aware sentiment tilt
2021-06-01,BA,0.005570318341494208,Coverage-aware sentiment tilt
2021-06-01,CAT,0.017476144166987617,Coverage-aware sentiment tilt
2021-06-01,CCI,0.022959523415274477,Coverage-aware sentiment tilt
2021-06-01,CMCSA,0.011749202689564272,Coverage-aware sentiment tilt
2021-06-01,COP,0.010285231611861633,Coverage-aware sentiment tilt
2021-06-01,CVX,0.00959973889566627,Coverage-aware sentiment tilt
2021-06-01,D,0.036150695168349636,Coverage-aware sentiment tilt
2021-06-01,DD,0.010037599435146694,Coverage-aware sentiment tilt
2021-06-01,DIS,0.01478404370307706,Coverage-aware sentiment tilt
2021-06-01,DOW,0.009256886246008152,Coverage-aware sentiment tilt
2021-06-01,DUK,0.031676600788051706,Coverage-aware sentiment tilt
2021-06-01,EA,0.029878718373786677,Coverage-aware sentiment tilt
2021-06-01,GE,0.013499880619706906,Coverage-aware sentiment tilt
2021-06-01,GILD,0.03647749166326013,Coverage-aware sentiment tilt
2021-06-01,GS,0.011456814236588729,Coverage-aware sentiment tilt
2021-06-01,INTC,0.016828645116784655,Coverage-aware sentiment tilt
2021-06-01,KO,0.02846505084975849,Coverage-aware sentiment tilt
2021-06-01,MMM,0.018982526474206743,Coverage-aware sentiment tilt
2021-06-01,MRK,0.024882390162906675,Coverage-aware sentiment tilt
2021-06-01,MS,0.010870141925970413,Coverage-aware sentiment tilt
2021-06-01,NEE,0.04107125525303134,Coverage-aware sentiment tilt
2021-06-01,NEM,0.02872353872300752,Coverage-aware sentiment tilt
2021-06-01,NKE,0.01758360199797129,Coverage-aware sentiment tilt
2021-06-01,NUE,0.012086190885138718,Coverage-aware sentiment tilt
2021-06-01,NVDA,0.014037168288083794,Coverage-aware sentiment tilt
2021-06-01,O,0.01633675398757131,Coverage-aware sentiment tilt
2021-06-01,OXY,0.008000604670923943,Coverage-aware sentiment tilt
2021-06-01,PLD,0.020370490253009535,Coverage-aware sentiment tilt
2021-06-01,PSA,0.032085280182294056,Coverage-aware sentiment tilt
2021-06-01,QCOM,0.011863864882574114,Coverage-aware sentiment tilt
2021-06-01,SBUX,0.014695840111496414,Coverage-aware sentiment tilt
2021-06-01,SHW,0.020283296833178286,Coverage-aware sentiment tilt
2021-06-01,SLB,0.011535794915780306,Coverage-aware sentiment tilt
2021-06-01,SO,0.025913822764378532,Coverage-aware sentiment tilt
2021-06-01,T,0.026939592888915332,Coverage-aware sentiment tilt
2021-06-01,TMUS,0.018319944602469364,Coverage-aware sentiment tilt
2021-06-01,TTWO,0.03137353725299355,Coverage-aware sentiment tilt
2021-06-01,UPS,0.019213898925478673,Coverage-aware sentiment tilt
2021-06-01,USB,0.016939135459868814,Coverage-aware sentiment tilt
2021-06-01,V,0.012750706789664501,Coverage-aware sentiment tilt
2021-06-01,WFC,0.01435830225131986,Coverage-aware sentiment tilt
2021-06-01,WMT,0.02452007554168664,Coverage-aware sentiment tilt
2021-06-01,XOM,0.007248360975805125,Coverage-aware sentiment tilt
2021-07-01,ABBV,0.023945686075006134,Coverage-aware sentiment tilt
2021-07-01,ABT,0.030446854854422337,Coverage-aware sentiment tilt
2021-07-01,ADBE,0.016012763999455185,Coverage-aware sentiment tilt
2021-07-01,AEP,0.030477824356705364,Coverage-aware sentiment tilt
2021-07-01,AMD,0.02037809772499497,Coverage-aware sentiment tilt
2021-07-01,AMGN,0.01788211076201716,Coverage-aware sentiment tilt
2021-07-01,AMT,0.01993927048461912,Coverage-aware sentiment tilt
2021-07-01,BA,0.009894555902469406,Coverage-aware sentiment tilt
2021-07-01,CAT,0.016964839138830227,Coverage-aware sentiment tilt
2021-07-01,CCI,0.026842760197362977,Coverage-aware sentiment tilt
2021-07-01,CMCSA,0.016450207829047558,Coverage-aware sentiment tilt
2021-07-01,COP,0.013056810598211607,Coverage-aware sentiment tilt
2021-07-01,CVX,0.014025905437328776,Coverage-aware sentiment tilt
2021-07-01,D,0.032568535161484786,Coverage-aware sentiment tilt
2021-07-01,DD,0.014182135732421742,Coverage-aware sentiment tilt
2021-07-01,DIS,0.015467342094640643,Coverage-aware sentiment tilt
2021-07-01,DOW,0.00958135374529654,Coverage-aware sentiment tilt
2021-07-01,DUK,0.032119145968692926,Coverage-aware sentiment tilt
2021-07-01,EA,0.017907104120277642,Coverage-aware sentiment tilt
2021-07-01,GE,0.014827689907778161,Coverage-aware sentiment tilt
2021-07-01,GILD,0.027342040057727737,Coverage-aware sentiment tilt
2021-07-01,GS,0.013049464031780164,Coverage-aware sentiment tilt
2021-07-01,INTC,0.017505236298874453,Coverage-aware sentiment tilt
2021-07-01,KO,0.02038480633222176,Coverage-aware sentiment tilt
2021-07-01,MMM,0.03228156244479918,Coverage-aware sentiment tilt
2021-07-01,MRK,0.03363990836608453,Coverage-aware sentiment tilt
2021-07-01,MS,0.012305228705829716,Coverage-aware sentiment tilt
2021-07-01,NEE,0.03677715116760129,Coverage-aware sentiment tilt
2021-07-01,NEM,0.019621174251890496,Coverage-aware sentiment tilt
2021-07-01,NKE,0.017502078829066355,Coverage-aware sentiment tilt
2021-07-01,NUE,0.008762320420945905,Coverage-aware sentiment tilt
2021-07-01,NVDA,0.013498101286610819,Coverage-aware sentiment tilt
2021-07-01,O,0.020634464834884028,Coverage-aware sentiment tilt
2021-07-01,OXY,0.007328769373039015,Coverage-aware sentiment tilt
2021-07-01,PLD,0.013158012211625223,Coverage-aware sentiment tilt
2021-07-01,PSA,0.03610060975014931,Coverage-aware sentiment tilt
2021-07-01,QCOM,0.014709952517063515,Coverage-aware sentiment tilt
2021-07-01,SBUX,0.015774588182124454,Coverage-aware sentiment tilt
2021-07-01,SHW,0.023870415839588863,Coverage-aware sentiment tilt
2021-07-01,SLB,0.01313523432647363,Coverage-aware sentiment tilt
2021-07-01,SO,0.01851791006707214,Coverage-aware sentiment tilt
2021-07-01,T,0.03423335139534283,Coverage-aware sentiment tilt
2021-07-01,TMUS,0.03434108716675842,Coverage-aware sentiment tilt
2021-07-01,TTWO,0.02719985348263795,Coverage-aware sentiment tilt
2021-07-01,UPS,0.01830512411061606,Coverage-aware sentiment tilt
2021-07-01,USB,0.012132182688197534,Coverage-aware sentiment tilt
2021-07-01,V,0.017862727144332027,Coverage-aware sentiment tilt
2021-07-01,WFC,0.01354947449973128,Coverage-aware sentiment tilt
2021-07-01,WMT,0.023611019706253292,Coverage-aware sentiment tilt
2021-07-01,XOM,0.009895156419614777,Coverage-aware sentiment tilt
2021-08-02,ABBV,0.035536354440485175,Coverage-aware sentiment tilt
2021-08-02,ABT,0.024395268416023005,Coverage-aware sentiment tilt
2021-08-02,ADBE,0.018553378982619034,Coverage-aware sentiment tilt
2021-08-02,AEP,0.03060320555082205,Coverage-aware sentiment tilt
2021-08-02,AMD,0.01374294783250746,Coverage-aware sentiment tilt
2021-08-02,AMGN,0.022291171226381815,Coverage-aware sentiment tilt
2021-08-02,AMT,0.02141677584983508,Coverage-aware sentiment tilt
2021-08-02,BA,0.010062793281204399,Coverage-aware sentiment tilt
2021-08-02,CAT,0.010636622315093613,Coverage-aware sentiment tilt
2021-08-02,CCI,0.035051615624926945,Coverage-aware sentiment tilt
2021-08-02,CMCSA,0.018775112359325635,Coverage-aware sentiment tilt
2021-08-02,COP,0.010659190422433367,Coverage-aware sentiment tilt
2021-08-02,CVX,0.011238848201893217,Coverage-aware sentiment tilt
2021-08-02,D,0.02520796779100832,Coverage-aware sentiment tilt
2021-08-02,DD,0.01516194840825707,Coverage-aware sentiment tilt
2021-08-02,DIS,0.019341092044648685,Coverage-aware sentiment tilt
2021-08-02,DOW,0.009712226555906716,Coverage-aware sentiment tilt
2021-08-02,DUK,0.04377202155887852,Coverage-aware sentiment tilt
2021-08-02,EA,0.019890558470836386,Coverage-aware sentiment tilt
2021-08-02,GE,0.017412041522463968,Coverage-aware sentiment tilt
2021-08-02,GILD,0.020696441292734156,Coverage-aware sentiment tilt
2021-08-02,GS,0.014934040863183926,Coverage-aware sentiment tilt
2021-08-02,INTC,0.017619016565283897,Coverage-aware sentiment tilt
2021-08-02,KO,0.024727652684039342,Coverage-aware sentiment tilt
2021-08-02,MMM,0.021270296542408723,Coverage-aware sentiment tilt
2021-08-02,MRK,0.02791024843108402,Coverage-aware sentiment tilt
2021-08-02,MS,0.01313073137162607,Coverage-aware sentiment tilt
2021-08-02,NEE,0.027196784013723673,Coverage-aware sentiment tilt
2021-08-02,NEM,0.012566359815611442,Coverage-aware sentiment tilt
2021-08-02,NKE,0.01656424846888923,Coverage-aware sentiment tilt
2021-08-02,NUE,0.01366584440762819,Coverage-aware sentiment tilt
2021-08-02,NVDA,0.013654088350326608,Coverage-aware sentiment tilt
2021-08-02,O,0.021693241014290123,Coverage-aware sentiment tilt
2021-08-02,OXY,0.010056283296465613,Coverage-aware sentiment tilt
2021-08-02,PLD,0.014502601914322278,Coverage-aware sentiment tilt
2021-08-02,PSA,0.036106555066574446,Coverage-aware sentiment tilt
2021-08-02,QCOM,0.011362173652887043,Coverage-aware sentiment tilt
2021-08-02,SBUX,0.017701894450328055,Coverage-aware sentiment tilt
2021-08-02,SHW,0.027777198665354327,Coverage-aware sentiment tilt
2021-08-02,SLB,0.012016792236451914,Coverage-aware sentiment tilt
2021-08-02,SO,0.02601427941922702,Coverage-aware sentiment tilt
2021-08-02,T,0.024800169262139883,Coverage-aware sentiment tilt
2021-08-02,TMUS,0.01578204694022191,Coverage-aware sentiment tilt
2021-08-02,TTWO,0.032386130599557764,Coverage-aware sentiment tilt
2021-08-02,UPS,0.02277480549500663,Coverage-aware sentiment tilt
2021-08-02,USB,0.014117149012652186,Coverage-aware sentiment tilt
2021-08-02,V,0.016271698508769177,Coverage-aware sentiment tilt
2021-08-02,WFC,0.019642876375002068,Coverage-aware sentiment tilt
2021-08-02,WMT,0.024427674183270024,Coverage-aware sentiment tilt
2021-08-02,XOM,0.015169536245389699,Coverage-aware sentiment tilt
2021-09-01,ABBV,0.03827051847314212,Coverage-aware sentiment tilt
2021-09-01,ABT,0.032091507613079134,Coverage-aware sentiment tilt
2021-09-01,ADBE,0.016783800166674367,Coverage-aware sentiment tilt
2021-09-01,AEP,0.03011197746441901,Coverage-aware sentiment tilt
2021-09-01,AMD,0.014584864635106142,Coverage-aware sentiment tilt
2021-09-01,AMGN,0.01841920372224601,Coverage-aware sentiment tilt
2021-09-01,AMT,0.02654903497361811,Coverage-aware sentiment tilt
2021-09-01,BA,0.009352261062218876,Coverage-aware sentiment tilt
2021-09-01,CAT,0.012905113513799667,Coverage-aware sentiment tilt
2021-09-01,CCI,0.02833671357761312,Coverage-aware sentiment tilt
2021-09-01,CMCSA,0.02149028436417392,Coverage-aware sentiment tilt
2021-09-01,COP,0.006791231674304141,Coverage-aware sentiment tilt
2021-09-01,CVX,0.008421304270314444,Coverage-aware sentiment tilt
2021-09-01,D,0.036256124632719766,Coverage-aware sentiment tilt
2021-09-01,DD,0.012839520107247317,Coverage-aware sentiment tilt
2021-09-01,DIS,0.01650670689486117,Coverage-aware sentiment tilt
2021-09-01,DOW,0.00956015561900498,Coverage-aware sentiment tilt
2021-09-01,DUK,0.03237574288153145,Coverage-aware sentiment tilt
2021-09-01,EA,0.027576813724289367,Coverage-aware sentiment tilt
2021-09-01,GE,0.013357785775430111,Coverage-aware sentiment tilt
2021-09-01,GILD,0.0343168326434535,Coverage-aware sentiment tilt
2021-09-01,GS,0.012745244753966494,Coverage-aware sentiment tilt
2021-09-01,INTC,0.013154567312211344,Coverage-aware sentiment tilt
2021-09-01,KO,0.023158791025666467,Coverage-aware sentiment tilt
2021-09-01,MMM,0.023457870030766447,Coverage-aware sentiment tilt
2021-09-01,MRK,0.020358357051671484,Coverage-aware sentiment tilt
2021-09-01,MS,0.011568736522326368,Coverage-aware sentiment tilt
2021-09-01,NEE,0.023982173174894796,Coverage-aware sentiment tilt
2021-09-01,NEM,0.015001096928710541,Coverage-aware sentiment tilt
2021-09-01,NKE,0.020395068736872256,Coverage-aware sentiment tilt
2021-09-01,NUE,0.014493819975903812,Coverage-aware sentiment tilt
2021-09-01,NVDA,0.01145559388963784,Coverage-aware sentiment tilt
2021-09-01,O,0.026225898346078726,Coverage-aware sentiment tilt
2021-09-01,OXY,0.007923259852452385,Coverage-aware sentiment tilt
2021-09-01,PLD,0.019114971769280075,Coverage-aware sentiment tilt
2021-09-01,PSA,0.04746552175750138,Coverage-aware sentiment tilt
2021-09-01,QCOM,0.010525484194380916,Coverage-aware sentiment tilt
2021-09-01,SBUX,0.017665358451585143,Coverage-aware sentiment tilt
2021-09-01,SHW,0.021391197534813212,Coverage-aware sentiment tilt
2021-09-01,SLB,0.00545225108924833,Coverage-aware sentiment tilt
2021-09-01,SO,0.02626782011274734,Coverage-aware sentiment tilt
2021-09-01,T,0.0388225583511825,Coverage-aware sentiment tilt
2021-09-01,TMUS,0.0192905221838774,Coverage-aware sentiment tilt
2021-09-01,TTWO,0.027491831067769763,Coverage-aware sentiment tilt
2021-09-01,UPS,0.017552749386293934,Coverage-aware sentiment tilt
2021-09-01,USB,0.013646752003346103,Coverage-aware sentiment tilt
2021-09-01,V,0.018248465158007165,Coverage-aware sentiment tilt
2021-09-01,WFC,0.01172403398540366,Coverage-aware sentiment tilt
2021-09-01,WMT,0.02873354375049311,Coverage-aware sentiment tilt
2021-09-01,XOM,0.005788963813664264,Coverage-aware sentiment tilt
2021-10-01,ABBV,0.021786779675984455,Coverage-aware sentiment tilt
2021-10-01,ABT,0.03398409514192167,Coverage-aware sentiment tilt
2021-10-01,ADBE,0.02469076701713875,Coverage-aware sentiment tilt
2021-10-01,AEP,0.022706454307036272,Coverage-aware sentiment tilt
2021-10-01,AMD,0.017047321385735413,Coverage-aware sentiment tilt
2021-10-01,AMGN,0.015916866330329613,Coverage-aware sentiment tilt
2021-10-01,AMT,0.026736207946915672,Coverage-aware sentiment tilt
2021-10-01,BA,0.009458241972752347,Coverage-aware sentiment tilt
2021-10-01,CAT,0.014566848725268625,Coverage-aware sentiment tilt
2021-10-01,CCI,0.034973642191271755,Coverage-aware sentiment tilt
2021-10-01,CMCSA,0.012027359797140222,Coverage-aware sentiment tilt
2021-10-01,COP,0.011787932395573505,Coverage-aware sentiment tilt
2021-10-01,CVX,0.01072363798626888,Coverage-aware sentiment tilt
2021-10-01,D,0.039312888837651855,Coverage-aware sentiment tilt
2021-10-01,DD,0.011537698966346594,Coverage-aware sentiment tilt
2021-10-01,DIS,0.01604963721194884,Coverage-aware sentiment tilt
2021-10-01,DOW,0.01007348791629028,Coverage-aware sentiment tilt
2021-10-01,DUK,0.024971528778696173,Coverage-aware sentiment tilt
2021-10-01,EA,0.02292506500646223,Coverage-aware sentiment tilt
2021-10-01,GE,0.009892833577461433,Coverage-aware sentiment tilt
2021-10-01,GILD,0.03426302869703675,Coverage-aware sentiment tilt
2021-10-01,GS,0.01128141282118598,Coverage-aware sentiment tilt
2021-10-01,INTC,0.017110410489897695,Coverage-aware sentiment tilt
2021-10-01,KO,0.023877742332876352,Coverage-aware sentiment tilt
2021-10-01,MMM,0.0274860716149781,Coverage-aware sentiment tilt
2021-10-01,MRK,0.028570987003928714,Coverage-aware sentiment tilt
2021-10-01,MS,0.00772369124289279,Coverage-aware sentiment tilt
2021-10-01,NEE,0.03251410148796842,Coverage-aware sentiment tilt
2021-10-01,NEM,0.017682834347075738,Coverage-aware sentiment tilt
2021-10-01,NKE,0.016290372897306487,Coverage-aware sentiment tilt
2021-10-01,NUE,0.007995015328614512,Coverage-aware sentiment tilt
2021-10-01,NVDA,0.01929146152485246,Coverage-aware sentiment tilt
2021-10-01,O,0.023055800052627425,Coverage-aware sentiment tilt
2021-10-01,OXY,0.005229650514236288,Coverage-aware sentiment tilt
2021-10-01,PLD,0.01508217435475451,Coverage-aware sentiment tilt
2021-10-01,PSA,0.035482633748028555,Coverage-aware sentiment tilt
2021-10-01,QCOM,0.010666892828624657,Coverage-aware sentiment tilt
2021-10-01,SBUX,0.02210548218337887,Coverage-aware sentiment tilt
2021-10-01,SHW,0.022949398680685244,Coverage-aware sentiment tilt
2021-10-01,SLB,0.010095204445458413,Coverage-aware sentiment tilt
2021-10-01,SO,0.03037409759100321,Coverage-aware sentiment tilt
2021-10-01,T,0.030606226514431577,Coverage-aware sentiment tilt
2021-10-01,TMUS,0.017884806136700886,Coverage-aware sentiment tilt
2021-10-01,TTWO,0.043665012644515507,Coverage-aware sentiment tilt
2021-10-01,UPS,0.01503315880349483,Coverage-aware sentiment tilt
2021-10-01,USB,0.01617113957288203,Coverage-aware sentiment tilt
2021-10-01,V,0.01612604603417052,Coverage-aware sentiment tilt
2021-10-01,WFC,0.01043431695841436,Coverage-aware sentiment tilt
2021-10-01,WMT,0.0323910385698841,Coverage-aware sentiment tilt
2021-10-01,XOM,0.007390495409900413,Coverage-aware sentiment tilt
2021-11-01,ABBV,0.018514353216403413,Coverage-aware sentiment tilt
2021-11-01,ABT,0.025865156757811553,Coverage-aware sentiment tilt
2021-11-01,ADBE,0.02877666380023379,Coverage-aware sentiment tilt
2021-11-01,AEP,0.027833768157871943,Coverage-aware sentiment tilt
2021-11-01,AMD,0.015763425697841768,Coverage-aware sentiment tilt
2021-11-01,AMGN,0.024077914895774204,Coverage-aware sentiment tilt
2021-11-01,AMT,0.033697032507079325,Coverage-aware sentiment tilt
2021-11-01,BA,0.010503374457902632,Coverage-aware sentiment tilt
2021-11-01,CAT,0.012189644534685018,Coverage-aware sentiment tilt
2021-11-01,CCI,0.021834814703455413,Coverage-aware sentiment tilt
2021-11-01,CMCSA,0.01960246755336661,Coverage-aware sentiment tilt
2021-11-01,COP,0.016935706652811265,Coverage-aware sentiment tilt
2021-11-01,CVX,0.012608618534444112,Coverage-aware sentiment tilt
2021-11-01,D,0.022835201538134533,Coverage-aware sentiment tilt
2021-11-01,DD,0.015372763669032945,Coverage-aware sentiment tilt
2021-11-01,DIS,0.01536909575561144,Coverage-aware sentiment tilt
2021-11-01,DOW,0.008224376324343535,Coverage-aware sentiment tilt
2021-11-01,DUK,0.026299245424332863,Coverage-aware sentiment tilt
2021-11-01,EA,0.039879582175924196,Coverage-aware sentiment tilt
2021-11-01,GE,0.01244859867127773,Coverage-aware sentiment tilt
2021-11-01,GILD,0.0205799885846146,Coverage-aware sentiment tilt
2021-11-01,GS,0.016229754814554246,Coverage-aware sentiment tilt
2021-11-01,INTC,0.01384896623379711,Coverage-aware sentiment tilt
2021-11-01,KO,0.028742024726418215,Coverage-aware sentiment tilt
2021-11-01,MMM,0.017442841324601353,Coverage-aware sentiment tilt
2021-11-01,MRK,0.02511385985711755,Coverage-aware sentiment tilt
2021-11-01,MS,0.013356529774760453,Coverage-aware sentiment tilt
2021-11-01,NEE,0.020964377161881143,Coverage-aware sentiment tilt
2021-11-01,NEM,0.024100677745992456,Coverage-aware sentiment tilt
2021-11-01,NKE,0.020134817982328652,Coverage-aware sentiment tilt
2021-11-01,NUE,0.009834907015334786,Coverage-aware sentiment tilt
2021-11-01,NVDA,0.015893134720804288,Coverage-aware sentiment tilt
2021-11-01,O,0.033694776083757844,Coverage-aware sentiment tilt
2021-11-01,OXY,0.012817347553820394,Coverage-aware sentiment tilt
2021-11-01,PLD,0.02553957725231137,Coverage-aware sentiment tilt
2021-11-01,PSA,0.03689923000140175,Coverage-aware sentiment tilt
2021-11-01,QCOM,0.00808115579514151,Coverage-aware sentiment tilt
2021-11-01,SBUX,0.013551413634817844,Coverage-aware sentiment tilt
2021-11-01,SHW,0.01620282720583768,Coverage-aware sentiment tilt
2021-11-01,SLB,0.010101073813910864,Coverage-aware sentiment tilt
2021-11-01,SO,0.024213561866452803,Coverage-aware sentiment tilt
2021-11-01,T,0.0328307095399081,Coverage-aware sentiment tilt
2021-11-01,TMUS,0.017200548555615206,Coverage-aware sentiment tilt
2021-11-01,TTWO,0.02780263165747871,Coverage-aware sentiment tilt
2021-11-01,UPS,0.03556521941947114,Coverage-aware sentiment tilt
2021-11-01,USB,0.011266041379653518,Coverage-aware sentiment tilt
2021-11-01,V,0.012154008588873584,Coverage-aware sentiment tilt
2021-11-01,WFC,0.011958315504838602,Coverage-aware sentiment tilt
2021-11-01,WMT,0.024339228838296433,Coverage-aware sentiment tilt
2021-11-01,XOM,0.010908648337869566,Coverage-aware sentiment tilt
2021-12-01,ABBV,0.025244245668079854,Coverage-aware sentiment tilt
2021-12-01,ABT,0.053154609352592065,Coverage-aware sentiment tilt
2021-12-01,ADBE,0.018231398570271572,Coverage-aware sentiment tilt
2021-12-01,AEP,0.027301904793665937,Coverage-aware sentiment tilt
2021-12-01,AMD,0.01623167608975376,Coverage-aware sentiment tilt
2021-12-01,AMGN,0.015691650601202686,Coverage-aware sentiment tilt
2021-12-01,AMT,0.029517075026219006,Coverage-aware sentiment tilt
2021-12-01,BA,0.01251838706485282,Coverage-aware sentiment tilt
2021-12-01,CAT,0.019462241029427,Coverage-aware sentiment tilt
2021-12-01,CCI,0.031135722912573823,Coverage-aware sentiment tilt
2021-12-01,CMCSA,0.009732987683822051,Coverage-aware sentiment tilt
2021-12-01,COP,0.009634989042250821,Coverage-aware sentiment tilt
2021-12-01,CVX,0.011956658315264613,Coverage-aware sentiment tilt
2021-12-01,D,0.029169918439662237,Coverage-aware sentiment tilt
2021-12-01,DD,0.01225165257761342,Coverage-aware sentiment tilt
2021-12-01,DIS,0.016787006508849994,Coverage-aware sentiment tilt
2021-12-01,DOW,0.009407326676393548,Coverage-aware sentiment tilt
2021-12-01,DUK,0.04992593379151541,Coverage-aware sentiment tilt
2021-12-01,EA,0.02202248858375351,Coverage-aware sentiment tilt
2021-12-01,GE,0.015757565410409537,Coverage-aware sentiment tilt
2021-12-01,GILD,0.021269229796464097,Coverage-aware sentiment tilt
2021-12-01,GS,0.011784729911132915,Coverage-aware sentiment tilt
2021-12-01,INTC,0.024625403857505116,Coverage-aware sentiment tilt
2021-12-01,KO,0.026368639275332784,Coverage-aware sentiment tilt
2021-12-01,MMM,0.015338498361747426,Coverage-aware sentiment tilt
2021-12-01,MRK,0.02391649871866068,Coverage-aware sentiment tilt
2021-12-01,MS,0.013501260359515911,Coverage-aware sentiment tilt
2021-12-01,NEE,0.023900728535942835,Coverage-aware sentiment tilt
2021-12-01,NEM,0.025030378159074974,Coverage-aware sentiment tilt
2021-12-01,NKE,0.017761090159973403,Coverage-aware sentiment tilt
2021-12-01,NUE,0.00910817805867118,Coverage-aware sentiment tilt
2021-12-01,NVDA,0.014815165858073994,Coverage-aware sentiment tilt
2021-12-01,O,0.022738792572659556,Coverage-aware sentiment tilt
2021-12-01,OXY,0.004998521580865213,Coverage-aware sentiment tilt
2021-12-01,PLD,0.019070906767952363,Coverage-aware sentiment tilt
2021-12-01,PSA,0.0346163699688975,Coverage-aware sentiment tilt
2021-12-01,QCOM,0.010589418001520136,Coverage-aware sentiment tilt
2021-12-01,SBUX,0.024204844169752958,Coverage-aware sentiment tilt
2021-12-01,SHW,0.02249550556388978,Coverage-aware sentiment tilt
2021-12-01,SLB,0.009142885003765802,Coverage-aware sentiment tilt
2021-12-01,SO,0.024660720786700487,Coverage-aware sentiment tilt
2021-12-01,T,0.02362935087879516,Coverage-aware sentiment tilt
2021-12-01,TMUS,0.013829429252456584,Coverage-aware sentiment tilt
2021-12-01,TTWO,0.023152591924477033,Coverage-aware sentiment tilt
2021-12-01,UPS,0.018736100438370935,Coverage-aware sentiment tilt
2021-12-01,USB,0.012851448422920827,Coverage-aware sentiment tilt
2021-12-01,V,0.018700305240053103,Coverage-aware sentiment tilt
2021-12-01,WFC,0.01716801145894246,Coverage-aware sentiment tilt
2021-12-01,WMT,0.027137509848984408,Coverage-aware sentiment tilt
2021-12-01,XOM,0.009722048928726744,Coverage-aware sentiment tilt
2022-01-03,ABBV,0.020502731359903697,Coverage-aware sentiment tilt
2022-01-03,ABT,0.048014920257648565,Coverage-aware sentiment tilt
2022-01-03,ADBE,0.02003759884672101,Coverage-aware sentiment tilt
2022-01-03,AEP,0.03677966564416822,Coverage-aware sentiment tilt
2022-01-03,AMD,0.016937562433736196,Coverage-aware sentiment tilt
2022-01-03,AMGN,0.016565160211301666,Coverage-aware sentiment tilt
2022-01-03,AMT,0.01880588903093888,Coverage-aware sentiment tilt
2022-01-03,BA,0.0067073672591451885,Coverage-aware sentiment tilt
2022-01-03,CAT,0.013608335248385905,Coverage-aware sentiment tilt
2022-01-03,CCI,0.03172852832089917,Coverage-aware sentiment tilt
2022-01-03,CMCSA,0.012658334959833064,Coverage-aware sentiment tilt
2022-01-03,COP,0.01251905456005515,Coverage-aware sentiment tilt
2022-01-03,CVX,0.015088698157552765,Coverage-aware sentiment tilt
2022-01-03,D,0.02090486346239501,Coverage-aware sentiment tilt
2022-01-03,DD,0.013062986527211487,Coverage-aware sentiment tilt
2022-01-03,DIS,0.014733172080543398,Coverage-aware sentiment tilt
2022-01-03,DOW,0.012308918434850007,Coverage-aware sentiment tilt
2022-01-03,DUK,0.024136822388815857,Coverage-aware sentiment tilt
2022-01-03,EA,0.02806665120132159,Coverage-aware sentiment tilt
2022-01-03,GE,0.014561457590522115,Coverage-aware sentiment tilt
2022-01-03,GILD,0.026939404940128087,Coverage-aware sentiment tilt
2022-01-03,GS,0.010275357810679214,Coverage-aware sentiment tilt
2022-01-03,INTC,0.018012017182663414,Coverage-aware sentiment tilt
2022-01-03,KO,0.03893114164781317,Coverage-aware sentiment tilt
2022-01-03,MMM,0.02536166526986986,Coverage-aware sentiment tilt
2022-01-03,MRK,0.027176773390078072,Coverage-aware sentiment tilt
2022-01-03,MS,0.008504248998691899,Coverage-aware sentiment tilt
2022-01-03,NEE,0.037915644428099346,Coverage-aware sentiment tilt
2022-01-03,NEM,0.022806288308304296,Coverage-aware sentiment tilt
2022-01-03,NKE,0.017779617682200072,Coverage-aware sentiment tilt
2022-01-03,NUE,0.012867868504591306,Coverage-aware sentiment tilt
2022-01-03,NVDA,0.012403126526010874,Coverage-aware sentiment tilt
2022-01-03,O,0.02712544815440422,Coverage-aware sentiment tilt
2022-01-03,OXY,0.008907126840768402,Coverage-aware sentiment tilt
2022-01-03,PLD,0.015969846986102935,Coverage-aware sentiment tilt
2022-01-03,PSA,0.036332907036541275,Coverage-aware sentiment tilt
2022-01-03,QCOM,0.014681558365395747,Coverage-aware sentiment tilt
2022-01-03,SBUX,0.012473579761238392,Coverage-aware sentiment tilt
2022-01-03,SHW,0.015744843741695255,Coverage-aware sentiment tilt
2022-01-03,SLB,0.008734649586227133,Coverage-aware sentiment tilt
2022-01-03,SO,0.03326435632605494,Coverage-aware sentiment tilt
2022-01-03,T,0.02738016641396975,Coverage-aware sentiment tilt
2022-01-03,TMUS,0.01679369667905007,Coverage-aware sentiment tilt
2022-01-03,TTWO,0.018668761606358424,Coverage-aware sentiment tilt
2022-01-03,UPS,0.02164986210212505,Coverage-aware sentiment tilt
2022-01-03,USB,0.014455245063643278,Coverage-aware sentiment tilt
2022-01-03,V,0.02088225238705806,Coverage-aware sentiment tilt
2022-01-03,WFC,0.01111632177795246,Coverage-aware sentiment tilt
2022-01-03,WMT,0.02558419484984959,Coverage-aware sentiment tilt
2022-01-03,XOM,0.013533309656486461,Coverage-aware sentiment tilt
2022-02-01,ABBV,0.021313442119217672,Coverage-aware sentiment tilt
2022-02-01,ABT,0.031159642493816135,Coverage-aware sentiment tilt
2022-02-01,ADBE,0.018218497727106476,Coverage-aware sentiment tilt
2022-02-01,AEP,0.04775403913913917,Coverage-aware sentiment tilt
2022-02-01,AMD,0.014056171623169925,Coverage-aware sentiment tilt
2022-02-01,AMGN,0.020227714890483212,Coverage-aware sentiment tilt
2022-02-01,AMT,0.01671923183107754,Coverage-aware sentiment tilt
2022-02-01,BA,0.007647675797295144,Coverage-aware sentiment tilt
2022-02-01,CAT,0.017453135028329514,Coverage-aware sentiment tilt
2022-02-01,CCI,0.03256432985205151,Coverage-aware sentiment tilt
2022-02-01,CMCSA,0.020882665708673608,Coverage-aware sentiment tilt
2022-02-01,COP,0.0170941382026247,Coverage-aware sentiment tilt
2022-02-01,CVX,0.014649065824793434,Coverage-aware sentiment tilt
2022-02-01,D,0.046049575065911265,Coverage-aware sentiment tilt
2022-02-01,DD,0.012225614517680266,Coverage-aware sentiment tilt
2022-02-01,DIS,0.013017856595009354,Coverage-aware sentiment tilt
2022-02-01,DOW,0.010739819666316534,Coverage-aware sentiment tilt
2022-02-01,DUK,0.04173943789186268,Coverage-aware sentiment tilt
2022-02-01,EA,0.03290804268946359,Coverage-aware sentiment tilt
2022-02-01,GE,0.012752451141069363,Coverage-aware sentiment tilt
2022-02-01,GILD,0.020729139604140332,Coverage-aware sentiment tilt
2022-02-01,GS,0.01255343954416245,Coverage-aware sentiment tilt
2022-02-01,INTC,0.013536800619189847,Coverage-aware sentiment tilt
2022-02-01,KO,0.019310014384327237,Coverage-aware sentiment tilt
2022-02-01,MMM,0.019370038267335653,Coverage-aware sentiment tilt
2022-02-01,MRK,0.02400861071355778,Coverage-aware sentiment tilt
2022-02-01,MS,0.014804209368984923,Coverage-aware sentiment tilt
2022-02-01,NEE,0.028749958362774854,Coverage-aware sentiment tilt
2022-02-01,NEM,0.01719110089214678,Coverage-aware sentiment tilt
2022-02-01,NKE,0.012564258945022548,Coverage-aware sentiment tilt
2022-02-01,NUE,0.009190119349834833,Coverage-aware sentiment tilt
2022-02-01,NVDA,0.01042644228578683,Coverage-aware sentiment tilt
2022-02-01,O,0.026111100536018478,Coverage-aware sentiment tilt
2022-02-01,OXY,0.006639464611622496,Coverage-aware sentiment tilt
2022-02-01,PLD,0.017046928114335107,Coverage-aware sentiment tilt
2022-02-01,PSA,0.042892777494295736,Coverage-aware sentiment tilt
2022-02-01,QCOM,0.017536218740787972,Coverage-aware sentiment tilt
2022-02-01,SBUX,0.014295853939367737,Coverage-aware sentiment tilt
2022-02-01,SHW,0.017615820957469924,Coverage-aware sentiment tilt
2022-02-01,SLB,0.013458738853751132,Coverage-aware sentiment tilt
2022-02-01,SO,0.034880879422931825,Coverage-aware sentiment tilt
2022-02-01,T,0.016886715062623358,Coverage-aware sentiment tilt
2022-02-01,TMUS,0.013980792351734809,Coverage-aware sentiment tilt
2022-02-01,TTWO,0.018552273536929172,Coverage-aware sentiment tilt
2022-02-01,UPS,0.027502997144285765,Coverage-aware sentiment tilt
2022-02-01,USB,0.01428836517434501,Coverage-aware sentiment tilt
2022-02-01,V,0.01446664079321279,Coverage-aware sentiment tilt
2022-02-01,WFC,0.017390625388880154,Coverage-aware sentiment tilt
2022-02-01,WMT,0.020263661535629106,Coverage-aware sentiment tilt
2022-02-01,XOM,0.014583466199424322,Coverage-aware sentiment tilt
2022-03-01,ABBV,0.03303293088929289,Coverage-aware sentiment tilt
2022-03-01,ABT,0.02513191301507745,Coverage-aware sentiment tilt
2022-03-01,ADBE,0.013618202443313982,Coverage-aware sentiment tilt
2022-03-01,AEP,0.029794650566460874,Coverage-aware sentiment tilt
2022-03-01,AMD,0.015730315174943527,Coverage-aware sentiment tilt
2022-03-01,AMGN,0.015429543049548,Coverage-aware sentiment tilt
2022-03-01,AMT,0.020307810629245606,Coverage-aware sentiment tilt
2022-03-01,BA,0.009434788278947077,Coverage-aware sentiment tilt
2022-03-01,CAT,0.011089408550163838,Coverage-aware sentiment tilt
2022-03-01,CCI,0.022899732424883926,Coverage-aware sentiment tilt
2022-03-01,CMCSA,0.013470261308276282,Coverage-aware sentiment tilt
2022-03-01,COP,0.01280071820898054,Coverage-aware sentiment tilt
2022-03-01,CVX,0.016938839804482526,Coverage-aware sentiment tilt
2022-03-01,D,0.03670384494462977,Coverage-aware sentiment tilt
2022-03-01,DD,0.009409528604232519,Coverage-aware sentiment tilt
2022-03-01,DIS,0.017304802111218872,Coverage-aware sentiment tilt
2022-03-01,DOW,0.009628822354006599,Coverage-aware sentiment tilt
2022-03-01,DUK,0.04278973151236378,Coverage-aware sentiment tilt
2022-03-01,EA,0.02642441791245413,Coverage-aware sentiment tilt
2022-03-01,GE,0.014390624657761487,Coverage-aware sentiment tilt
2022-03-01,GILD,0.02587701141076575,Coverage-aware sentiment tilt
2022-03-01,GS,0.007946518481030672,Coverage-aware sentiment tilt
2022-03-01,INTC,0.014899018435422953,Coverage-aware sentiment tilt
2022-03-01,KO,0.02882675225028135,Coverage-aware sentiment tilt
2022-03-01,MMM,0.020284043202903747,Coverage-aware sentiment tilt
2022-03-01,MRK,0.03398918456033851,Coverage-aware sentiment tilt
2022-03-01,MS,0.009986247108726563,Coverage-aware sentiment tilt
2022-03-01,NEE,0.0447552155017802,Coverage-aware sentiment tilt
2022-03-01,NEM,0.02372412848762055,Coverage-aware sentiment tilt
2022-03-01,NKE,0.010432824282277117,Coverage-aware sentiment tilt
2022-03-01,NUE,0.009170737679703354,Coverage-aware sentiment tilt
2022-03-01,NVDA,0.008925111541646267,Coverage-aware sentiment tilt
2022-03-01,O,0.023599453156060646,Coverage-aware sentiment tilt
2022-03-01,OXY,0.012927888511791493,Coverage-aware sentiment tilt
2022-03-01,PLD,0.01907703247856701,Coverage-aware sentiment tilt
2022-03-01,PSA,0.04859607375053143,Coverage-aware sentiment tilt
2022-03-01,QCOM,0.015173138709785284,Coverage-aware sentiment tilt
2022-03-01,SBUX,0.013071458070582733,Coverage-aware sentiment tilt
2022-03-01,SHW,0.015354208838086776,Coverage-aware sentiment tilt
2022-03-01,SLB,0.009688507148885231,Coverage-aware sentiment tilt
2022-03-01,SO,0.03952830167340456,Coverage-aware sentiment tilt
2022-03-01,T,0.017314155744447324,Coverage-aware sentiment tilt
2022-03-01,TMUS,0.02621762671205544,Coverage-aware sentiment tilt
2022-03-01,TTWO,0.022350249130310616,Coverage-aware sentiment tilt
2022-03-01,UPS,0.013580804137690593,Coverage-aware sentiment tilt
2022-03-01,USB,0.014894468650001302,Coverage-aware sentiment tilt
2022-03-01,V,0.016710274966669728,Coverage-aware sentiment tilt
2022-03-01,WFC,0.012386677284788827,Coverage-aware sentiment tilt
2022-03-01,WMT,0.029695917348737805,Coverage-aware sentiment tilt
2022-03-01,XOM,0.014686084304822574,Coverage-aware sentiment tilt
2022-04-01,ABBV,0.026105438328184655,Coverage-aware sentiment tilt
2022-04-01,ABT,0.024459034339240883,Coverage-aware sentiment tilt
2022-04-01,ADBE,0.01226971350982686,Coverage-aware sentiment tilt
2022-04-01,AEP,0.03699979869197203,Coverage-aware sentiment tilt
2022-04-01,AMD,0.012128074438413145,Coverage-aware sentiment tilt
2022-04-01,AMGN,0.013733174764056656,Coverage-aware sentiment tilt
2022-04-01,AMT,0.022681130818272565,Coverage-aware sentiment tilt
2022-04-01,BA,0.008327396574672831,Coverage-aware sentiment tilt
2022-04-01,CAT,0.019702569050745782,Coverage-aware sentiment tilt
2022-04-01,CCI,0.026924820424844488,Coverage-aware sentiment tilt
2022-04-01,CMCSA,0.009341228161286404,Coverage-aware sentiment tilt
2022-04-01,COP,0.01970760575174834,Coverage-aware sentiment tilt
2022-04-01,CVX,0.01972094867971905,Coverage-aware sentiment tilt
2022-04-01,D,0.030854965577916383,Coverage-aware sentiment tilt
2022-04-01,DD,0.013907465782630838,Coverage-aware sentiment tilt
2022-04-01,DIS,0.01631179164701335,Coverage-aware sentiment tilt
2022-04-01,DOW,0.01260734663382479,Coverage-aware sentiment tilt
2022-04-01,DUK,0.04402829365416155,Coverage-aware sentiment tilt
2022-04-01,EA,0.018243709834644732,Coverage-aware sentiment tilt
2022-04-01,GE,0.00882495594389851,Coverage-aware sentiment tilt
2022-04-01,GILD,0.021467191568833158,Coverage-aware sentiment tilt
2022-04-01,GS,0.007718302367115427,Coverage-aware sentiment tilt
2022-04-01,INTC,0.01738283226246886,Coverage-aware sentiment tilt
2022-04-01,KO,0.025561346546176776,Coverage-aware sentiment tilt
2022-04-01,MMM,0.01747897743222107,Coverage-aware sentiment tilt
2022-04-01,MRK,0.02778777448015375,Coverage-aware sentiment tilt
2022-04-01,MS,0.0092463214162228,Coverage-aware sentiment tilt
2022-04-01,NEE,0.03134817405640212,Coverage-aware sentiment tilt
2022-04-01,NEM,0.027676334057842394,Coverage-aware sentiment tilt
2022-04-01,NKE,0.015775828087492075,Coverage-aware sentiment tilt
2022-04-01,NUE,0.014560361949176624,Coverage-aware sentiment tilt
2022-04-01,NVDA,0.01035141592388827,Coverage-aware sentiment tilt
2022-04-01,O,0.01948572024632153,Coverage-aware sentiment tilt
2022-04-01,OXY,0.012417550761607858,Coverage-aware sentiment tilt
2022-04-01,PLD,0.02478919072828651,Coverage-aware sentiment tilt
2022-04-01,PSA,0.026249459041894234,Coverage-aware sentiment tilt
2022-04-01,QCOM,0.014256974859582864,Coverage-aware sentiment tilt
2022-04-01,SBUX,0.013443097735991848,Coverage-aware sentiment tilt
2022-04-01,SHW,0.017111514043305166,Coverage-aware sentiment tilt
2022-04-01,SLB,0.010918013910780974,Coverage-aware sentiment tilt
2022-04-01,SO,0.03920361733197176,Coverage-aware sentiment tilt
2022-04-01,T,0.026346050062063284,Coverage-aware sentiment tilt
2022-04-01,TMUS,0.0246246207453266,Coverage-aware sentiment tilt
2022-04-01,TTWO,0.01544230850618729,Coverage-aware sentiment tilt
2022-04-01,UPS,0.031575256427846386,Coverage-aware sentiment tilt
2022-04-01,USB,0.015275134749182026,Coverage-aware sentiment tilt
2022-04-01,V,0.020999490303234593,Coverage-aware sentiment tilt
2022-04-01,WFC,0.015525801857910039,Coverage-aware sentiment tilt
2022-04-01,WMT,0.029723477178602565,Coverage-aware sentiment tilt
2022-04-01,XOM,0.01937839875483724,Coverage-aware sentiment tilt
2022-05-02,ABBV,0.034119404959167224,Coverage-aware sentiment tilt
2022-05-02,ABT,0.02724499469669112,Coverage-aware sentiment tilt
2022-05-02,ADBE,0.01726605708094873,Coverage-aware sentiment tilt
2022-05-02,AEP,0.0397880904784335,Coverage-aware sentiment tilt
2022-05-02,AMD,0.010775043097161197,Coverage-aware sentiment tilt
2022-05-02,AMGN,0.0262264709261086,Coverage-aware sentiment tilt
2022-05-02,AMT,0.01812578507453565,Coverage-aware sentiment tilt
2022-05-02,BA,0.007412192574061689,Coverage-aware sentiment tilt
2022-05-02,CAT,0.013932639450380757,Coverage-aware sentiment tilt
2022-05-02,CCI,0.022390663618096114,Coverage-aware sentiment tilt
2022-05-02,CMCSA,0.016458053924599814,Coverage-aware sentiment tilt
2022-05-02,COP,0.01638595081690726,Coverage-aware sentiment tilt
2022-05-02,CVX,0.025338567877682704,Coverage-aware sentiment tilt
2022-05-02,D,0.048611728880742194,Coverage-aware sentiment tilt
2022-05-02,DD,0.013163857586526693,Coverage-aware sentiment tilt
2022-05-02,DIS,0.015572826066146388,Coverage-aware sentiment tilt
2022-05-02,DOW,0.02051599589855,Coverage-aware sentiment tilt
2022-05-02,DUK,0.052405501260434716,Coverage-aware sentiment tilt
2022-05-02,EA,0.026590561043832568,Coverage-aware sentiment tilt
2022-05-02,GE,0.011236465888057023,Coverage-aware sentiment tilt
2022-05-02,GILD,0.02330926320408423,Coverage-aware sentiment tilt
2022-05-02,GS,0.011041361646852132,Coverage-aware sentiment tilt
2022-05-02,INTC,0.01423546176456698,Coverage-aware sentiment tilt
2022-05-02,KO,0.024988151301097373,Coverage-aware sentiment tilt
2022-05-02,MMM,0.01641499463827815,Coverage-aware sentiment tilt
2022-05-02,MRK,0.025275503028177753,Coverage-aware sentiment tilt
2022-05-02,MS,0.008404629294936593,Coverage-aware sentiment tilt
2022-05-02,NEE,0.028301082001268445,Coverage-aware sentiment tilt
2022-05-02,NEM,0.028347379218041018,Coverage-aware sentiment tilt
2022-05-02,NKE,0.011735624303801167,Coverage-aware sentiment tilt
2022-05-02,NUE,0.016535149977655383,Coverage-aware sentiment tilt
2022-05-02,NVDA,0.009064378748980199,Coverage-aware sentiment tilt
2022-05-02,O,0.01942643662558588,Coverage-aware sentiment tilt
2022-05-02,OXY,0.017089895800052695,Coverage-aware sentiment tilt
2022-05-02,PLD,0.01833979729227122,Coverage-aware sentiment tilt
2022-05-02,PSA,0.013531494108916886,Coverage-aware sentiment tilt
2022-05-02,QCOM,0.01052522277429906,Coverage-aware sentiment tilt
2022-05-02,SBUX,0.013679347602105488,Coverage-aware sentiment tilt
2022-05-02,SHW,0.020521720046124674,Coverage-aware sentiment tilt
2022-05-02,SLB,0.014205334180615106,Coverage-aware sentiment tilt
2022-05-02,SO,0.02720869730034333,Coverage-aware sentiment tilt
2022-05-02,T,0.022739102757413355,Coverage-aware sentiment tilt
2022-05-02,TMUS,0.012684650161104965,Coverage-aware sentiment tilt
2022-05-02,TTWO,0.019040345340213087,Coverage-aware sentiment tilt
2022-05-02,UPS,0.0178235330184566,Coverage-aware sentiment tilt
2022-05-02,USB,0.014612564216770544,Coverage-aware sentiment tilt
2022-05-02,V,0.01797122760838205,Coverage-aware sentiment tilt
2022-05-02,WFC,0.016010757672621532,Coverage-aware sentiment tilt
2022-05-02,WMT,0.025658198869726936,Coverage-aware sentiment tilt
2022-05-02,XOM,0.01771784429819326,Coverage-aware sentiment tilt
2022-06-01,ABBV,0.031349575517492796,Coverage-aware sentiment tilt
2022-06-01,ABT,0.016999361711357342,Coverage-aware sentiment tilt
2022-06-01,ADBE,0.018651327586674878,Coverage-aware sentiment tilt
2022-06-01,AEP,0.029886022032775055,Coverage-aware sentiment tilt
2022-06-01,AMD,0.010437296597596004,Coverage-aware sentiment tilt
2022-06-01,AMGN,0.02157647568693672,Coverage-aware sentiment tilt
2022-06-01,AMT,0.019742628082609834,Coverage-aware sentiment tilt
2022-06-01,BA,0.006812042733597996,Coverage-aware sentiment tilt
2022-06-01,CAT,0.03150891684661249,Coverage-aware sentiment tilt
2022-06-01,CCI,0.020015428975639623,Coverage-aware sentiment tilt
2022-06-01,CMCSA,0.016332365568880458,Coverage-aware sentiment tilt
2022-06-01,COP,0.02161407769665449,Coverage-aware sentiment tilt
2022-06-01,CVX,0.023182127727640268,Coverage-aware sentiment tilt
2022-06-01,D,0.033691277448415144,Coverage-aware sentiment tilt
2022-06-01,DD,0.013614949478296941,Coverage-aware sentiment tilt
2022-06-01,DIS,0.013225500419059493,Coverage-aware sentiment tilt
2022-06-01,DOW,0.016812874794962185,Coverage-aware sentiment tilt
2022-06-01,DUK,0.03300658844255018,Coverage-aware sentiment tilt
2022-06-01,EA,0.023896698127306062,Coverage-aware sentiment tilt
2022-06-01,GE,0.008505606308900458,Coverage-aware sentiment tilt
2022-06-01,GILD,0.027636068044295706,Coverage-aware sentiment tilt
2022-06-01,GS,0.01045338591302026,Coverage-aware sentiment tilt
2022-06-01,INTC,0.018842068655287297,Coverage-aware sentiment tilt
2022-06-01,KO,0.024966505386463295,Coverage-aware sentiment tilt
2022-06-01,MMM,0.0210214337861864,Coverage-aware sentiment tilt
2022-06-01,MRK,0.0330110976303951,Coverage-aware sentiment tilt
2022-06-01,MS,0.008591925980054468,Coverage-aware sentiment tilt
2022-06-01,NEE,0.03966625321309974,Coverage-aware sentiment tilt
2022-06-01,NEM,0.03292643482155536,Coverage-aware sentiment tilt
2022-06-01,NKE,0.01221140627963405,Coverage-aware sentiment tilt
2022-06-01,NUE,0.015425456869253226,Coverage-aware sentiment tilt
2022-06-01,NVDA,0.007770521875881557,Coverage-aware sentiment tilt
2022-06-01,O,0.03522591519198156,Coverage-aware sentiment tilt
2022-06-01,OXY,0.014218341902753878,Coverage-aware sentiment tilt
2022-06-01,PLD,0.011355690865987473,Coverage-aware sentiment tilt
2022-06-01,PSA,0.022588691487366457,Coverage-aware sentiment tilt
2022-06-01,QCOM,0.010382512471825383,Coverage-aware sentiment tilt
2022-06-01,SBUX,0.009400826998166821,Coverage-aware sentiment tilt
2022-06-01,SHW,0.019102982770852112,Coverage-aware sentiment tilt
2022-06-01,SLB,0.010681013463514645,Coverage-aware sentiment tilt
2022-06-01,SO,0.025938949939970084,Coverage-aware sentiment tilt
2022-06-01,T,0.02307942170919839,Coverage-aware sentiment tilt
2022-06-01,TMUS,0.01240218059120636,Coverage-aware sentiment tilt
2022-06-01,TTWO,0.01299395692825179,Coverage-aware sentiment tilt
2022-06-01,UPS,0.03083380803308956,Coverage-aware sentiment tilt
2022-06-01,USB,0.022723224637501246,Coverage-aware sentiment tilt
2022-06-01,V,0.014256923322468968,Coverage-aware sentiment tilt
2022-06-01,WFC,0.013824805967792182,Coverage-aware sentiment tilt
2022-06-01,WMT,0.02717452719104716,Coverage-aware sentiment tilt
2022-06-01,XOM,0.020432526287940848,Coverage-aware sentiment tilt
2022-07-01,ABBV,0.03568839119017905,Coverage-aware sentiment tilt
2022-07-01,ABT,0.01815979823307272,Coverage-aware sentiment tilt
2022-07-01,ADBE,0.010059816799889586,Coverage-aware sentiment tilt
2022-07-01,AEP,0.03620791403521999,Coverage-aware sentiment tilt
2022-07-01,AMD,0.010719809007440313,Coverage-aware sentiment tilt
2022-07-01,AMGN,0.035276543574644076,Coverage-aware sentiment tilt
2022-07-01,AMT,0.02123161515532591,Coverage-aware sentiment tilt
2022-07-01,BA,0.010425278821321014,Coverage-aware sentiment tilt
2022-07-01,CAT,0.019172756611177434,Coverage-aware sentiment tilt
2022-07-01,CCI,0.014495306466109255,Coverage-aware sentiment tilt
2022-07-01,CMCSA,0.020440010403065784,Coverage-aware sentiment tilt
2022-07-01,COP,0.014606267265997348,Coverage-aware sentiment tilt
2022-07-01,CVX,0.01855968650011122,Coverage-aware sentiment tilt
2022-07-01,D,0.04640725320827709,Coverage-aware sentiment tilt
2022-07-01,DD,0.01026795182121959,Coverage-aware sentiment tilt
2022-07-01,DIS,0.013072382595643178,Coverage-aware sentiment tilt
2022-07-01,DOW,0.0099717314150463,Coverage-aware sentiment tilt
2022-07-01,DUK,0.0412799935169542,Coverage-aware sentiment tilt
2022-07-01,EA,0.022749305006621205,Coverage-aware sentiment tilt
2022-07-01,GE,0.008836133863591758,Coverage-aware sentiment tilt
2022-07-01,GILD,0.03141283813438822,Coverage-aware sentiment tilt
2022-07-01,GS,0.01061113860673354,Coverage-aware sentiment tilt
2022-07-01,INTC,0.019658053070413156,Coverage-aware sentiment tilt
2022-07-01,KO,0.03320903225022031,Coverage-aware sentiment tilt
2022-07-01,MMM,0.01914752032664631,Coverage-aware sentiment tilt
2022-07-01,MRK,0.026850789326103745,Coverage-aware sentiment tilt
2022-07-01,MS,0.008509284262734711,Coverage-aware sentiment tilt
2022-07-01,NEE,0.03331600202467338,Coverage-aware sentiment tilt
2022-07-01,NEM,0.03053562511598624,Coverage-aware sentiment tilt
2022-07-01,NKE,0.008175634234022506,Coverage-aware sentiment tilt
2022-07-01,NUE,0.02126421805628651,Coverage-aware sentiment tilt
2022-07-01,NVDA,0.0069893634553938044,Coverage-aware sentiment tilt
2022-07-01,O,0.03141730034471304,Coverage-aware sentiment tilt
2022-07-01,OXY,0.012158317589040507,Coverage-aware sentiment tilt
2022-07-01,PLD,0.018729156214314792,Coverage-aware sentiment tilt
2022-07-01,PSA,0.016882673245497495,Coverage-aware sentiment tilt
2022-07-01,QCOM,0.011008383667854987,Coverage-aware sentiment tilt
2022-07-01,SBUX,0.012047654243115798,Coverage-aware sentiment tilt
2022-07-01,SHW,0.019225228532974183,Coverage-aware sentiment tilt
2022-07-01,SLB,0.014525605911964284,Coverage-aware sentiment tilt
2022-07-01,SO,0.02586357932054292,Coverage-aware sentiment tilt
2022-07-01,T,0.016816560986731406,Coverage-aware sentiment tilt
2022-07-01,TMUS,0.012043926633946753,Coverage-aware sentiment tilt
2022-07-01,TTWO,0.019320517734469685,Coverage-aware sentiment tilt
2022-07-01,UPS,0.029447709908108584,Coverage-aware sentiment tilt
2022-07-01,USB,0.01703615771545254,Coverage-aware sentiment tilt
2022-07-01,V,0.012366307442353846,Coverage-aware sentiment tilt
2022-07-01,WFC,0.013756188282595309,Coverage-aware sentiment tilt
2022-07-01,WMT,0.028974934489173414,Coverage-aware sentiment tilt
2022-07-01,XOM,0.021072353382640942,Coverage-aware sentiment tilt
2022-08-01,ABBV,0.032497033726273765,Coverage-aware sentiment tilt
2022-08-01,ABT,0.018135776682732717,Coverage-aware sentiment tilt
2022-08-01,ADBE,0.019148792269339163,Coverage-aware sentiment tilt
2022-08-01,AEP,0.030646029527691618,Coverage-aware sentiment tilt
2022-08-01,AMD,0.009116323648746658,Coverage-aware sentiment tilt
2022-08-01,AMGN,0.023186682786692402,Coverage-aware sentiment tilt
2022-08-01,AMT,0.016678701915322742,Coverage-aware sentiment tilt
2022-08-01,BA,0.010427871928936313,Coverage-aware sentiment tilt
2022-08-01,CAT,0.024246061180652742,Coverage-aware sentiment tilt
2022-08-01,CCI,0.01997783158119249,Coverage-aware sentiment tilt
2022-08-01,CMCSA,0.017359050636598036,Coverage-aware sentiment tilt
2022-08-01,COP,0.020238295113820977,Coverage-aware sentiment tilt
2022-08-01,CVX,0.02476435151351299,Coverage-aware sentiment tilt
2022-08-01,D,0.04338059616869899,Coverage-aware sentiment tilt
2022-08-01,DD,0.011708914340920718,Coverage-aware sentiment tilt
2022-08-01,DIS,0.014065202097901247,Coverage-aware sentiment tilt
2022-08-01,DOW,0.014957102428354546,Coverage-aware sentiment tilt
2022-08-01,DUK,0.03321649729839844,Coverage-aware sentiment tilt
2022-08-01,EA,0.02433556274849013,Coverage-aware sentiment tilt
2022-08-01,GE,0.01360900904182271,Coverage-aware sentiment tilt
2022-08-01,GILD,0.03373167669639281,Coverage-aware sentiment tilt
2022-08-01,GS,0.009972331488386922,Coverage-aware sentiment tilt
2022-08-01,INTC,0.014645834926043376,Coverage-aware sentiment tilt
2022-08-01,KO,0.023698680560684457,Coverage-aware sentiment tilt
2022-08-01,MMM,0.013867800775865996,Coverage-aware sentiment tilt
2022-08-01,MRK,0.02782807879329496,Coverage-aware sentiment tilt
2022-08-01,MS,0.009400608920966858,Coverage-aware sentiment tilt
2022-08-01,NEE,0.0411898956700876,Coverage-aware sentiment tilt
2022-08-01,NEM,0.024710954646302553,Coverage-aware sentiment tilt
2022-08-01,NKE,0.009730147103223815,Coverage-aware sentiment tilt
2022-08-01,NUE,0.017909530474814965,Coverage-aware sentiment tilt
2022-08-01,NVDA,0.007894808336383983,Coverage-aware sentiment tilt
2022-08-01,O,0.030678329084606496,Coverage-aware sentiment tilt
2022-08-01,OXY,0.016003807081510123,Coverage-aware sentiment tilt
2022-08-01,PLD,0.019563241280577317,Coverage-aware sentiment tilt
2022-08-01,PSA,0.017298029971054178,Coverage-aware sentiment tilt
2022-08-01,QCOM,0.01172204133450732,Coverage-aware sentiment tilt
2022-08-01,SBUX,0.015881100160073134,Coverage-aware sentiment tilt
2022-08-01,SHW,0.012182207485900313,Coverage-aware sentiment tilt
2022-08-01,SLB,0.018643833765952213,Coverage-aware sentiment tilt
2022-08-01,SO,0.03748174665197743,Coverage-aware sentiment tilt
2022-08-01,T,0.019488756261626893,Coverage-aware sentiment tilt
2022-08-01,TMUS,0.014147080436993005,Coverage-aware sentiment tilt
2022-08-01,TTWO,0.021808334236939245,Coverage-aware sentiment tilt
2022-08-01,UPS,0.01840247866803723,Coverage-aware sentiment tilt
2022-08-01,USB,0.01601550864517881,Coverage-aware sentiment tilt
2022-08-01,V,0.013635189647731503,Coverage-aware sentiment tilt
2022-08-01,WFC,0.011801866565152468,Coverage-aware sentiment tilt
2022-08-01,WMT,0.027752315316858393,Coverage-aware sentiment tilt
2022-08-01,XOM,0.021218098376776403,Coverage-aware sentiment tilt
2022-09-01,ABBV,0.024823495438341166,Coverage-aware sentiment tilt
2022-09-01,ABT,0.018994739460870085,Coverage-aware sentiment tilt
2022-09-01,ADBE,0.015707033040907547,Coverage-aware sentiment tilt
2022-09-01,AEP,0.029733272692392756,Coverage-aware sentiment tilt
2022-09-01,AMD,0.009303069264729685,Coverage-aware sentiment tilt
2022-09-01,AMGN,0.03910966089331913,Coverage-aware sentiment tilt
2022-09-01,AMT,0.02903597770732312,Coverage-aware sentiment tilt
2022-09-01,BA,0.011627087911846992,Coverage-aware sentiment tilt
2022-09-01,CAT,0.013091686857675564,Coverage-aware sentiment tilt
2022-09-01,CCI,0.023948749733796137,Coverage-aware sentiment tilt
2022-09-01,CMCSA,0.01473130843084177,Coverage-aware sentiment tilt
2022-09-01,COP,0.02086233095826182,Coverage-aware sentiment tilt
2022-09-01,CVX,0.019239721913618103,Coverage-aware sentiment tilt
2022-09-01,D,0.036318023819459935,Coverage-aware sentiment tilt
2022-09-01,DD,0.009192006559121479,Coverage-aware sentiment tilt
2022-09-01,DIS,0.012231713388898051,Coverage-aware sentiment tilt
2022-09-01,DOW,0.013397231540042014,Coverage-aware sentiment tilt
2022-09-01,DUK,0.042508204880653,Coverage-aware sentiment tilt
2022-09-01,EA,0.02031687714235789,Coverage-aware sentiment tilt
2022-09-01,GE,0.016390721213126732,Coverage-aware sentiment tilt
2022-09-01,GILD,0.024878445192211034,Coverage-aware sentiment tilt
2022-09-01,GS,0.011631483504586676,Coverage-aware sentiment tilt
2022-09-01,INTC,0.016310563967557545,Coverage-aware sentiment tilt
2022-09-01,KO,0.03513497942148956,Coverage-aware sentiment tilt
2022-09-01,MMM,0.016769536157360865,Coverage-aware sentiment tilt
2022-09-01,MRK,0.021041687137654076,Coverage-aware sentiment tilt
2022-09-01,MS,0.009418255021658304,Coverage-aware sentiment tilt
2022-09-01,NEE,0.03803530098040562,Coverage-aware sentiment tilt
2022-09-01,NEM,0.03656995415534368,Coverage-aware sentiment tilt
2022-09-01,NKE,0.011438278132289275,Coverage-aware sentiment tilt
2022-09-01,NUE,0.010268644767253872,Coverage-aware sentiment tilt
2022-09-01,NVDA,0.006176345307529673,Coverage-aware sentiment tilt
2022-09-01,O,0.036543392540776244,Coverage-aware sentiment tilt
2022-09-01,OXY,0.014903410322942224,Coverage-aware sentiment tilt
2022-09-01,PLD,0.013682500882670921,Coverage-aware sentiment tilt
2022-09-01,PSA,0.016648443840771736,Coverage-aware sentiment tilt
2022-09-01,QCOM,0.01555649064855133,Coverage-aware sentiment tilt
2022-09-01,SBUX,0.01032188471126371,Coverage-aware sentiment tilt
2022-09-01,SHW,0.019107258330390207,Coverage-aware sentiment tilt
2022-09-01,SLB,0.015707734870258012,Coverage-aware sentiment tilt
2022-09-01,SO,0.03215545302666473,Coverage-aware sentiment tilt
2022-09-01,T,0.019843691250881704,Coverage-aware sentiment tilt
2022-09-01,TMUS,0.01599174549170405,Coverage-aware sentiment tilt
2022-09-01,TTWO,0.013013998169551637,Coverage-aware sentiment tilt
2022-09-01,UPS,0.017662309500939017,Coverage-aware sentiment tilt
2022-09-01,USB,0.01829535019272699,Coverage-aware sentiment tilt
2022-09-01,V,0.015124741178447426,Coverage-aware sentiment tilt
2022-09-01,WFC,0.019648897063083554,Coverage-aware sentiment tilt
2022-09-01,WMT,0.023737606166931366,Coverage-aware sentiment tilt
2022-09-01,XOM,0.02381870521852198,Coverage-aware sentiment tilt
2022-10-03,ABBV,0.03735180178149129,Coverage-aware sentiment tilt
2022-10-03,ABT,0.02127727951443113,Coverage-aware sentiment tilt
2022-10-03,ADBE,0.01007875539424402,Coverage-aware sentiment tilt
2022-10-03,AEP,0.026727643058738124,Coverage-aware sentiment tilt
2022-10-03,AMD,0.007565722304345606,Coverage-aware sentiment tilt
2022-10-03,AMGN,0.027002369327865372,Coverage-aware sentiment tilt
2022-10-03,AMT,0.022554813673759066,Coverage-aware sentiment tilt
2022-10-03,BA,0.011419942814465666,Coverage-aware sentiment tilt
2022-10-03,CAT,0.016491653358627914,Coverage-aware sentiment tilt
2022-10-03,CCI,0.015719223296358158,Coverage-aware sentiment tilt
2022-10-03,CMCSA,0.020628937464993863,Coverage-aware sentiment tilt
2022-10-03,COP,0.01833540781654188,Coverage-aware sentiment tilt
2022-10-03,CVX,0.022205459130002884,Coverage-aware sentiment tilt
2022-10-03,D,0.030363018171048528,Coverage-aware sentiment tilt
2022-10-03,DD,0.014962896676463599,Coverage-aware sentiment tilt
2022-10-03,DIS,0.013441586450573207,Coverage-aware sentiment tilt
2022-10-03,DOW,0.013836584108700737,Coverage-aware sentiment tilt
2022-10-03,DUK,0.05224027023318295,Coverage-aware sentiment tilt
2022-10-03,EA,0.01560444026239075,Coverage-aware sentiment tilt
2022-10-03,GE,0.015791565253826616,Coverage-aware sentiment tilt
2022-10-03,GILD,0.019894862276126933,Coverage-aware sentiment tilt
2022-10-03,GS,0.009213364576798775,Coverage-aware sentiment tilt
2022-10-03,INTC,0.011205529050592003,Coverage-aware sentiment tilt
2022-10-03,KO,0.04248250403115317,Coverage-aware sentiment tilt
2022-10-03,MMM,0.01744317248023232,Coverage-aware sentiment tilt
2022-10-03,MRK,0.026032871405195314,Coverage-aware sentiment tilt
2022-10-03,MS,0.009965831519924005,Coverage-aware sentiment tilt
2022-10-03,NEE,0.02592376961440698,Coverage-aware sentiment tilt
2022-10-03,NEM,0.030805813474584953,Coverage-aware sentiment tilt
2022-10-03,NKE,0.010982746479169697,Coverage-aware sentiment tilt
2022-10-03,NUE,0.009073735826675212,Coverage-aware sentiment tilt
2022-10-03,NVDA,0.005839515638349781,Coverage-aware sentiment tilt
2022-10-03,O,0.03445251783592263,Coverage-aware sentiment tilt
2022-10-03,OXY,0.019676003224342365,Coverage-aware sentiment tilt
2022-10-03,PLD,0.01988033856749252,Coverage-aware sentiment tilt
2022-10-03,PSA,0.020685195193209112,Coverage-aware sentiment tilt
2022-10-03,QCOM,0.009833801163143092,Coverage-aware sentiment tilt
2022-10-03,SBUX,0.01136423250376797,Coverage-aware sentiment tilt
2022-10-03,SHW,0.020053831584278523,Coverage-aware sentiment tilt
2022-10-03,SLB,0.013994389530318124,Coverage-aware sentiment tilt
2022-10-03,SO,0.0338615109068641,Coverage-aware sentiment tilt
2022-10-03,T,0.03146723137459675,Coverage-aware sentiment tilt
2022-10-03,TMUS,0.016866537008217313,Coverage-aware sentiment tilt
2022-10-03,TTWO,0.010723114657354206,Coverage-aware sentiment tilt
2022-10-03,UPS,0.01214229783493845,Coverage-aware sentiment tilt
2022-10-03,USB,0.015077709155840209,Coverage-aware sentiment tilt
2022-10-03,V,0.01953742324552239,Coverage-aware sentiment tilt
2022-10-03,WFC,0.017844125536488776,Coverage-aware sentiment tilt
2022-10-03,WMT,0.035971218067889554,Coverage-aware sentiment tilt
2022-10-03,XOM,0.02410543614455356,Coverage-aware sentiment tilt
2022-11-01,ABBV,0.030632936300857838,Coverage-aware sentiment tilt
2022-11-01,ABT,0.015173988661334408,Coverage-aware sentiment tilt
2022-11-01,ADBE,0.012655889498765423,Coverage-aware sentiment tilt
2022-11-01,AEP,0.024312741023001887,Coverage-aware sentiment tilt
2022-11-01,AMD,0.009819709301138055,Coverage-aware sentiment tilt
2022-11-01,AMGN,0.021980610768113213,Coverage-aware sentiment tilt
2022-11-01,AMT,0.022288915433259438,Coverage-aware sentiment tilt
2022-11-01,BA,0.012195127531254929,Coverage-aware sentiment tilt
2022-11-01,CAT,0.015788958330081145,Coverage-aware sentiment tilt
2022-11-01,CCI,0.015222434251352383,Coverage-aware sentiment tilt
2022-11-01,CMCSA,0.026656119694033177,Coverage-aware sentiment tilt
2022-11-01,COP,0.02101781707115217,Coverage-aware sentiment tilt
2022-11-01,CVX,0.02202036093304365,Coverage-aware sentiment tilt
2022-11-01,D,0.020994752079285903,Coverage-aware sentiment tilt
2022-11-01,DD,0.017548073100418636,Coverage-aware sentiment tilt
2022-11-01,DIS,0.017512460018902026,Coverage-aware sentiment tilt
2022-11-01,DOW,0.013670068031307317,Coverage-aware sentiment tilt
2022-11-01,DUK,0.03977883634773501,Coverage-aware sentiment tilt
2022-11-01,EA,0.025470315480894394,Coverage-aware sentiment tilt
2022-11-01,GE,0.010830708489360448,Coverage-aware sentiment tilt
2022-11-01,GILD,0.02394315434802851,Coverage-aware sentiment tilt
2022-11-01,GS,0.013029709464068766,Coverage-aware sentiment tilt
2022-11-01,INTC,0.009700595073256352,Coverage-aware sentiment tilt
2022-11-01,KO,0.027314109473014516,Coverage-aware sentiment tilt
2022-11-01,MMM,0.038076343867990844,Coverage-aware sentiment tilt
2022-11-01,MRK,0.03666863240661358,Coverage-aware sentiment tilt
2022-11-01,MS,0.009809076057895846,Coverage-aware sentiment tilt
2022-11-01,NEE,0.040786363177068234,Coverage-aware sentiment tilt
2022-11-01,NEM,0.020944082043873925,Coverage-aware sentiment tilt
2022-11-01,NKE,0.0077650591711227405,Coverage-aware sentiment tilt
2022-11-01,NUE,0.016455301927888324,Coverage-aware sentiment tilt
2022-11-01,NVDA,0.0065529645641188815,Coverage-aware sentiment tilt
2022-11-01,O,0.02879903801107491,Coverage-aware sentiment tilt
2022-11-01,OXY,0.013211987440017923,Coverage-aware sentiment tilt
2022-11-01,PLD,0.01806548154789822,Coverage-aware sentiment tilt
2022-11-01,PSA,0.02421268314686934,Coverage-aware sentiment tilt
2022-11-01,QCOM,0.009574510210632735,Coverage-aware sentiment tilt
2022-11-01,SBUX,0.020106183721360412,Coverage-aware sentiment tilt
2022-11-01,SHW,0.013785414536727578,Coverage-aware sentiment tilt
2022-11-01,SLB,0.019738697387746314,Coverage-aware sentiment tilt
2022-11-01,SO,0.025569086875437463,Coverage-aware sentiment tilt
2022-11-01,T,0.026153762706038,Coverage-aware sentiment tilt
2022-11-01,TMUS,0.014835520133374889,Coverage-aware sentiment tilt
2022-11-01,TTWO,0.01934611232980396,Coverage-aware sentiment tilt
2022-11-01,UPS,0.02602613437493069,Coverage-aware sentiment tilt
2022-11-01,USB,0.016299864887846946,Coverage-aware sentiment tilt
2022-11-01,V,0.018890176277321646,Coverage-aware sentiment tilt
2022-11-01,WFC,0.017537237436708687,Coverage-aware sentiment tilt
2022-11-01,WMT,0.02415450176925189,Coverage-aware sentiment tilt
2022-11-01,XOM,0.017077393286726496,Coverage-aware sentiment tilt
2022-12-01,ABBV,0.0417299593414156,Coverage-aware sentiment tilt
2022-12-01,ABT,0.020392819240619108,Coverage-aware sentiment tilt
2022-12-01,ADBE,0.011415262890058404,Coverage-aware sentiment tilt
2022-12-01,AEP,0.042900803117494044,Coverage-aware sentiment tilt
2022-12-01,AMD,0.008013224658865187,Coverage-aware sentiment tilt
2022-12-01,AMGN,0.02493703528344549,Coverage-aware sentiment tilt
2022-12-01,AMT,0.014796877238991469,Coverage-aware sentiment tilt
2022-12-01,BA,0.012642544228935147,Coverage-aware sentiment tilt
2022-12-01,CAT,0.018899888587432752,Coverage-aware sentiment tilt
2022-12-01,CCI,0.018987781813819868,Coverage-aware sentiment tilt
2022-12-01,CMCSA,0.020741817078972165,Coverage-aware sentiment tilt
2022-12-01,COP,0.01721554576817508,Coverage-aware sentiment tilt
2022-12-01,CVX,0.024106409423579223,Coverage-aware sentiment tilt
2022-12-01,D,0.023986988549413172,Coverage-aware sentiment tilt
2022-12-01,DD,0.011846398279462104,Coverage-aware sentiment tilt
2022-12-01,DIS,0.012991848671933169,Coverage-aware sentiment tilt
2022-12-01,DOW,0.011246912359617034,Coverage-aware sentiment tilt
2022-12-01,DUK,0.02816718754816138,Coverage-aware sentiment tilt
2022-12-01,EA,0.02180503818564164,Coverage-aware sentiment tilt
2022-12-01,GE,0.008548373981456834,Coverage-aware sentiment tilt
2022-12-01,GILD,0.03214451003328378,Coverage-aware sentiment tilt
2022-12-01,GS,0.014229957286339278,Coverage-aware sentiment tilt
2022-12-01,INTC,0.013006958275382749,Coverage-aware sentiment tilt
2022-12-01,KO,0.02685375950572112,Coverage-aware sentiment tilt
2022-12-01,MMM,0.01699802951172143,Coverage-aware sentiment tilt
2022-12-01,MRK,0.05196869724087104,Coverage-aware sentiment tilt
2022-12-01,MS,0.011291301728395538,Coverage-aware sentiment tilt
2022-12-01,NEE,0.030559001496234247,Coverage-aware sentiment tilt
2022-12-01,NEM,0.023191534431857085,Coverage-aware sentiment tilt
2022-12-01,NKE,0.014122834033467363,Coverage-aware sentiment tilt
2022-12-01,NUE,0.021906385735522498,Coverage-aware sentiment tilt
2022-12-01,NVDA,0.006553733696566292,Coverage-aware sentiment tilt
2022-12-01,O,0.025523256847954107,Coverage-aware sentiment tilt
2022-12-01,OXY,0.017271751396808286,Coverage-aware sentiment tilt
2022-12-01,PLD,0.01992715590990965,Coverage-aware sentiment tilt
2022-12-01,PSA,0.02101027867519519,Coverage-aware sentiment tilt
2022-12-01,QCOM,0.007575901374858841,Coverage-aware sentiment tilt
2022-12-01,SBUX,0.012719955188474182,Coverage-aware sentiment tilt
2022-12-01,SHW,0.014888517611050672,Coverage-aware sentiment tilt
2022-12-01,SLB,0.01573793146294971,Coverage-aware sentiment tilt
2022-12-01,SO,0.023177502221723878,Coverage-aware sentiment tilt
2022-12-01,T,0.024303493439946512,Coverage-aware sentiment tilt
2022-12-01,TMUS,0.01620958348494661,Coverage-aware sentiment tilt
2022-12-01,TTWO,0.016535781514556425,Coverage-aware sentiment tilt
2022-12-01,UPS,0.02097059060814851,Coverage-aware sentiment tilt
2022-12-01,USB,0.014685156108242977,Coverage-aware sentiment tilt
2022-12-01,V,0.01625882489964539,Coverage-aware sentiment tilt
2022-12-01,WFC,0.022651403246246635,Coverage-aware sentiment tilt
2022-12-01,WMT,0.032312794947099675,Coverage-aware sentiment tilt
2022-12-01,XOM,0.02004070183939153,Coverage-aware sentiment tilt
2023-01-03,ABBV,0.033120879531629434,Coverage-aware sentiment tilt
2023-01-03,ABT,0.016868346594660424,Coverage-aware sentiment tilt
2023-01-03,ADBE,0.010711715975544265,Coverage-aware sentiment tilt
2023-01-03,AEP,0.03599827040625147,Coverage-aware sentiment tilt
2023-01-03,AMD,0.008373164164036372,Coverage-aware sentiment tilt
2023-01-03,AMGN,0.031446941099946835,Coverage-aware sentiment tilt
2023-01-03,AMT,0.016140913406473896,Coverage-aware sentiment tilt
2023-01-03,BA,0.013158235607299796,Coverage-aware sentiment tilt
2023-01-03,CAT,0.020338510138158045,Coverage-aware sentiment tilt
2023-01-03,CCI,0.015308719225500525,Coverage-aware sentiment tilt
2023-01-03,CMCSA,0.021619531478359984,Coverage-aware sentiment tilt
2023-01-03,COP,0.015990403104544207,Coverage-aware sentiment tilt
2023-01-03,CVX,0.0224013287347711,Coverage-aware sentiment tilt
2023-01-03,D,0.039323524698868316,Coverage-aware sentiment tilt
2023-01-03,DD,0.014705661805297173,Coverage-aware sentiment tilt
2023-01-03,DIS,0.015998851148454077,Coverage-aware sentiment tilt
2023-01-03,DOW,0.015304074057653742,Coverage-aware sentiment tilt
2023-01-03,DUK,0.028372293107189115,Coverage-aware sentiment tilt
2023-01-03,EA,0.01790169578760721,Coverage-aware sentiment tilt
2023-01-03,GE,0.013928757323510477,Coverage-aware sentiment tilt
2023-01-03,GILD,0.02666420460414008,Coverage-aware sentiment tilt
2023-01-03,GS,0.012535723065732507,Coverage-aware sentiment tilt
2023-01-03,INTC,0.01143709786945584,Coverage-aware sentiment tilt
2023-01-03,KO,0.026864519049227424,Coverage-aware sentiment tilt
2023-01-03,MMM,0.015690029026715388,Coverage-aware sentiment tilt
2023-01-03,MRK,0.030606387544189293,Coverage-aware sentiment tilt
2023-01-03,MS,0.01064510270843788,Coverage-aware sentiment tilt
2023-01-03,NEE,0.02919666355138733,Coverage-aware sentiment tilt
2023-01-03,NEM,0.023407626042050336,Coverage-aware sentiment tilt
2023-01-03,NKE,0.014359509032590166,Coverage-aware sentiment tilt
2023-01-03,NUE,0.011020902599857491,Coverage-aware sentiment tilt
2023-01-03,NVDA,0.007687309201057036,Coverage-aware sentiment tilt
2023-01-03,O,0.04245009712053321,Coverage-aware sentiment tilt
2023-01-03,OXY,0.017778296051200685,Coverage-aware sentiment tilt
2023-01-03,PLD,0.016909522066813922,Coverage-aware sentiment tilt
2023-01-03,PSA,0.025634369298057624,Coverage-aware sentiment tilt
2023-01-03,QCOM,0.008748019243071174,Coverage-aware sentiment tilt
2023-01-03,SBUX,0.018156128092217352,Coverage-aware sentiment tilt
2023-01-03,SHW,0.017834709249609282,Coverage-aware sentiment tilt
2023-01-03,SLB,0.02197301177741637,Coverage-aware sentiment tilt
2023-01-03,SO,0.023493030904554443,Coverage-aware sentiment tilt
2023-01-03,T,0.027543464891200527,Coverage-aware sentiment tilt
2023-01-03,TMUS,0.01729475736194083,Coverage-aware sentiment tilt
2023-01-03,TTWO,0.010843366246722306,Coverage-aware sentiment tilt
2023-01-03,UPS,0.025331603634536123,Coverage-aware sentiment tilt
2023-01-03,USB,0.02150581290814933,Coverage-aware sentiment tilt
2023-01-03,V,0.01473090715961133,Coverage-aware sentiment tilt
2023-01-03,WFC,0.016556262362418164,Coverage-aware sentiment tilt
2023-01-03,WMT,0.023587307447264873,Coverage-aware sentiment tilt
2023-01-03,XOM,0.022502442494085173,Coverage-aware sentiment tilt
2023-02-01,ABBV,0.04775376806821855,Coverage-aware sentiment tilt
2023-02-01,ABT,0.015316257750305099,Coverage-aware sentiment tilt
2023-02-01,ADBE,0.010185950125150082,Coverage-aware sentiment tilt
2023-02-01,AEP,0.016617260617162562,Coverage-aware sentiment tilt
2023-02-01,AMD,0.008598226135279411,Coverage-aware sentiment tilt
2023-02-01,AMGN,0.03376060418303394,Coverage-aware sentiment tilt
2023-02-01,AMT,0.020865149697700165,Coverage-aware sentiment tilt
2023-02-01,BA,0.012904146404702384,Coverage-aware sentiment tilt
2023-02-01,CAT,0.014720658843873172,Coverage-aware sentiment tilt
2023-02-01,CCI,0.014067843976700134,Coverage-aware sentiment tilt
2023-02-01,CMCSA,0.017740694129827123,Coverage-aware sentiment tilt
2023-02-01,COP,0.019838908937547164,Coverage-aware sentiment tilt
2023-02-01,CVX,0.025502409213592266,Coverage-aware sentiment tilt
2023-02-01,D,0.029726393943052203,Coverage-aware sentiment tilt
2023-02-01,DD,0.0089745073807698,Coverage-aware sentiment tilt
2023-02-01,DIS,0.015624830704043594,Coverage-aware sentiment tilt
2023-02-01,DOW,0.01536742072425626,Coverage-aware sentiment tilt
2023-02-01,DUK,0.04686141551572011,Coverage-aware sentiment tilt
2023-02-01,EA,0.023975061402697864,Coverage-aware sentiment tilt
2023-02-01,GE,0.012537085646922151,Coverage-aware sentiment tilt
2023-02-01,GILD,0.02660059489490491,Coverage-aware sentiment tilt
2023-02-01,GS,0.012891594463558398,Coverage-aware sentiment tilt
2023-02-01,INTC,0.011133942554190675,Coverage-aware sentiment tilt
2023-02-01,KO,0.035792930327639756,Coverage-aware sentiment tilt
2023-02-01,MMM,0.011368375445015448,Coverage-aware sentiment tilt
2023-02-01,MRK,0.03213634648175003,Coverage-aware sentiment tilt
2023-02-01,MS,0.016583606566532294,Coverage-aware sentiment tilt
2023-02-01,NEE,0.02930725645368145,Coverage-aware sentiment tilt
2023-02-01,NEM,0.029693679117093176,Coverage-aware sentiment tilt
2023-02-01,NKE,0.009067303955026243,Coverage-aware sentiment tilt
2023-02-01,NUE,0.017457677463873562,Coverage-aware sentiment tilt
2023-02-01,NVDA,0.00787365318422749,Coverage-aware sentiment tilt
2023-02-01,O,0.027509498845667387,Coverage-aware sentiment tilt
2023-02-01,OXY,0.019667566273448477,Coverage-aware sentiment tilt
2023-02-01,PLD,0.01478466919902041,Coverage-aware sentiment tilt
2023-02-01,PSA,0.012513796273350569,Coverage-aware sentiment tilt
2023-02-01,QCOM,0.008720985672293811,Coverage-aware sentiment tilt
2023-02-01,SBUX,0.013526966591542431,Coverage-aware sentiment tilt
2023-02-01,SHW,0.014422032614730651,Coverage-aware sentiment tilt
2023-02-01,SLB,0.020380792088038856,Coverage-aware sentiment tilt
2023-02-01,SO,0.024959035265646714,Coverage-aware sentiment tilt
2023-02-01,T,0.028635743196429354,Coverage-aware sentiment tilt
2023-02-01,TMUS,0.02010980366528846,Coverage-aware sentiment tilt
2023-02-01,TTWO,0.01705490228608986,Coverage-aware sentiment tilt
2023-02-01,UPS,0.02481964746522196,Coverage-aware sentiment tilt
2023-02-01,USB,0.010653079951067375,Coverage-aware sentiment tilt
2023-02-01,V,0.02340830641645764,Coverage-aware sentiment tilt
2023-02-01,WFC,0.0155515998565297,Coverage-aware sentiment tilt
2023-02-01,WMT,0.02760207755412352,Coverage-aware sentiment tilt
2023-02-01,XOM,0.02483394247700538,Coverage-aware sentiment tilt
2023-03-01,ABBV,0.03008247047147364,Coverage-aware sentiment tilt
2023-03-01,ABT,0.023791724021576362,Coverage-aware sentiment tilt
2023-03-01,ADBE,0.012326192074086018,Coverage-aware sentiment tilt
2023-03-01,AEP,0.01961426688024775,Coverage-aware sentiment tilt
2023-03-01,AMD,0.010892557511164089,Coverage-aware sentiment tilt
2023-03-01,AMGN,0.03433726054675497,Coverage-aware sentiment tilt
2023-03-01,AMT,0.01642121536383296,Coverage-aware sentiment tilt
2023-03-01,BA,0.012894226088328024,Coverage-aware sentiment tilt
2023-03-01,CAT,0.01999117726940447,Coverage-aware sentiment tilt
2023-03-01,CCI,0.015666019118538526,Coverage-aware sentiment tilt
2023-03-01,CMCSA,0.018277474249214505,Coverage-aware sentiment tilt
2023-03-01,COP,0.01798254042924346,Coverage-aware sentiment tilt
2023-03-01,CVX,0.022470722440609252,Coverage-aware sentiment tilt
2023-03-01,D,0.033847817648451586,Coverage-aware sentiment tilt
2023-03-01,DD,0.01174165221999517,Coverage-aware sentiment tilt
2023-03-01,DIS,0.01398645560572463,Coverage-aware sentiment tilt
2023-03-01,DOW,0.012012657491149293,Coverage-aware sentiment tilt
2023-03-01,DUK,0.05204110249696833,Coverage-aware sentiment tilt
2023-03-01,EA,0.018171990276247642,Coverage-aware sentiment tilt
2023-03-01,GE,0.01783754056457527,Coverage-aware sentiment tilt
2023-03-01,GILD,0.022795885290058215,Coverage-aware sentiment tilt
2023-03-01,GS,0.01029822899162143,Coverage-aware sentiment tilt
2023-03-01,INTC,0.011771988061089454,Coverage-aware sentiment tilt
2023-03-01,KO,0.027338127596372396,Coverage-aware sentiment tilt
2023-03-01,MMM,0.01189379437448324,Coverage-aware sentiment tilt
2023-03-01,MRK,0.04750291010101828,Coverage-aware sentiment tilt
2023-03-01,MS,0.011931391207715757,Coverage-aware sentiment tilt
2023-03-01,NEE,0.03816089565032666,Coverage-aware sentiment tilt
2023-03-01,NEM,0.0185978771196851,Coverage-aware sentiment tilt
2023-03-01,NKE,0.013678424482485642,Coverage-aware sentiment tilt
2023-03-01,NUE,0.014135940127106932,Coverage-aware sentiment tilt
2023-03-01,NVDA,0.009642705372607505,Coverage-aware sentiment tilt
2023-03-01,O,0.025547870917416296,Coverage-aware sentiment tilt
2023-03-01,OXY,0.00995741433908911,Coverage-aware sentiment tilt
2023-03-01,PLD,0.0241362743013314,Coverage-aware sentiment tilt
2023-03-01,PSA,0.018268274119896618,Coverage-aware sentiment tilt
2023-03-01,QCOM,0.008679805630208707,Coverage-aware sentiment tilt
2023-03-01,SBUX,0.014992536244228048,Coverage-aware sentiment tilt
2023-03-01,SHW,0.01337983772100177,Coverage-aware sentiment tilt
2023-03-01,SLB,0.014472059237917867,Coverage-aware sentiment tilt
2023-03-01,SO,0.024223372068147595,Coverage-aware sentiment tilt
2023-03-01,T,0.042152940540634405,Coverage-aware sentiment tilt
2023-03-01,TMUS,0.024303952390117338,Coverage-aware sentiment tilt
2023-03-01,TTWO,0.012205827807961592,Coverage-aware sentiment tilt
2023-03-01,UPS,0.023024664852668852,Coverage-aware sentiment tilt
2023-03-01,USB,0.010598261171172683,Coverage-aware sentiment tilt
2023-03-01,V,0.02400596913459287,Coverage-aware sentiment tilt
2023-03-01,WFC,0.016763943759264335,Coverage-aware sentiment tilt
2023-03-01,WMT,0.020017302241447814,Coverage-aware sentiment tilt
2023-03-01,XOM,0.021134462380746153,Coverage-aware sentiment tilt
2023-04-03,ABBV,0.039495452813823176,Coverage-aware sentiment tilt
2023-04-03,ABT,0.01885346843387073,Coverage-aware sentiment tilt
2023-04-03,ADBE,0.010646267499935927,Coverage-aware sentiment tilt
2023-04-03,AEP,0.017142837775737673,Coverage-aware sentiment tilt
2023-04-03,AMD,0.009781374566012052,Coverage-aware sentiment tilt
2023-04-03,AMGN,0.037636409418487435,Coverage-aware sentiment tilt
2023-04-03,AMT,0.015640179735596837,Coverage-aware sentiment tilt
2023-04-03,BA,0.013107957813150554,Coverage-aware sentiment tilt
2023-04-03,CAT,0.014609793717585058,Coverage-aware sentiment tilt
2023-04-03,CCI,0.017948658132384103,Coverage-aware sentiment tilt
2023-04-03,CMCSA,0.018098785270680408,Coverage-aware sentiment tilt
2023-04-03,COP,0.016388255680828818,Coverage-aware sentiment tilt
2023-04-03,CVX,0.01769330896639987,Coverage-aware sentiment tilt
2023-04-03,D,0.0307813243544568,Coverage-aware sentiment tilt
2023-04-03,DD,0.01122946391030125,Coverage-aware sentiment tilt
2023-04-03,DIS,0.011667538457022343,Coverage-aware sentiment tilt
2023-04-03,DOW,0.011911807428609821,Coverage-aware sentiment tilt
2023-04-03,DUK,0.03376717725693658,Coverage-aware sentiment tilt
2023-04-03,EA,0.023746044103877623,Coverage-aware sentiment tilt
2023-04-03,GE,0.023998934721750603,Coverage-aware sentiment tilt
2023-04-03,GILD,0.019535099917989192,Coverage-aware sentiment tilt
2023-04-03,GS,0.00929224152829661,Coverage-aware sentiment tilt
2023-04-03,INTC,0.012306068243152071,Coverage-aware sentiment tilt
2023-04-03,KO,0.026521985956759257,Coverage-aware sentiment tilt
2023-04-03,MMM,0.015628529133183265,Coverage-aware sentiment tilt
2023-04-03,MRK,0.034920785007259224,Coverage-aware sentiment tilt
2023-04-03,MS,0.012382235711123832,Coverage-aware sentiment tilt
2023-04-03,NEE,0.03477360118485921,Coverage-aware sentiment tilt
2023-04-03,NEM,0.019902312577826046,Coverage-aware sentiment tilt
2023-04-03,NKE,0.009234512199320125,Coverage-aware sentiment tilt
2023-04-03,NUE,0.01980903454345358,Coverage-aware sentiment tilt
2023-04-03,NVDA,0.009377158221137091,Coverage-aware sentiment tilt
2023-04-03,O,0.04246850613714753,Coverage-aware sentiment tilt
2023-04-03,OXY,0.01693125085476838,Coverage-aware sentiment tilt
2023-04-03,PLD,0.013798069602043916,Coverage-aware sentiment tilt
2023-04-03,PSA,0.027501847935255445,Coverage-aware sentiment tilt
2023-04-03,QCOM,0.010895450443765954,Coverage-aware sentiment tilt
2023-04-03,SBUX,0.010973709241480263,Coverage-aware sentiment tilt
2023-04-03,SHW,0.013570168236261695,Coverage-aware sentiment tilt
2023-04-03,SLB,0.020795083678458986,Coverage-aware sentiment tilt
2023-04-03,SO,0.02243851554941435,Coverage-aware sentiment tilt
2023-04-03,T,0.03303676712036066,Coverage-aware sentiment tilt
2023-04-03,TMUS,0.02541595412866041,Coverage-aware sentiment tilt
2023-04-03,TTWO,0.016925237775951552,Coverage-aware sentiment tilt
2023-04-03,UPS,0.03640104695469195,Coverage-aware sentiment tilt
2023-04-03,USB,0.018064927254045342,Coverage-aware sentiment tilt
2023-04-03,V,0.017008963064811804,Coverage-aware sentiment tilt
2023-04-03,WFC,0.009300892927042134,Coverage-aware sentiment tilt
2023-04-03,WMT,0.03110455555689195,Coverage-aware sentiment tilt
2023-04-03,XOM,0.015540449257140569,Coverage-aware sentiment tilt
2023-05-01,ABBV,0.0318599565928353,Coverage-aware sentiment tilt
2023-05-01,ABT,0.017652140577230593,Coverage-aware sentiment tilt
2023-05-01,ADBE,0.019024029407893737,Coverage-aware sentiment tilt
2023-05-01,AEP,0.020011708523924972,Coverage-aware sentiment tilt
2023-05-01,AMD,0.015055946461020644,Coverage-aware sentiment tilt
2023-05-01,AMGN,0.036185391603063964,Coverage-aware sentiment tilt
2023-05-01,AMT,0.016898530622346683,Coverage-aware sentiment tilt
2023-05-01,BA,0.013776219872390735,Coverage-aware sentiment tilt
2023-05-01,CAT,0.014328559733370152,Coverage-aware sentiment tilt
2023-05-01,CCI,0.014279419508893904,Coverage-aware sentiment tilt
2023-05-01,CMCSA,0.016290595671405828,Coverage-aware sentiment tilt
2023-05-01,COP,0.015373229266378532,Coverage-aware sentiment tilt
2023-05-01,CVX,0.02289446572288361,Coverage-aware sentiment tilt
2023-05-01,D,0.042733998366063695,Coverage-aware sentiment tilt
2023-05-01,DD,0.012592159895568502,Coverage-aware sentiment tilt
2023-05-01,DIS,0.009990167381465952,Coverage-aware sentiment tilt
2023-05-01,DOW,0.01214181529129448,Coverage-aware sentiment tilt
2023-05-01,DUK,0.03149743584272419,Coverage-aware sentiment tilt
2023-05-01,EA,0.022148619231005827,Coverage-aware sentiment tilt
2023-05-01,GE,0.022767538074396958,Coverage-aware sentiment tilt
2023-05-01,GILD,0.025291483295791343,Coverage-aware sentiment tilt
2023-05-01,GS,0.011168235894408525,Coverage-aware sentiment tilt
2023-05-01,INTC,0.013517587382704558,Coverage-aware sentiment tilt
2023-05-01,KO,0.028713970284666462,Coverage-aware sentiment tilt
2023-05-01,MMM,0.010608248144916238,Coverage-aware sentiment tilt
2023-05-01,MRK,0.021176802597459167,Coverage-aware sentiment tilt
2023-05-01,MS,0.016722053017184692,Coverage-aware sentiment tilt
2023-05-01,NEE,0.04030988811091552,Coverage-aware sentiment tilt
2023-05-01,NEM,0.017473555199021416,Coverage-aware sentiment tilt
2023-05-01,NKE,0.0150723824020603,Coverage-aware sentiment tilt
2023-05-01,NUE,0.01735994448958943,Coverage-aware sentiment tilt
2023-05-01,NVDA,0.010212651804387416,Coverage-aware sentiment tilt
2023-05-01,O,0.028928041350453532,Coverage-aware sentiment tilt
2023-05-01,OXY,0.014700036992749788,Coverage-aware sentiment tilt
2023-05-01,PLD,0.015058863403595055,Coverage-aware sentiment tilt
2023-05-01,PSA,0.026573405471367516,Coverage-aware sentiment tilt
2023-05-01,QCOM,0.014618598460132274,Coverage-aware sentiment tilt
2023-05-01,SBUX,0.020961438872920974,Coverage-aware sentiment tilt
2023-05-01,SHW,0.016668138552964604,Coverage-aware sentiment tilt
2023-05-01,SLB,0.016332030598789276,Coverage-aware sentiment tilt
2023-05-01,SO,0.022005759376152265,Coverage-aware sentiment tilt
2023-05-01,T,0.024772561041476605,Coverage-aware sentiment tilt
2023-05-01,TMUS,0.022272828234068155,Coverage-aware sentiment tilt
2023-05-01,TTWO,0.013369008778454209,Coverage-aware sentiment tilt
2023-05-01,UPS,0.024360550000877605,Coverage-aware sentiment tilt
2023-05-01,USB,0.01932297244479126,Coverage-aware sentiment tilt
2023-05-01,V,0.025711430005357444,Coverage-aware sentiment tilt
2023-05-01,WFC,0.013932666502059703,Coverage-aware sentiment tilt
2023-05-01,WMT,0.024355802367507496,Coverage-aware sentiment tilt
2023-05-01,XOM,0.020927137277019024,Coverage-aware sentiment tilt
2023-06-01,ABBV,0.03874018253859658,Coverage-aware sentiment tilt
2023-06-01,ABT,0.01963134390814044,Coverage-aware sentiment tilt
2023-06-01,ADBE,0.017956677528817334,Coverage-aware sentiment tilt
2023-06-01,AEP,0.025460125410098452,Coverage-aware sentiment tilt
2023-06-01,AMD,0.011802634765394638,Coverage-aware sentiment tilt
2023-06-01,AMGN,0.02549386160879258,Coverage-aware sentiment tilt
2023-06-01,AMT,0.015869079520334888,Coverage-aware sentiment tilt
2023-06-01,BA,0.014160679389296396,Coverage-aware sentiment tilt
2023-06-01,CAT,0.015384793504643949,Coverage-aware sentiment tilt
2023-06-01,CCI,0.01659867829554184,Coverage-aware sentiment tilt
2023-06-01,CMCSA,0.014617953835191594,Coverage-aware sentiment tilt
2023-06-01,COP,0.01970845462708051,Coverage-aware sentiment tilt
2023-06-01,CVX,0.01920978959802612,Coverage-aware sentiment tilt
2023-06-01,D,0.03705679878934958,Coverage-aware sentiment tilt
2023-06-01,DD,0.011111499907920663,Coverage-aware sentiment tilt
2023-06-01,DIS,0.010788205667738715,Coverage-aware sentiment tilt
2023-06-01,DOW,0.013169118581187514,Coverage-aware sentiment tilt
2023-06-01,DUK,0.03604580512167547,Coverage-aware sentiment tilt
2023-06-01,EA,0.028331952496828777,Coverage-aware sentiment tilt
2023-06-01,GE,0.011786546623019397,Coverage-aware sentiment tilt
2023-06-01,GILD,0.03536108586372141,Coverage-aware sentiment tilt
2023-06-01,GS,0.01066213381368685,Coverage-aware sentiment tilt
2023-06-01,INTC,0.011138237519852925,Coverage-aware sentiment tilt
2023-06-01,KO,0.0389457375643069,Coverage-aware sentiment tilt
2023-06-01,MMM,0.013354574653384675,Coverage-aware sentiment tilt
2023-06-01,MRK,0.022551831131412126,Coverage-aware sentiment tilt
2023-06-01,MS,0.00861064553783676,Coverage-aware sentiment tilt
2023-06-01,NEE,0.032928610673559414,Coverage-aware sentiment tilt
2023-06-01,NEM,0.02310682058201808,Coverage-aware sentiment tilt
2023-06-01,NKE,0.009716831007179471,Coverage-aware sentiment tilt
2023-06-01,NUE,0.013901295943574218,Coverage-aware sentiment tilt
2023-06-01,NVDA,0.011093127442613183,Coverage-aware sentiment tilt
2023-06-01,O,0.030028818711805814,Coverage-aware sentiment tilt
2023-06-01,OXY,0.015671708738622503,Coverage-aware sentiment tilt
2023-06-01,PLD,0.01679589715339624,Coverage-aware sentiment tilt
2023-06-01,PSA,0.018383629877870875,Coverage-aware sentiment tilt
2023-06-01,QCOM,0.012753232326688058,Coverage-aware sentiment tilt
2023-06-01,SBUX,0.013288722091343326,Coverage-aware sentiment tilt
2023-06-01,SHW,0.01568704695545432,Coverage-aware sentiment tilt
2023-06-01,SLB,0.014396326643379366,Coverage-aware sentiment tilt
2023-06-01,SO,0.023492583231860036,Coverage-aware sentiment tilt
2023-06-01,T,0.031177148313782047,Coverage-aware sentiment tilt
2023-06-01,TMUS,0.03204854654442286,Coverage-aware sentiment tilt
2023-06-01,TTWO,0.017939020058468806,Coverage-aware sentiment tilt
2023-06-01,UPS,0.03565247313080963,Coverage-aware sentiment tilt
2023-06-01,USB,0.012234304956422082,Coverage-aware sentiment tilt
2023-06-01,V,0.02129869125781544,Coverage-aware sentiment tilt
2023-06-01,WFC,0.010395260300154691,Coverage-aware sentiment tilt
2023-06-01,WMT,0.023624389044763168,Coverage-aware sentiment tilt
2023-06-01,XOM,0.020837087212119434,Coverage-aware sentiment tilt
2023-07-03,ABBV,0.03814952492428569,Coverage-aware sentiment tilt
2023-07-03,ABT,0.023730731181380364,Coverage-aware sentiment tilt
2023-07-03,ADBE,0.011720514007829433,Coverage-aware sentiment tilt
2023-07-03,AEP,0.03025434214936757,Coverage-aware sentiment tilt
2023-07-03,AMD,0.013591907640177116,Coverage-aware sentiment tilt
2023-07-03,AMGN,0.03575543620739186,Coverage-aware sentiment tilt
2023-07-03,AMT,0.01790735308015732,Coverage-aware sentiment tilt
2023-07-03,BA,0.014825114452521366,Coverage-aware sentiment tilt
2023-07-03,CAT,0.0187602199778864,Coverage-aware sentiment tilt
2023-07-03,CCI,0.0128493371819764,Coverage-aware sentiment tilt
2023-07-03,CMCSA,0.015122634200799187,Coverage-aware sentiment tilt
2023-07-03,COP,0.011303968811866976,Coverage-aware sentiment tilt
2023-07-03,CVX,0.015289539232579079,Coverage-aware sentiment tilt
2023-07-03,D,0.03081083965522593,Coverage-aware sentiment tilt
2023-07-03,DD,0.015617234644016455,Coverage-aware sentiment tilt
2023-07-03,DIS,0.010013091938117847,Coverage-aware sentiment tilt
2023-07-03,DOW,0.010246510148979055,Coverage-aware sentiment tilt
2023-07-03,DUK,0.029293018413505508,Coverage-aware sentiment tilt
2023-07-03,EA,0.03609989315470777,Coverage-aware sentiment tilt
2023-07-03,GE,0.015226572001488392,Coverage-aware sentiment tilt
2023-07-03,GILD,0.034763748557193615,Coverage-aware sentiment tilt
2023-07-03,GS,0.012294862431618467,Coverage-aware sentiment tilt
2023-07-03,INTC,0.010979132555284722,Coverage-aware sentiment tilt
2023-07-03,KO,0.029091116731252073,Coverage-aware sentiment tilt
2023-07-03,MMM,0.012252397328439872,Coverage-aware sentiment tilt
2023-07-03,MRK,0.029258133727063908,Coverage-aware sentiment tilt
2023-07-03,MS,0.0075499307684846724,Coverage-aware sentiment tilt
2023-07-03,NEE,0.0327337286512097,Coverage-aware sentiment tilt
2023-07-03,NEM,0.025844021338386036,Coverage-aware sentiment tilt
2023-07-03,NKE,0.008861829051961829,Coverage-aware sentiment tilt
2023-07-03,NUE,0.019217838958810008,Coverage-aware sentiment tilt
2023-07-03,NVDA,0.010639499214847997,Coverage-aware sentiment tilt
2023-07-03,O,0.0251532355352608,Coverage-aware sentiment tilt
2023-07-03,OXY,0.016451247066038396,Coverage-aware sentiment tilt
2023-07-03,PLD,0.014324635316256744,Coverage-aware sentiment tilt
2023-07-03,PSA,0.030067259157849288,Coverage-aware sentiment tilt
2023-07-03,QCOM,0.011684216825950222,Coverage-aware sentiment tilt
2023-07-03,SBUX,0.015686039999362845,Coverage-aware sentiment tilt
2023-07-03,SHW,0.01421452541845637,Coverage-aware sentiment tilt
2023-07-03,SLB,0.01132654508284689,Coverage-aware sentiment tilt
2023-07-03,SO,0.028446967145325932,Coverage-aware sentiment tilt
2023-07-03,T,0.0316857626034911,Coverage-aware sentiment tilt
2023-07-03,TMUS,0.027849296623358187,Coverage-aware sentiment tilt
2023-07-03,TTWO,0.015124905628347155,Coverage-aware sentiment tilt
2023-07-03,UPS,0.019634616408954673,Coverage-aware sentiment tilt
2023-07-03,USB,0.016441473744763856,Coverage-aware sentiment tilt
2023-07-03,V,0.020354976440894842,Coverage-aware sentiment tilt
2023-07-03,WFC,0.020303898271362118,Coverage-aware sentiment tilt
2023-07-03,WMT,0.02603672800394356,Coverage-aware sentiment tilt
2023-07-03,XOM,0.015159648408724507,Coverage-aware sentiment tilt
2023-08-01,ABBV,0.04172171468841906,Coverage-aware sentiment tilt
2023-08-01,ABT,0.020509925018779723,Coverage-aware sentiment tilt
2023-08-01,ADBE,0.016511008204458548,Coverage-aware sentiment tilt
2023-08-01,AEP,0.022748143893919,Coverage-aware sentiment tilt
2023-08-01,AMD,0.014666203006798748,Coverage-aware sentiment tilt
2023-08-01,AMGN,0.027213155326858675,Coverage-aware sentiment tilt
2023-08-01,AMT,0.01653062193087492,Coverage-aware sentiment tilt
2023-08-01,BA,0.014800965580287014,Coverage-aware sentiment tilt
2023-08-01,CAT,0.016591927259726323,Coverage-aware sentiment tilt
2023-08-01,CCI,0.018496223442910572,Coverage-aware sentiment tilt
2023-08-01,CMCSA,0.010070831041562159,Coverage-aware sentiment tilt
2023-08-01,COP,0.013018250345333278,Coverage-aware sentiment tilt
2023-08-01,CVX,0.015792116918149735,Coverage-aware sentiment tilt
2023-08-01,D,0.025085997655748177,Coverage-aware sentiment tilt
2023-08-01,DD,0.011478354540766608,Coverage-aware sentiment tilt
2023-08-01,DIS,0.009768540566196148,Coverage-aware sentiment tilt
2023-08-01,DOW,0.008886973853299203,Coverage-aware sentiment tilt
2023-08-01,DUK,0.042602677184826895,Coverage-aware sentiment tilt
2023-08-01,EA,0.03499924114699339,Coverage-aware sentiment tilt
2023-08-01,GE,0.015670763996937564,Coverage-aware sentiment tilt
2023-08-01,GILD,0.028836270971862213,Coverage-aware sentiment tilt
2023-08-01,GS,0.012508326537624322,Coverage-aware sentiment tilt
2023-08-01,INTC,0.012656733458778014,Coverage-aware sentiment tilt
2023-08-01,KO,0.029906475900082174,Coverage-aware sentiment tilt
2023-08-01,MMM,0.013241488026645903,Coverage-aware sentiment tilt
2023-08-01,MRK,0.023589118722612917,Coverage-aware sentiment tilt
2023-08-01,MS,0.010430214378970869,Coverage-aware sentiment tilt
2023-08-01,NEE,0.038602904409182126,Coverage-aware sentiment tilt
2023-08-01,NEM,0.01790609566820946,Coverage-aware sentiment tilt
2023-08-01,NKE,0.012963778128735488,Coverage-aware sentiment tilt
2023-08-01,NUE,0.018740713899120135,Coverage-aware sentiment tilt
2023-08-01,NVDA,0.012628297919462012,Coverage-aware sentiment tilt
2023-08-01,O,0.03799214586171059,Coverage-aware sentiment tilt
2023-08-01,OXY,0.01951906162878508,Coverage-aware sentiment tilt
2023-08-01,PLD,0.023310421179877645,Coverage-aware sentiment tilt
2023-08-01,PSA,0.019325971024602727,Coverage-aware sentiment tilt
2023-08-01,QCOM,0.012369349902192467,Coverage-aware sentiment tilt
2023-08-01,SBUX,0.020828722039357803,Coverage-aware sentiment tilt
2023-08-01,SHW,0.009940393389088267,Coverage-aware sentiment tilt
2023-08-01,SLB,0.014324692350353703,Coverage-aware sentiment tilt
2023-08-01,SO,0.020437360196281628,Coverage-aware sentiment tilt
2023-08-01,T,0.023872881593957063,Coverage-aware sentiment tilt
2023-08-01,TMUS,0.029578420008636527,Coverage-aware sentiment tilt
2023-08-01,TTWO,0.015612854008693429,Coverage-aware sentiment tilt
2023-08-01,UPS,0.01607243112747388,Coverage-aware sentiment tilt
2023-08-01,USB,0.010429223684259243,Coverage-aware sentiment tilt
2023-08-01,V,0.02725181621805572,Coverage-aware sentiment tilt
2023-08-01,WFC,0.01785381190968394,Coverage-aware sentiment tilt
2023-08-01,WMT,0.03375660969814992,Coverage-aware sentiment tilt
2023-08-01,XOM,0.01834978055470913,Coverage-aware sentiment tilt
2023-09-01,ABBV,0.05445221815724546,Coverage-aware sentiment tilt
2023-09-01,ABT,0.03069196848534805,Coverage-aware sentiment tilt
2023-09-01,ADBE,0.013086557455868899,Coverage-aware sentiment tilt
2023-09-01,AEP,0.016490417791306094,Coverage-aware sentiment tilt
2023-09-01,AMD,0.013900534850941712,Coverage-aware sentiment tilt
2023-09-01,AMGN,0.03788019493461413,Coverage-aware sentiment tilt
2023-09-01,AMT,0.01731642926609725,Coverage-aware sentiment tilt
2023-09-01,BA,0.014880560322985896,Coverage-aware sentiment tilt
2023-09-01,CAT,0.019712236092018217,Coverage-aware sentiment tilt
2023-09-01,CCI,0.014629435216139663,Coverage-aware sentiment tilt
2023-09-01,CMCSA,0.014672658590559062,Coverage-aware sentiment tilt
2023-09-01,COP,0.019342045674481514,Coverage-aware sentiment tilt
2023-09-01,CVX,0.014083105981120093,Coverage-aware sentiment tilt
2023-09-01,D,0.037420587282384975,Coverage-aware sentiment tilt
2023-09-01,DD,0.013589392276566054,Coverage-aware sentiment tilt
2023-09-01,DIS,0.013605198124400133,Coverage-aware sentiment tilt
2023-09-01,DOW,0.013975572317756396,Coverage-aware sentiment tilt
2023-09-01,DUK,0.03186130452726328,Coverage-aware sentiment tilt
2023-09-01,EA,0.023006480160657847,Coverage-aware sentiment tilt
2023-09-01,GE,0.018350609482222745,Coverage-aware sentiment tilt
2023-09-01,GILD,0.015593761497582763,Coverage-aware sentiment tilt
2023-09-01,GS,0.012390114057491625,Coverage-aware sentiment tilt
2023-09-01,INTC,0.016633470931444995,Coverage-aware sentiment tilt
2023-09-01,KO,0.03224701613982116,Coverage-aware sentiment tilt
2023-09-01,MMM,0.014468155599774385,Coverage-aware sentiment tilt
2023-09-01,MRK,0.023110057811562786,Coverage-aware sentiment tilt
2023-09-01,MS,0.015543188409307854,Coverage-aware sentiment tilt
2023-09-01,NEE,0.022802048727446945,Coverage-aware sentiment tilt
2023-09-01,NEM,0.01970519370862018,Coverage-aware sentiment tilt
2023-09-01,NKE,0.008992280323126985,Coverage-aware sentiment tilt
2023-09-01,NUE,0.01777480362622465,Coverage-aware sentiment tilt
2023-09-01,NVDA,0.012480791839081283,Coverage-aware sentiment tilt
2023-09-01,O,0.03508379074898579,Coverage-aware sentiment tilt
2023-09-01,OXY,0.022762015099989173,Coverage-aware sentiment tilt
2023-09-01,PLD,0.021911016166134417,Coverage-aware sentiment tilt
2023-09-01,PSA,0.021440516140970235,Coverage-aware sentiment tilt
2023-09-01,QCOM,0.009067635725403533,Coverage-aware sentiment tilt
2023-09-01,SBUX,0.016695043152275067,Coverage-aware sentiment tilt
2023-09-01,SHW,0.022394505691028795,Coverage-aware sentiment tilt
2023-09-01,SLB,0.01098522424320041,Coverage-aware sentiment tilt
2023-09-01,SO,0.018087286082545638,Coverage-aware sentiment tilt
2023-09-01,T,0.022723890285901677,Coverage-aware sentiment tilt
2023-09-01,TMUS,0.030971257509341512,Coverage-aware sentiment tilt
2023-09-01,TTWO,0.01364901550415736,Coverage-aware sentiment tilt
2023-09-01,UPS,0.012935467510900854,Coverage-aware sentiment tilt
2023-09-01,USB,0.010065053421851003,Coverage-aware sentiment tilt
2023-09-01,V,0.018785640475018656,Coverage-aware sentiment tilt
2023-09-01,WFC,0.012599827584263252,Coverage-aware sentiment tilt
2023-09-01,WMT,0.032874342461770616,Coverage-aware sentiment tilt
2023-09-01,XOM,0.022280082534798875,Coverage-aware sentiment tilt
2023-10-02,ABBV,0.029297016567179212,Coverage-aware sentiment tilt
2023-10-02,ABT,0.02457597404577399,Coverage-aware sentiment tilt
2023-10-02,ADBE,0.016660034272355292,Coverage-aware sentiment tilt
2023-10-02,AEP,0.019136378414788525,Coverage-aware sentiment tilt
2023-10-02,AMD,0.012587032707648918,Coverage-aware sentiment tilt
2023-10-02,AMGN,0.021332479901609972,Coverage-aware sentiment tilt
2023-10-02,AMT,0.01457212292916845,Coverage-aware sentiment tilt
2023-10-02,BA,0.016030821281533096,Coverage-aware sentiment tilt
2023-10-02,CAT,0.01760823491851047,Coverage-aware sentiment tilt
2023-10-02,CCI,0.026767359076959665,Coverage-aware sentiment tilt
2023-10-02,CMCSA,0.01787151256852532,Coverage-aware sentiment tilt
2023-10-02,COP,0.02058054241423671,Coverage-aware sentiment tilt
2023-10-02,CVX,0.013486670292860367,Coverage-aware sentiment tilt
2023-10-02,D,0.019288612036247457,Coverage-aware sentiment tilt
2023-10-02,DD,0.013882829804318821,Coverage-aware sentiment tilt
2023-10-02,DIS,0.009642331301673843,Coverage-aware sentiment tilt
2023-10-02,DOW,0.012334026600623943,Coverage-aware sentiment tilt
2023-10-02,DUK,0.029767064688511174,Coverage-aware sentiment tilt
2023-10-02,EA,0.020440113419911254,Coverage-aware sentiment tilt
2023-10-02,GE,0.01571069471647078,Coverage-aware sentiment tilt
2023-10-02,GILD,0.02495873882109766,Coverage-aware sentiment tilt
2023-10-02,GS,0.012365658449789698,Coverage-aware sentiment tilt
2023-10-02,INTC,0.0109279295605257,Coverage-aware sentiment tilt
2023-10-02,KO,0.04097540599051609,Coverage-aware sentiment tilt
2023-10-02,MMM,0.014014458881983589,Coverage-aware sentiment tilt
2023-10-02,MRK,0.020432254668268278,Coverage-aware sentiment tilt
2023-10-02,MS,0.014596421620106806,Coverage-aware sentiment tilt
2023-10-02,NEE,0.028485089939816497,Coverage-aware sentiment tilt
2023-10-02,NEM,0.014388257781552073,Coverage-aware sentiment tilt
2023-10-02,NKE,0.010529355050652594,Coverage-aware sentiment tilt
2023-10-02,NUE,0.013269804299446523,Coverage-aware sentiment tilt
2023-10-02,NVDA,0.012423729143026736,Coverage-aware sentiment tilt
2023-10-02,O,0.023431136960104782,Coverage-aware sentiment tilt
2023-10-02,OXY,0.015617648193871148,Coverage-aware sentiment tilt
2023-10-02,PLD,0.02909094517886223,Coverage-aware sentiment tilt
2023-10-02,PSA,0.02707681064731205,Coverage-aware sentiment tilt
2023-10-02,QCOM,0.008129021272777133,Coverage-aware sentiment tilt
2023-10-02,SBUX,0.014470637618021674,Coverage-aware sentiment tilt
2023-10-02,SHW,0.01828916454611552,Coverage-aware sentiment tilt
2023-10-02,SLB,0.015342605559745776,Coverage-aware sentiment tilt
2023-10-02,SO,0.034089334996601904,Coverage-aware sentiment tilt
2023-10-02,T,0.022856856161139645,Coverage-aware sentiment tilt
2023-10-02,TMUS,0.03679677083972131,Coverage-aware sentiment tilt
2023-10-02,TTWO,0.01793017529960413,Coverage-aware sentiment tilt
2023-10-02,UPS,0.025559572069733943,Coverage-aware sentiment tilt
2023-10-02,USB,0.012547292431267064,Coverage-aware sentiment tilt
2023-10-02,V,0.030321141374818505,Coverage-aware sentiment tilt
2023-10-02,WFC,0.02262380047080893,Coverage-aware sentiment tilt
2023-10-02,WMT,0.03542683245812824,Coverage-aware sentiment tilt
2023-10-02,XOM,0.021461297755676508,Coverage-aware sentiment tilt
2023-11-01,ABBV,0.03952772858976153,Coverage-aware sentiment tilt
2023-11-01,ABT,0.0347258834450807,Coverage-aware sentiment tilt
2023-11-01,ADBE,0.01952954347166467,Coverage-aware sentiment tilt
2023-11-01,AEP,0.022155356905759697,Coverage-aware sentiment tilt
2023-11-01,AMD,0.013882221735936163,Coverage-aware sentiment tilt
2023-11-01,AMGN,0.03405987861913489,Coverage-aware sentiment tilt
2023-11-01,AMT,0.012210622724533837,Coverage-aware sentiment tilt
2023-11-01,BA,0.007884745610963563,Coverage-aware sentiment tilt
2023-11-01,CAT,0.017884637678903133,Coverage-aware sentiment tilt
2023-11-01,CCI,0.017835051229322232,Coverage-aware sentiment tilt
2023-11-01,CMCSA,0.014360341443139378,Coverage-aware sentiment tilt
2023-11-01,COP,0.01872924326764745,Coverage-aware sentiment tilt
2023-11-01,CVX,0.016051243903038144,Coverage-aware sentiment tilt
2023-11-01,D,0.020531152661059607,Coverage-aware sentiment tilt
2023-11-01,DD,0.012983565155081062,Coverage-aware sentiment tilt
2023-11-01,DIS,0.010662199385527416,Coverage-aware sentiment tilt
2023-11-01,DOW,0.008996732124084084,Coverage-aware sentiment tilt
2023-11-01,DUK,0.027176460861033775,Coverage-aware sentiment tilt
2023-11-01,EA,0.02844345372811697,Coverage-aware sentiment tilt
2023-11-01,GE,0.012446409214789535,Coverage-aware sentiment tilt
2023-11-01,GILD,0.026088524233583793,Coverage-aware sentiment tilt
2023-11-01,GS,0.015480187214238213,Coverage-aware sentiment tilt
2023-11-01,INTC,0.01228303864698221,Coverage-aware sentiment tilt
2023-11-01,KO,0.0371743792227688,Coverage-aware sentiment tilt
2023-11-01,MMM,0.010951552542432805,Coverage-aware sentiment tilt
2023-11-01,MRK,0.027005613364231504,Coverage-aware sentiment tilt
2023-11-01,MS,0.015796816896625064,Coverage-aware sentiment tilt
2023-11-01,NEE,0.02839187796835571,Coverage-aware sentiment tilt
2023-11-01,NEM,0.019883080869178983,Coverage-aware sentiment tilt
2023-11-01,NKE,0.013644019401581345,Coverage-aware sentiment tilt
2023-11-01,NUE,0.009264180745846954,Coverage-aware sentiment tilt
2023-11-01,NVDA,0.01593351510974217,Coverage-aware sentiment tilt
2023-11-01,O,0.031692894460544754,Coverage-aware sentiment tilt
2023-11-01,OXY,0.017006084897667504,Coverage-aware sentiment tilt
2023-11-01,PLD,0.027036171897160517,Coverage-aware sentiment tilt
2023-11-01,PSA,0.01940365581662591,Coverage-aware sentiment tilt
2023-11-01,QCOM,0.007400270203179605,Coverage-aware sentiment tilt
2023-11-01,SBUX,0.01497731087890924,Coverage-aware sentiment tilt
2023-11-01,SHW,0.017755550955500347,Coverage-aware sentiment tilt
2023-11-01,SLB,0.014680383869617286,Coverage-aware sentiment tilt
2023-11-01,SO,0.0364763986148785,Coverage-aware sentiment tilt
2023-11-01,T,0.02008374571020706,Coverage-aware sentiment tilt
2023-11-01,TMUS,0.02823894934891547,Coverage-aware sentiment tilt
2023-11-01,TTWO,0.018724040005244864,Coverage-aware sentiment tilt
2023-11-01,UPS,0.019372281016324672,Coverage-aware sentiment tilt
2023-11-01,USB,0.010293195834341668,Coverage-aware sentiment tilt
2023-11-01,V,0.01761788647810496,Coverage-aware sentiment tilt
2023-11-01,WFC,0.01860509366050259,Coverage-aware sentiment tilt
2023-11-01,WMT,0.04134734269912276,Coverage-aware sentiment tilt
2023-11-01,XOM,0.017315485683006993,Coverage-aware sentiment tilt
2023-12-01,ABBV,0.03342559486454436,Coverage-aware sentiment tilt
2023-12-01,ABT,0.03267523064890663,Coverage-aware sentiment tilt
2023-12-01,ADBE,0.015462577066623634,Coverage-aware sentiment tilt
2023-12-01,AEP,0.030087118691669166,Coverage-aware sentiment tilt
2023-12-01,AMD,0.01987195221195523,Coverage-aware sentiment tilt
2023-12-01,AMGN,0.02444241008904976,Coverage-aware sentiment tilt
2023-12-01,AMT,0.01516020387266712,Coverage-aware sentiment tilt
2023-12-01,BA,0.016601822270040735,Coverage-aware sentiment tilt
2023-12-01,CAT,0.015974635540439028,Coverage-aware sentiment tilt
2023-12-01,CCI,0.01336307961405926,Coverage-aware sentiment tilt
2023-12-01,CMCSA,0.01658970361587074,Coverage-aware sentiment tilt
2023-12-01,COP,0.02019409333327908,Coverage-aware sentiment tilt
2023-12-01,CVX,0.0227346542588232,Coverage-aware sentiment tilt
2023-12-01,D,0.03435277504386376,Coverage-aware sentiment tilt
2023-12-01,DD,0.010691301230933,Coverage-aware sentiment tilt
2023-12-01,DIS,0.013716125077826276,Coverage-aware sentiment tilt
2023-12-01,DOW,0.011930407219828265,Coverage-aware sentiment tilt
2023-12-01,DUK,0.02388430621388444,Coverage-aware sentiment tilt
2023-12-01,EA,0.01919939872822978,Coverage-aware sentiment tilt
2023-12-01,GE,0.013084408721062714,Coverage-aware sentiment tilt
2023-12-01,GILD,0.027767527001357407,Coverage-aware sentiment tilt
2023-12-01,GS,0.010878533765096822,Coverage-aware sentiment tilt
2023-12-01,INTC,0.01894742776423159,Coverage-aware sentiment tilt
2023-12-01,KO,0.02913472944995948,Coverage-aware sentiment tilt
2023-12-01,MMM,0.013124648373113876,Coverage-aware sentiment tilt
2023-12-01,MRK,0.03203824202629923,Coverage-aware sentiment tilt
2023-12-01,MS,0.011641720529876895,Coverage-aware sentiment tilt
2023-12-01,NEE,0.022636278758337625,Coverage-aware sentiment tilt
2023-12-01,NEM,0.03451149781564444,Coverage-aware sentiment tilt
2023-12-01,NKE,0.01363095545152552,Coverage-aware sentiment tilt
2023-12-01,NUE,0.01790099945690199,Coverage-aware sentiment tilt
2023-12-01,NVDA,0.019310440166606636,Coverage-aware sentiment tilt
2023-12-01,O,0.02233028979327978,Coverage-aware sentiment tilt
2023-12-01,OXY,0.01824761341895797,Coverage-aware sentiment tilt
2023-12-01,PLD,0.009679892761191279,Coverage-aware sentiment tilt
2023-12-01,PSA,0.022249947670358153,Coverage-aware sentiment tilt
2023-12-01,QCOM,0.016442098975794073,Coverage-aware sentiment tilt
2023-12-01,SBUX,0.010987179161889342,Coverage-aware sentiment tilt
2023-12-01,SHW,0.017743993057009834,Coverage-aware sentiment tilt
2023-12-01,SLB,0.010741014369995514,Coverage-aware sentiment tilt
2023-12-01,SO,0.025436558526702444,Coverage-aware sentiment tilt
2023-12-01,T,0.032257884149140575,Coverage-aware sentiment tilt
2023-12-01,TMUS,0.024665244039835544,Coverage-aware sentiment tilt
2023-12-01,TTWO,0.01319922646797928,Coverage-aware sentiment tilt
2023-12-01,UPS,0.015153413672836734,Coverage-aware sentiment tilt
2023-12-01,USB,0.006406932327455226,Coverage-aware sentiment tilt
2023-12-01,V,0.02758672344094046,Coverage-aware sentiment tilt
2023-12-01,WFC,0.015300727649184198,Coverage-aware sentiment tilt
2023-12-01,WMT,0.03727808282674888,Coverage-aware sentiment tilt
2023-12-01,XOM,0.01932837881819321,Coverage-aware sentiment tilt
