date,horizon_days,cross_section_size,spearman_ic,high_sentiment_return,low_sentiment_return,high_minus_low_return
2021-01-04,1,46,-0.15917360468701816,-0.019470090765575498,-0.011723585577049223,-0.007746505188526275
2021-01-05,1,46,-0.23219241443108235,0.004879659066596731,0.028825208319007516,-0.023945549252410783
2021-01-06,1,46,-0.11218008017267961,0.007323432791550033,0.011376677723305282,-0.004053244931755249
2021-01-07,1,46,-0.018439716312056736,0.012492296291691518,0.016850430066529136,-0.004358133774837618
2021-01-08,1,46,0.20986740672217083,0.011230514541658455,0.0010197345223578304,0.010210780019300624
2021-01-11,1,46,-0.1288313290163429,-0.0018786037073608153,-0.0005486460207814057,-0.0013299576865794095
2021-01-12,1,46,-0.25254394079555964,-0.0009438635413405838,0.02788857988251915,-0.028832443423859735
2021-01-13,1,46,0.05642923219241443,-0.000429380391057943,-2.5576037611145058e-05,-0.00040380435344679794
2021-01-14,1,46,-0.3222325007708911,-0.004457937043235549,0.008111777724768034,-0.012569714768003584
2021-01-15,1,46,0.09269195189639222,-0.015337430444439526,-0.01965078140722702,0.004313350962787493
2021-01-19,1,45,-0.0380764163372859,0.004551022983610579,0.004303483220146447,0.00024753976346413194
2021-01-20,1,45,0.07233201581027668,0.01097433908204991,0.005697634193319639,0.005276704888730271
2021-01-21,1,46,0.11575701510946655,-0.006725296579360729,-0.011023609346745475,0.0042983127673847455
2021-01-22,1,46,0.00018501387604070305,-0.004606422792169373,-0.003725224037497976,-0.0008811987546713971
2021-01-25,1,45,0.35823451910408427,0.010118016293793485,-0.005838085020030964,0.01595610131382445
2021-01-26,1,45,0.0662714097496706,-0.004049869789624096,-0.009281273664930971,0.005231403875306875
2021-01-27,1,46,-0.04878199198273204,-0.021664315461332607,-0.019062855561518703,-0.0026014598998139044
2021-01-28,1,47,0.05816373728029602,0.011557005038856705,0.01137525594908759,0.00018174908976911416
2021-01-29,1,47,-0.021160962072155412,-0.018666302326215977,-0.02094519077810629,0.002278888451890313
2021-02-01,1,48,-0.24674337820234477,-0.0023222389285020516,0.012233436410822775,-0.014555675339324827
2021-02-02,1,48,0.03234910985670864,0.015431302596650587,0.021437967103625902,-0.006006664506975314
2021-02-03,1,48,-0.0034737299174989146,0.0037046672464512544,0.014868499332492716,-0.01116383208604146
2021-02-04,1,48,-0.017694311767260096,0.0023706471883539804,0.008766440910968244,-0.006395793722614264
2021-02-05,1,48,-0.12624837168910116,0.005561365960866926,0.010805710961371161,-0.005244345000504235
2021-02-08,1,47,-0.22756706753006475,0.006521421715460207,0.011593701027882437,-0.00507227931242223
2021-02-09,1,48,-0.04548415110725141,-0.006506425356465917,-0.00112022889246324,-0.005386196464002678
2021-02-10,1,48,0.027572731220147632,0.0013723684705473694,0.0019217957972722398,-0.0005494273267248704
2021-02-11,1,48,0.15577507598784196,-0.0006177557969823999,-0.005670305676923381,0.005052549879940981
2021-02-12,1,48,0.06491532783326097,0.0024007182817964877,0.0035103556205070183,-0.0011096373387105307
2021-02-16,1,48,-0.24967433782023446,-0.00852117706908928,0.009789237524630234,-0.018310414593719515
2021-02-17,1,48,-0.05536257056013895,-0.0007937574716979312,0.004185163023263562,-0.004978920494961493
2021-02-18,1,48,0.19583152409900131,-0.0012528864502888038,-0.014683838789181336,0.013430952338892532
2021-02-19,1,48,-0.16337386018237082,-0.008242836464461455,0.007234730612283512,-0.015477567076744967
2021-02-22,1,48,-0.037234042553191495,-0.006910391176035147,0.008945239670979686,-0.015855630847014832
2021-02-23,1,48,-0.10301780286582718,-0.00288477478967637,0.0054023321879722586,-0.008287106977648628
2021-02-24,1,49,-0.26112244897959186,0.007023938837255428,0.02444560440163035,-0.01742166556437492
2021-02-25,1,49,0.04285714285714285,-0.010449290225559927,-0.02197227694449476,0.011522986718934832
2021-02-26,1,49,0.019591836734693877,-0.013464884712415703,-0.006163314459009207,-0.007301570253406496
2021-03-01,1,49,-0.21193877551020404,0.01924734535565682,0.02788256326586447,-0.00863521791020765
2021-03-02,1,49,0.010510204081632652,0.0005439030365339658,-0.0008914654039888411,0.0014353684405228068
2021-03-03,1,49,-0.3872448979591836,-0.01904074541968718,0.004856671030853989,-0.023897416450541168
2021-03-04,1,49,-0.07520408163265306,-0.012608264653437218,-0.011853449779844002,-0.0007548148735932163
2021-03-05,1,49,-0.0823469387755102,0.012668958468925007,0.011101487289588461,0.0015674711793365464
2021-03-08,1,49,0.015816326530612244,0.007934337620100563,0.007088732867400897,0.0008456047526996654
2021-03-09,1,49,0.13428571428571426,0.005304459339666434,0.00027437198506342756,0.005030087354603007
2021-03-10,1,49,-0.3547959183673469,0.007621447926271641,0.024097062169759178,-0.016475614243487535
2021-03-11,1,49,-0.1689795918367347,0.00030506310232355507,0.002574587601012146,-0.002269524498688591
2021-03-12,1,49,0.13846938775510204,0.0094478404281229,0.015425984015818493,-0.005978143587695592
2021-03-15,1,49,0.22255102040816324,0.01347259912087001,0.004687499930272263,0.008785099190597747
2021-03-16,1,49,0.07265306122448979,0.0033407063757688316,-0.003412194035870983,0.006752900411639815
2021-03-17,1,49,-0.32153061224489793,-0.006875342747133961,0.00837983277219212,-0.015255175519326081
2021-03-18,1,49,-0.012142857142857141,-0.012496530120784777,-0.021048408028879466,0.008551877908094689
2021-03-19,1,49,-0.017346938775510204,-0.006368234296046016,0.006695704056760528,-0.013063938352806545
2021-03-22,1,49,0.28153061224489795,0.01410936879863316,0.0038212259765679026,0.010288142822065258
2021-03-23,1,49,0.34622448979591836,0.0012929217374890833,-0.013118486942367983,0.014411408679857065
2021-03-24,1,49,-0.2708163265306122,-0.008083934903594658,0.002874094388061632,-0.01095802929165629
2021-03-25,1,49,-0.04612244897959183,0.007341487796983337,0.010606841476674308,-0.0032653536796909714
2021-03-26,1,49,-0.11642857142857142,0.016036976050339557,0.019331765645007652,-0.0032947895946680954
2021-03-29,1,49,0.13948979591836733,0.003631453978363464,0.0020591877089984768,0.001572266269364987
2021-03-30,1,49,-0.2697959183673469,-0.010834396188979124,0.0009219208035147567,-0.01175631699249388
2021-03-31,1,48,0.17661745549283542,0.005312922695645872,-0.0014937449368537,0.0068066676324995724
2021-04-01,1,47,0.022664199814986127,0.014187007959725616,0.01144333716242042,0.002743670797305196
2021-04-05,1,48,0.11343899261832392,0.01089983428857778,-0.0007428078867646058,0.011642642175342386
2021-04-06,1,48,0.13080764220581848,0.0014173404708849868,-0.0010684399192599165,0.0024857803901449033
2021-04-07,1,48,0.1001953973078593,0.0031962915785544222,-0.00012634979812826193,0.003322641376682684
2021-04-08,1,47,0.31880203515263644,0.0038379629836357678,-0.005753867215383586,0.009591830199019354
2021-04-09,1,48,0.06773773339122884,0.0016833400593595615,0.0021396340148794016,-0.0004562939555198401
2021-04-12,1,48,0.12733391228831958,0.003017750033332822,-0.0004958435384224691,0.0035135935717552913
2021-04-13,1,46,0.20542707369719393,0.005299422515583807,0.003478087272710225,0.0018213352428735822
2021-04-14,1,46,-0.3039777983348751,-0.0038032327734558225,0.009565288080680282,-0.013368520854136104
2021-04-15,1,46,0.23564600678384212,0.015896553824017022,0.004334243984702859,0.011562309839314163
2021-04-16,1,45,-0.18010540184453228,-0.00024759153724894663,0.00842587054146995,-0.008673462078718898
2021-04-19,1,45,0.13636363636363635,-0.0031684565193510605,-0.005616063262635911,0.002447606743284851
2021-04-20,1,45,0.1341238471673254,0.005485459750214108,-0.006460996278804056,0.011946456029018164
2021-04-21,1,46,-0.2226950354609929,-0.0006318709580138248,0.017506806790508162,-0.018138677748521986
2021-04-22,1,46,0.24613012642614862,-0.0030358149409670633,-0.010986660949585201,0.007950846008618138
2021-04-23,1,46,-0.09010175763182238,0.002969195574900796,0.007767155030811083,-0.004797959455910288
2021-04-26,1,46,-0.043478260869565216,-0.0031716646162181727,0.0030578006356956683,-0.0062294652519138405
2021-04-27,1,47,-0.22016651248843666,0.0061732275410955936,-1.1122736709815821e-06,0.006174339814766575
2021-04-28,1,47,0.0006938020351526364,0.0024043902841539453,0.0014392193506211164,0.000965170933532829
2021-04-29,1,46,0.025470243601603455,0.009647433625181223,0.006250982232773168,0.003396451392408055
2021-04-30,1,46,0.21862473018809747,0.0010181675685656754,-0.00766958211207363,0.008687749680639305
2021-05-03,1,47,-0.2827243293246994,0.007564753880159969,0.019361183583710306,-0.011796429703550337
2021-05-04,1,48,-0.04320451584889275,0.002470950305016073,-0.0011624906838593432,0.0036334409888754164
2021-05-05,1,49,-0.21285714285714283,-0.001746389505155399,0.010869716695786834,-0.012616106200942234
2021-05-06,1,49,-0.019591836734693877,0.007630401526002251,0.005573787714929803,0.0020566138110724476
2021-05-07,1,49,-0.10979871939081429,0.005697486137662777,0.011319893944983474,-0.0056224078073206975
2021-05-10,1,49,0.07928571428571428,0.0022722201015069944,0.0009690803632111697,0.0013031397382958247
2021-05-11,1,49,0.009387755102040816,-0.009267481029264456,-0.010800834091475512,0.0015333530622110552
2021-05-12,1,49,0.008673469387755102,-0.019713582910269555,-0.016090607963563493,-0.003622974946706062
2021-05-13,1,49,0.30010204081632647,0.016721349078416638,0.003986813338131766,0.012734535740284872
2021-05-14,1,48,-0.26606600086843246,0.01085175195486674,0.020013346622242818,-0.009161594667376078
2021-05-17,1,49,0.10112244897959183,0.0034614226531795357,-0.002116989407880965,0.0055784120610605
2021-05-18,1,49,0.1468367346938775,-0.006173301580627044,-0.0070018731567284866,0.0008285715761014428
2021-05-19,1,49,0.15255102040816323,-0.0058865764499072435,-0.013247802364817977,0.007361225914910734
2021-05-20,1,49,-0.03469387755102041,0.008741176715678345,0.008967456764608651,-0.00022628004893030657
2021-05-21,1,49,-0.03520408163265306,0.0012003863451943598,0.004532242957106475,-0.003331856611912116
2021-05-24,1,47,-0.4310823311748381,-0.0010236792307749764,0.006109158474526668,-0.007132837705301645
2021-05-25,1,48,-0.15686061658706035,-0.008870096065892941,-0.005768351568872861,-0.0031017444970200805
2021-05-26,1,49,-0.029081632653061223,0.002872425531468603,0.0026429956712669244,0.00022942986020167873
2021-05-27,1,49,-0.20316326530612241,-0.0027549874658972183,0.006390831248962028,-0.009145818714859246
2021-05-28,1,49,0.22464858804728405,0.003084536701519469,-0.0008571078405315137,0.0039416445420509824
2021-06-01,1,48,-0.16424229266174553,0.005168562015066547,0.014887722968452914,-0.009719160953386367
2021-06-02,1,48,0.07273122014763353,0.0119269287471781,0.0009349399540298231,0.010991988793148277
2021-06-03,1,47,0.08002081469621206,0.0015274021356364797,0.0016652036455609975,-0.00013780150992451787
2021-06-04,1,47,-0.17888529139685477,0.004534392543628385,0.005126863412643444,-0.000592470869015059
2021-06-07,1,46,0.2948504471168671,-6.240728741279123e-05,-0.0057686190974480306,0.0057062118100352395
2021-06-08,1,46,-0.3670058587727412,-0.007222429135860497,0.00019421272759851456,-0.007416641863459012
2021-06-09,1,46,0.21171754548257787,-0.0014036718956747297,-0.007166740139493872,0.005763068243819142
2021-06-10,1,47,0.21045328399629973,0.004077649531673877,0.003994934881801495,8.271464987238183e-05
2021-06-11,1,47,-0.07978954066529816,-0.00313661378077561,0.00019525279251686456,-0.0033318665732924744
2021-06-14,1,46,0.01757631822386679,-0.0021277905970032984,-0.00607213755248897,0.003944346955485672
2021-06-15,1,46,0.057169287696577246,-0.00011878402835252544,0.00365727093694627,-0.0037760549652987954
2021-06-16,1,46,0.11958063521430773,-0.006233948672959832,-0.010337127479811291,0.004103178806851459
2021-06-17,1,46,0.05729263028060438,-0.004846180510129217,-0.013347848135294093,0.008501667625164876
2021-06-18,1,46,0.22639531298180696,-0.01201604413269305,-0.02195174072523968,0.009935696592546632
2021-06-21,1,46,-0.1522664199814986,0.016685335612768103,0.019834700391501123,-0.0031493647787330208
2021-06-22,1,46,-0.16053037311131668,-0.0014660744179951224,0.004688435860530939,-0.006154510278526062
2021-06-23,1,46,-0.20012334258402711,-0.005798480448337151,-0.00031305437488348005,-0.005485426073453671
2021-06-24,1,46,-0.1567067530064755,0.0038769775260158678,0.006451790523630713,-0.0025748129976148454
2021-06-25,1,45,-0.021739130434782605,0.005987073067047254,0.01941564483650218,-0.013428571769454925
2021-06-28,1,45,0.2985507246376811,0.00039774077193539044,-0.005895932235806385,0.006293673007741776
2021-06-29,1,44,-0.20239605355884424,-0.007127181206824799,0.0015286242243181397,-0.00865580543114294
2021-06-30,1,44,-0.07089499647639182,0.00911570548863959,0.0022717137654261615,0.006843991723213429
2021-07-01,1,44,0.1450317124735729,0.011515458352658596,0.0005692134109419877,0.010946244941716608
2021-07-02,1,44,-0.015081042988019731,0.0038876375189166434,0.003752060302412888,0.00013557721650375547
2021-07-06,1,46,0.1372186247301881,-0.007314519048233737,-0.011420238440502044,0.004105719392268307
2021-07-07,1,46,-0.05260561208757323,-0.005599513482614371,-0.002219826785284984,-0.0033796866973293867
2021-07-08,1,47,0.2268732654949121,-0.004559453023385429,-0.01361948068025519,0.009060027656869762
2021-07-09,1,47,-0.3345282146160962,0.006531686621776112,0.019087775667225623,-0.012556089045449512
2021-07-12,1,46,-0.1925994449583719,0.0010498736168524925,0.007597163611477553,-0.006547289994625061
2021-07-13,1,45,-0.042292490118577074,-0.0029571630983376996,-0.0009886389916643726,-0.001968524106673327
2021-07-14,1,44,0.17477096546863988,-0.0055445176039479425,-0.0029479696705366626,-0.00259654793341128
2021-07-15,1,44,0.04186046511627906,-1.015570598919238e-05,-0.0019741031793221453,0.001963947473332953
2021-07-16,1,44,0.4212825933756166,0.0011016952748378575,-0.019253226397648926,0.020354921672486783
2021-07-19,1,46,0.2484736355226642,-0.013050825704611857,-0.020406188378750387,0.00735536267413853
2021-07-20,1,47,-0.357886216466235,0.004070881753166366,0.014686709610768936,-0.01061582785760257
2021-07-21,1,46,0.001911810052420598,0.0037548944252265627,0.006225506428662363,-0.0024706120034358003
2021-07-22,1,45,-0.21870882740447956,-0.005646257050510226,0.0071404801672039836,-0.01278673721771421
2021-07-23,1,45,0.09696969696969696,0.012740891276973358,0.009241547041433072,0.0034993442355402866
2021-07-26,1,45,-0.03504611330698287,0.005402603484435208,0.0037236213988356168,0.001678982085599591
2021-07-27,1,45,0.023583662714097495,0.00031116506112565604,-0.002304041586999619,0.0026152066481252754
2021-07-28,1,45,0.02081686429512516,0.003994289021711617,0.002333816457082626,0.0016604725646289908
2021-07-29,1,46,0.03940795559666975,0.004561287550355864,0.0041843613072839085,0.00037692624307195544
2021-07-30,1,46,-0.08640148011100832,-0.007439099111606162,-0.005785853593027992,-0.0016532455185781702
2021-08-02,1,46,-0.11119333950046253,-0.003897490833241235,-0.0016957804660966908,-0.0022017103671445443
2021-08-03,1,46,0.0058587727412889295,0.01026182241186031,0.008190848095737632,0.002070974316122678
2021-08-04,1,46,-0.007585568917668825,-0.01023512200325689,-0.007773380129004119,-0.0024617418742527717
2021-08-05,1,47,0.23184551341350604,0.005210254383596324,0.0035311113409195955,0.0016791430426767286
2021-08-06,1,48,0.4527789839339991,0.008730836995454405,-0.0038239507955872337,0.01255478779104164
2021-08-09,1,47,-0.0631378104394968,-0.0023857994714219675,-0.001971349172598311,-0.0004144502988236566
2021-08-10,1,47,0.4693570767807586,0.01746530915020896,-0.004146051902350314,0.021611361052559275
2021-08-11,1,48,0.2549934867564047,0.008997585409712506,0.004585162411017609,0.004412422998694897
2021-08-12,1,48,0.012592270950933565,0.003085519789790758,0.0030738050467828838,1.1714743007874319e-05
2021-08-13,1,48,-0.1265740338688667,0.0005778068900225252,0.005452002893695555,-0.00487419600367303
2021-08-16,1,48,-0.054277029960920535,0.003137890477118077,0.0018391161018487872,0.00129877437526929
2021-08-17,1,48,-0.1849761181068172,-0.00279143388607912,0.0017711494947236413,-0.004562583380802761
2021-08-18,1,48,0.12223187147199306,-0.011388001044665941,-0.01790177439599193,0.006513773351325988
2021-08-19,1,47,0.17622571692876965,0.0014203147052529008,-0.009804924922324468,0.011225239627577368
2021-08-20,1,47,0.30908880666049954,0.006892694593701798,-0.00031871486813826884,0.007211409461840067
2021-08-23,1,46,-0.5764415664508171,-0.001952924359772401,0.022595137719704242,-0.024548062079476643
2021-08-24,1,48,-0.1931176726009553,-0.00023319081382173757,0.005099429133795673,-0.005332619947617411
2021-08-25,1,48,-0.13460703430308293,-0.0013988861858675095,0.0051168559825012965,-0.0065157421683688065
2021-08-26,1,48,0.37114633087277465,-0.0039473272924335666,-0.01017060034300347,0.006223273050569903
2021-08-27,1,47,-0.527867715078631,0.0013477911749377625,0.020789684904153966,-0.019441893729216203
2021-08-30,1,48,0.4773122014763352,0.007858163344282576,-0.00902242155649191,0.016880584900774487
2021-08-31,1,48,0.3537776812852801,0.0024279241100391147,-0.0069289119679219035,0.009356836077961018
2021-09-01,1,46,0.32001233425840275,-0.003666203237938126,-0.0072439668771204285,0.0035777636391823024
2021-09-02,1,46,-0.2869565217391304,0.0034513276918518355,0.015633633063372447,-0.012182305371520612
2021-09-03,1,46,0.04039469626888683,-0.002622718503933663,-0.0033835440733857767,0.0007608255694521136
2021-09-07,1,46,-0.06864014801110083,-0.011821778772647552,-0.008425485780498003,-0.0033962929921495487
2021-09-08,1,46,0.5872957138452051,0.007767691620564965,-0.01306531060474805,0.020833002225313015
2021-09-09,1,46,-0.3227258711069997,-0.01277530499281263,-0.0031578730227846347,-0.009617431970027995
2021-09-10,1,45,-0.2214756258234519,-0.006513588182636106,-0.0026949024941330915,-0.003818685688503014
2021-09-13,1,46,-0.3509713228492137,-0.0015844153609753109,0.009875691181142435,-0.011460106542117746
2021-09-14,1,47,0.3100138760407031,-0.009336398343731012,-0.01563889034300614,0.006302491999275128
2021-09-15,1,48,-0.18465045592705165,0.004630915854850637,0.01612990559936478,-0.011498989744514142
2021-09-16,1,48,0.3791793313069909,-0.002229793718219286,-0.00878183525848486,0.006552041540265574
2021-09-17,1,47,0.260522664199815,-0.009742918787773624,-0.015082757474348804,0.00533983868657518
2021-09-20,1,47,0.08244680851063829,-0.012080998580764002,-0.01749560092805898,0.0054146023472949785
2021-09-21,1,47,0.1352913968547641,-0.0012196291390529801,-0.0019360074130306086,0.0007163782739776285
2021-09-22,1,47,-0.18189176688251618,0.005436977195344195,0.011886473071702442,-0.006449495876358248
2021-09-23,1,47,-0.2209759481961147,0.008984410638102147,0.012811219663792296,-0.0038268090256901484
2021-09-24,1,47,-0.14095744680851063,-0.0013627204026083971,-0.0003385941877507539,-0.0010241262148576432
2021-09-27,1,47,-0.2417900092506938,0.0011293525454883935,0.01134718627462007,-0.010217833729131676
2021-09-28,1,47,-0.08117483811285846,-0.010651139807554767,-0.009704681915643665,-0.0009464578919111018
2021-09-29,1,47,0.20524976873265496,0.005342970085855703,-0.005265660892315209,0.010608630978170911
2021-09-30,1,47,0.13367252543940797,-0.006053786412344353,-0.016429008941255357,0.010375222528911003
2021-10-01,1,48,-0.1742292661745549,0.004815953035580844,0.016333262617121844,-0.011517309581541
2021-10-04,1,48,-0.07468519322622666,-0.007435801837950684,-0.0037365413625960217,-0.0036992604753546625
2021-10-05,1,48,-0.1514329135909683,0.00879281171792432,0.012301668794257918,-0.003508857076333598
2021-10-06,1,48,0.46569691706469823,0.009316929773727223,-0.011437237879434674,0.020754167653161897
2021-10-07,1,48,0.016717325227963525,0.009650791630734734,0.009615753037516087,3.5038593218647204e-05
2021-10-08,1,48,-0.12776812852800695,-0.00388906086200973,0.001322049362539916,-0.005211110224549646
2021-10-11,1,48,0.15078158923143725,-0.010059503118664048,-0.018494408278231123,0.008434905159567074
2021-10-12,1,48,0.1773773339122883,0.0007569662512121322,-0.002321428870001246,0.003078395121213378
2021-10-13,1,48,-0.022796352583586622,0.004556126068124888,0.005038776214092877,-0.00048265014596798883
2021-10-14,1,48,-0.10898827616152842,0.014120711599417168,0.018357400327890645,-0.004236688728473477
2021-10-15,1,47,-0.05955134135060129,0.0034229026878063395,0.005241218524639102,-0.0018183158368327624
2021-10-18,1,46,0.20370027752081404,0.0065502697721487755,0.001511652073165738,0.005038617698983038
2021-10-19,1,46,-0.18828245451742212,0.00839630093299688,0.01310964714238009,-0.004713346209383211
2021-10-20,1,47,0.037927844588344126,0.011327242732029119,0.009093848348552695,0.002233394383476424
2021-10-21,1,48,0.17748588797221013,0.005633775812236663,-0.006744226201589777,0.012378002013826439
2021-10-22,1,48,0.30026052974381245,0.009005840861427061,0.0003987629494160736,0.008607077912010987
2021-10-25,1,48,-0.037234042553191495,0.01026019630104913,0.011195739965920333,-0.0009355436648712037
2021-10-26,1,48,0.061551822423405844,0.008734720659412554,0.002924178771254788,0.005810541888157766
2021-10-27,1,48,0.03354320451584889,-0.0139212088451383,-0.016973392758210193,0.0030521839130718924
2021-10-28,1,48,-0.1279852366478506,0.00545225573793916,0.005228722374323406,0.00022353336361575354
2021-10-29,1,48,0.014112027789839337,-0.004359985345843209,-0.009922569366167113,0.005562584020323904
2021-11-01,1,48,-0.13634389926183238,0.0035409232903391374,0.009730658329148656,-0.006189735038809518
2021-11-02,1,49,-0.17295918367346938,-0.0013347214673035568,0.008279893746260085,-0.009614615213563642
2021-11-03,1,49,-0.1833673469387755,0.002454079741846471,0.01081074194294872,-0.008356662201102249
2021-11-04,1,49,0.02071428571428571,0.002872297185969053,-0.002541242609377714,0.005413539795346767
2021-11-05,1,49,-0.16546340473253288,0.001701692696678092,0.012998419354712834,-0.011296726658034743
2021-11-08,1,49,-0.05035842752729262,-0.0016838683607074746,0.005760685735382342,-0.007444554096089816
2021-11-09,1,49,0.19061224489795917,0.002012504867457665,-0.003868929440987872,0.005881434308445538
2021-11-10,1,49,-0.14887755102040814,-0.012983045257417536,0.002392294964367806,-0.015375340221785341
2021-11-11,1,49,0.05755102040816326,0.004193676749111763,0.0001080142076303408,0.0040856625414814225
2021-11-12,1,49,0.16367346938775507,0.00786726587462976,0.001763515147836508,0.006103750726793251
2021-11-15,1,49,-0.003775510204081632,-0.008665172282427736,-0.0014750426449450485,-0.007190129637482688
2021-11-16,1,49,0.009897959183673467,0.0006699651987211452,0.0018961130205821242,-0.001226147821860979
2021-11-17,1,49,0.019999999999999997,-0.0058152872362979054,-0.013163304848429215,0.007348017612131309
2021-11-18,1,48,0.17726877985236647,-0.004417015727814255,-0.008428153979307011,0.004011138251492756
2021-11-19,1,48,0.1435084672166739,-0.006617527839778137,-0.00707081946322431,0.0004532916234461738
2021-11-22,1,48,-0.22459834997828917,-0.0020174606307564514,0.008959037455690377,-0.010976498086446828
2021-11-23,1,48,0.023990447242726875,0.00868924370515033,0.007556357449555789,0.0011328862555945408
2021-11-24,1,47,0.3825161887141536,0.006765264203115895,-0.00412421156248852,0.010889475765604416
2021-11-26,1,47,0.038737280296022206,-0.019872799963845233,-0.021113786400447736,0.0012409864366025036
2021-11-29,1,47,0.3012257169287697,0.014205906259035728,0.008121645132470823,0.006084261126564905
2021-11-30,1,47,0.24051803885291398,-0.019089489033500173,-0.023083030169614684,0.003993541136114512
2021-12-01,1,47,0.13980111008325624,-0.006544723113319972,-0.01402174365873015,0.007477020545410178
2021-12-02,1,47,0.01156336725254394,0.018062678645305842,0.019640961897064286,-0.0015782832517584437
2021-12-03,1,48,0.030178028658271818,0.004200578865742277,-0.0032019129478250263,0.0074024918135673036
2021-12-06,1,48,0.09867564046895352,0.019145217784945046,0.013053770892303961,0.006091446892641085
2021-12-07,1,49,0.01806122448979592,0.01642128910755918,0.011759432799112056,0.004661856308447123
2021-12-08,1,49,0.031224489795918367,-0.003158907257325083,-0.005959463616000391,0.0028005563586753083
2021-12-09,1,48,-0.03386886669561442,-0.004175098048326298,-0.00513935613059122,0.0009642580822649214
2021-12-10,1,48,0.1801997394702562,0.011020672347458571,0.0026013249754401275,0.008419347372018444
2021-12-13,1,48,0.2523881893182805,0.00502871245374501,-0.007786720933253079,0.01281543338699809
2021-12-14,1,48,-0.34748154580981333,-0.005844559946379358,0.004961797017987306,-0.010806356964366663
2021-12-15,1,48,0.002713851498046027,0.008298591155866031,0.008741521484140029,-0.00044293032827399763
2021-12-16,1,49,-0.0680612244897959,0.01363840835945256,0.014724951249295317,-0.0010865428898427579
2021-12-17,1,49,0.007346938775510204,-0.011120730365264796,-0.009536666986519523,-0.0015840633787452731
2021-12-20,1,49,0.14122448979591834,-0.0071631215165701475,-0.019296055648804482,0.012132934132234334
2021-12-21,1,50,-0.12403361344537814,0.013396071767403784,0.017032023193449198,-0.0036359514260454143
2021-12-22,1,50,-0.10184873949579833,0.006095176585384487,0.009736514796823447,-0.00364133821143896
2021-12-23,1,50,-0.2485954381752701,-0.00038819887397155694,0.005994377371386683,-0.00638257624535824
2021-12-27,1,50,0.03010804321728691,0.01349411356652368,0.00891772344208921,0.004576390124434471
2021-12-28,1,50,-0.04576230492196878,0.0017764165818700771,0.0026334478839395324,-0.0008570313020694552
2021-12-29,1,49,0.016326530612244896,0.0034837203225921098,9.733677395363916e-05,0.0033863835486384708
2021-12-30,1,49,0.09214285714285714,0.0009340667144449255,-0.0025139584886641536,0.003448025203109079
2021-12-31,1,49,0.17795918367346936,0.0016808225550003497,-0.0013029193120910085,0.002983741867091358
2022-01-03,1,49,-0.11214285714285713,0.005001165095487337,0.0032072111535647535,0.0017939539419225834
2022-01-04,1,50,-0.06429771908763504,4.918258718877855e-05,0.001790137481074272,-0.0017409548938854935
2022-01-05,1,50,0.09868184112907116,-0.006867752809224981,-0.008317333848825692,0.0014495810396007109
2022-01-06,1,50,-0.040384153661464584,-0.00966666389803712,-0.0050495042190561775,-0.004617159678980942
2022-01-07,1,49,-0.09306122448979591,-0.000644261709614935,-0.0023095199640330577,0.0016652582544181226
2022-01-10,1,49,-0.02724489795918367,-0.015439602449943957,-0.0065572197050160425,-0.008882382744927916
2022-01-11,1,49,-0.1723469387755102,0.0048271732972942185,0.011793047424583461,-0.006965874127289243
2022-01-12,1,49,0.3081632653061224,0.00563842611087968,-0.00690252786849705,0.01254095397937673
2022-01-13,1,49,-0.033163265306122444,-0.006667260474635417,-0.0040952390275955895,-0.0025720214470398278
2022-01-14,1,49,0.05928571428571428,-0.0035737043550865487,-0.004558051767379247,0.0009843474122926987
2022-01-18,1,50,-0.20470588235294118,-0.012380345656277792,-0.014315466860189141,0.0019351212039113493
2022-01-19,1,50,-0.06468187274909963,-0.003977461599331744,-0.002531860252807161,-0.0014456013465245828
2022-01-20,1,50,0.004561824729891957,-0.012058409975969542,-0.011594113245489302,-0.00046429673048024
2022-01-21,1,50,0.131140456182473,-0.004076271598105285,-0.010424204228989131,0.006347932630883846
2022-01-24,1,50,-0.057382953181272504,0.0009490311105330718,0.0006090140152534285,0.0003400170952796433
2022-01-25,1,50,-0.25118847539015604,-0.011493782029847289,0.007205866898111035,-0.018699648927958324
2022-01-26,1,50,0.19116446578631452,-0.007182150102711049,-0.017229272853766908,0.010047122751055858
2022-01-27,1,50,-0.09426170468187275,-0.008108225041693517,-0.0030538681116699996,-0.005054356930023518
2022-01-28,1,50,0.09589435774309724,0.013975028278253265,0.012617893199035956,0.0013571350792173087
2022-01-31,1,50,-0.12653061224489795,0.009391675706955182,0.01786007424467717,-0.008468398537721989
2022-02-01,1,50,-0.16878751500600236,0.013831313319463578,0.010715256371876425,0.0031160569475871536
2022-02-02,1,50,0.3591356542617047,0.01389427693723153,-0.002016079597505982,0.01591035653473751
2022-02-03,1,50,0.039711884753901555,-0.00877006846856353,-0.013166447612347976,0.004396379143784445
2022-02-04,1,50,0.13891956782713086,-0.0029089613002785675,-0.006929581541766039,0.0040206202414874714
2022-02-07,1,50,0.005426170468187274,0.0022030533857241076,0.005165539696950483,-0.0029624863112263753
2022-02-08,1,50,-0.04825930372148859,-0.0014681658786553364,0.013997414958843046,-0.015465580837498383
2022-02-09,1,50,-0.04825930372148859,0.007616578650316197,0.0069918182296763495,0.0006247604206398479
2022-02-10,1,50,-0.1757983193277311,-0.0270849049132882,-0.01861375096214113,-0.00847115395114707
2022-02-11,1,50,0.06333733493397359,-0.01703830865935101,-0.006539098301614321,-0.01049921035773669
2022-02-14,1,50,-0.00773109243697479,-0.0030139480482603287,-0.004131005461808457,0.0011170574135481283
2022-02-15,1,50,-0.28124849939975993,0.002046514337581862,0.014049366881231895,-0.012002852543650033
2022-02-16,1,50,-0.1185594237695078,-0.002623363488238728,0.0006035924384054203,-0.0032269559266441487
2022-02-17,1,50,0.24168067226890755,-0.011326247893701458,-0.018870708055050735,0.007544460161349277
2022-02-18,1,50,0.06669867947178872,-0.0019244849638373918,-0.0064587958325012075,0.004534310868663816
2022-02-22,1,50,0.5101080432172869,0.0025364484903074302,-0.016335159112359054,0.018871607602666485
2022-02-23,1,50,-0.12432172869147658,-0.015504348722857986,-0.01360983906973937,-0.0018945096531186156
2022-02-24,1,50,0.18674669867947177,0.01670165140335176,-0.003805440341768429,0.02050709174512019
2022-02-25,1,50,0.16139255702280914,0.028958610948064754,0.02258819617163952,0.0063704147764252345
2022-02-28,1,50,0.07956782713085234,-0.002599906210327618,-0.008668147774106105,0.006068241563778487
2022-03-01,1,50,0.31831932773109245,-0.007516697800355143,-0.027502655089364236,0.019985957289009093
2022-03-02,1,50,-0.22103241296518605,0.01923883234321968,0.027998245551823064,-0.008759413208603385
2022-03-03,1,50,0.15630252100840333,0.003775337430229542,-0.005335843683846509,0.00911118111407605
2022-03-04,1,50,0.2215126050420168,0.0235965791202693,-0.005608443217926551,0.02920502233819585
2022-03-07,1,50,0.21507803121248498,-0.006703505442588231,-0.0342042310721309,0.027500725629542668
2022-03-08,1,50,-0.3608643457382953,-0.012760952901429567,0.002996029731807104,-0.01575698263323667
2022-03-09,1,50,-0.028283313325330132,0.022446174587298407,0.01959250815361936,0.0028536664336790488
2022-03-10,1,50,0.09157262905162064,0.00042517690193325517,-0.003124772347964233,0.0035499492498974883
2022-03-11,1,50,0.08331332533013207,-0.007765563750340365,-0.010928745349441205,0.0031631815991008403
2022-03-14,1,50,0.012244897959183673,-0.012980455900900367,-0.01579358434163386,0.002813128440733493
2022-03-15,1,50,0.08955582232893158,0.01868600981006725,0.006135536110176953,0.012550473699890296
2022-03-16,1,50,-0.028763505402160862,0.018578878766824868,0.02473387915207844,-0.006155000385253573
2022-03-17,1,50,-0.11039615846338535,0.014058392241279893,0.017448791365180717,-0.003390399123900824
2022-03-18,1,50,-0.05853541416566627,0.004032694250175872,0.006636744408254247,-0.002604050158078375
2022-03-21,1,50,0.1185594237695078,0.014677193197509365,0.0062692583747597005,0.008407934822749664
2022-03-22,1,50,-0.16897959183673472,0.0015389420591188862,0.00832213623729473,-0.006783194178175843
2022-03-23,1,50,0.166578631452581,-0.006081270346227996,-0.006624562724901995,0.0005432923786739992
2022-03-24,1,50,0.11202881152460985,0.011731612382629052,0.005012162690761779,0.006719449691867273
2022-03-25,1,50,0.2113325330132053,0.012494181560099593,0.004917698536440807,0.007576483023658787
2022-03-28,1,50,0.022328931572629048,-0.0032551673845730433,0.0021595692616765416,-0.005414736646249585
2022-03-29,1,50,-0.1140456182472989,0.007767950751002084,0.01837841047296762,-0.010610459721965537
2022-03-30,1,50,-0.05334933973589436,-0.003966888315270733,-0.004288687716863049,0.00032179940159231604
2022-03-31,1,50,0.010708283313325332,-0.012008594195151656,-0.013056122261654035,0.001047528066502379
2022-04-01,1,50,0.16120048019207683,0.010978575117870948,0.0013924049217037382,0.00958617019616721
2022-04-04,1,50,-0.1793517406962785,-0.003536633623573815,0.0053893685502937275,-0.008926002173867542
2022-04-05,1,50,0.17810324129651858,-0.005925414471555557,-0.0177362632788036,0.011810848807248043
2022-04-06,1,50,0.0385594237695078,0.002598928082111052,-0.0012541251464578851,0.0038530532285689367
2022-04-07,1,50,-0.06304921968787515,0.0005193426749954599,-0.002101621873086956,0.002620964548082416
2022-04-08,1,50,-0.09387755102040815,0.0070462989903736116,0.00308056441422655,0.003965734576147062
2022-04-11,1,50,-0.2582953181272509,-0.02107537004313559,-0.004934699573990642,-0.016140670469144948
2022-04-12,1,50,0.04336134453781513,0.0029461598686213895,-0.0006040985343813588,0.003550258403002748
2022-04-13,1,50,-0.21575030012004803,0.0041438241499177075,0.011103831843637413,-0.006960007693719706
2022-04-14,1,50,0.0007202881152460984,0.0025472847482307603,-0.0023035344411028056,0.0048508191893335655
2022-04-18,1,50,0.19951980792316923,0.005065970212217563,-0.0025162705660222496,0.007582240778239813
2022-04-19,1,50,-0.3598079231692677,0.004440198238443027,0.02169746817986009,-0.01725726994141706
2022-04-20,1,50,0.1890516206482593,0.007299794570183649,-0.0009295150302225941,0.008229309600406243
2022-04-21,1,50,-0.06842737094837935,-0.009984452763249363,-0.00999285242701159,8.399663762226686e-06
2022-04-22,1,50,0.03884753901560624,-0.029647079951567835,-0.015413462328252192,-0.014233617623315643
2022-04-25,1,50,-0.1398799519807923,-0.012011499981528928,-0.002963943595505536,-0.009047556386023392
2022-04-26,1,50,0.3633613445378151,-0.008985645338483695,-0.03031971180094787,0.021334066462464177
2022-04-27,1,50,0.2753007275878175,0.0035738119378986412,-0.005391997424221462,0.008965809362120103
2022-04-28,1,50,0.16350540216086432,0.01910312149577085,0.009071592477952972,0.010031529017817876
2022-04-29,1,50,-0.008019400228007241,-0.03318634493917547,-0.03409484643835896,0.0009085014991834853
2022-05-02,1,50,-0.15361344537815122,0.002678716511912571,0.004359689398028744,-0.0016809728861161724
2022-05-03,1,50,0.17743097238895558,0.007870201939697308,0.006441048472691058,0.0014291534670062504
2022-05-04,1,50,-0.06036014405762304,0.026759040339303077,0.030583485432354653,-0.003824445093051576
2022-05-05,1,50,0.3209123649459784,-0.011269609520282909,-0.02814645081879913,0.016876841298516222
2022-05-06,1,50,0.49368547418967584,0.01413592352115004,-0.013344006918465889,0.027479930439615927
2022-05-09,1,50,0.014069627851140454,-0.0348993129119569,-0.03230072138603642,-0.002598591525920478
2022-05-10,1,50,0.15860744297719087,-0.0013814820748218493,-0.0017314994752318901,0.00035001740041004084
2022-05-11,1,50,0.3076590636254502,0.004077394370239185,-0.006757576302049128,0.010834970672288313
2022-05-12,1,50,0.02578631452581032,-0.0037901312209242754,0.003523304517623382,-0.007313435738547657
2022-05-13,1,50,-0.11750300120048018,0.019527678462803788,0.014547449342104146,0.004980229120699642
2022-05-16,1,50,0.4064825930372149,0.009211490471106398,-0.0037420692497861286,0.012953559720892526
2022-05-17,1,50,-0.09512605042016806,0.017421357634055466,0.0293783370508234,-0.011956979416767932
2022-05-18,1,50,0.13229291716686675,-0.02553128865851616,-0.032258190239650084,0.006726901581133923
2022-05-19,1,50,-0.2107563025210084,-0.004489193915406919,-0.0020556588571393085,-0.002433535058267611
2022-05-20,1,50,0.15879951980792315,0.005067135174531967,-0.00580017066906513,0.010867305843597097
2022-05-23,1,50,0.008211284513805522,0.02038669721500904,0.022654542219299866,-0.0022678450042908256
2022-05-24,1,50,0.23054021608643455,0.0022292026294211675,-0.009243843577741972,0.01147304620716314
2022-05-25,1,50,0.11106842737094838,0.011674336447157263,0.004238240164262741,0.007436096282894522
2022-05-26,1,50,-0.19241296518607443,0.014122117176994598,0.017636942836568914,-0.0035148256595743162
2022-05-27,1,50,-0.0025450180072028807,0.020256378495020468,0.019840825571086594,0.00041555292393387344
2022-05-31,1,50,-0.39476590636254505,-0.013454125047707887,-0.0005583841081323038,-0.012895740939575583
2022-06-01,1,50,0.3328211284513805,0.0006331049712241188,-0.011238542210643743,0.011871647181867862
2022-06-02,1,50,-0.1307563025210084,0.012179679013930734,0.02260499234172606,-0.010425313327795328
2022-06-03,1,50,0.1567827130852341,-0.0019709264374193403,-0.01007634956881499,0.00810542313139565
2022-06-06,1,50,0.045474189675870344,0.0021632130508182357,-0.0003311085233386857,0.0024943215741569215
2022-06-07,1,50,0.09887154861944776,0.01284529916067414,0.010600616587008949,0.0022446825736651913
2022-06-08,1,50,-0.09848739495798318,-0.01558834511171947,-0.011896214811880346,-0.003692130299839124
2022-06-09,1,50,-0.037406962785114045,-0.02781499982026233,-0.024884022208635215,-0.002930977611627115
2022-06-10,1,50,0.272797118847539,-0.021102149040141027,-0.03984973311513544,0.018747584074994415
2022-06-13,1,50,-0.10559423769507804,-0.03767372905237405,-0.03623026987989456,-0.0014434591724794901
2022-06-14,1,49,0.03204081632653061,-0.007898042995725907,-0.01114451037090024,0.003246467375174332
2022-06-15,1,50,0.0022569027611044415,0.0065534534027096416,0.011240781750714801,-0.0046873283480051596
2022-06-16,1,50,0.02348139255702281,-0.02961732845463595,-0.03729362248520379,0.007676294030567844
2022-06-17,1,50,-0.2791356542617046,-0.008105591856225969,0.005070992331528723,-0.013176584187754692
2022-06-21,1,50,0.16533013205282113,0.02137578931765033,0.008794554393264199,0.01258123492438613
2022-06-22,1,50,0.04364945978391356,-0.012194474518121234,-0.007341326684772919,-0.004853147833348314
2022-06-23,1,50,-0.002929171668667467,-0.0007813508361327326,0.008407594735003198,-0.00918894557113593
2022-06-24,1,50,-0.25704681872749097,0.025081944205705996,0.03700331438209496,-0.011921370176388967
2022-06-27,1,50,0.39294117647058824,0.0021888198604558483,-0.009570344126897478,0.011759163987353327
2022-06-28,1,50,0.23111644657863145,-0.008969068323917029,-0.015340345942001843,0.006371277618084814
2022-06-29,1,50,-0.123937575030012,-0.004006536703983599,-0.0026466921112098364,-0.0013598445927737622
2022-06-30,1,50,0.20192076830732295,0.002437341450370378,-0.00805478861942871,0.010492130069799089
2022-07-01,1,50,0.2586794717887155,0.01692522192732787,0.0054925720014253,0.011432649925902571
2022-07-05,1,50,-0.20144057623049216,-0.006538325944906576,-0.007627154153073934,0.0010888282081673584
2022-07-06,1,50,0.013253619538502985,0.0024444122344801423,0.002011151904540731,0.0004332603299394113
2022-07-07,1,50,-0.10021608643457382,0.008915487910413555,0.012334999709827021,-0.003419511799413466
2022-07-08,1,50,-0.07457382953181273,-0.0045230622659979906,-0.004762726202387768,0.00023966393638977755
2022-07-11,1,50,0.24292917166866745,-0.0022295661114685172,-0.011014719861399869,0.008785153749931352
2022-07-12,1,50,-0.1512124849939976,-0.003324886119377335,-0.001404990449830612,-0.0019198956695467228
2022-07-13,1,50,0.1320048019207683,-0.0023740767233688008,-0.004591923117481444,0.0022178463941126434
2022-07-14,1,50,0.10357743097238895,-0.0050782609945648205,-0.01604696487381104,0.01096870387924622
2022-07-15,1,50,-0.16148859543817526,0.011681933232637031,0.026128164851951175,-0.014446231619314144
2022-07-18,1,50,-0.0760144057623049,-0.010050677522736317,-0.001578733091315665,-0.008471944431420651
2022-07-19,1,50,-0.1773349339735894,0.01568668864010181,0.033704738490128935,-0.018018049850027126
2022-07-20,1,50,0.02665066026410564,0.005408878772340498,0.001131130913246181,0.004277747859094317
2022-07-21,1,50,-0.17128451380552218,0.009157407822778685,0.006109991394886116,0.0030474164278925684
2022-07-22,1,50,0.07975990396158462,-0.00785197837673014,-0.006918759008720998,-0.0009332193680091413
2022-07-25,1,50,0.29926288755054564,0.012103161261618579,0.004701207343979741,0.0074019539176388375
2022-07-26,1,50,-0.055078031212484994,-0.00966274678303819,-0.006140507236990967,-0.003522239546047223
2022-07-27,1,50,0.09051620648259305,0.014568293625206752,0.00030720509602154554,0.014261088529185206
2022-07-28,1,50,0.13066026410564224,0.016388673232263506,0.01457710830037987,0.0018115649318836361
2022-07-29,1,50,0.22295318127250902,0.026657209044521957,0.008723298521806677,0.017933910522715278
2022-08-01,1,50,-0.11385354141656662,-0.00702013205701304,-0.0021381311741776156,-0.004882000882835425
2022-08-02,1,50,0.13248499399759903,-0.010438989114808728,-0.006422750217165751,-0.0040162388976429765
2022-08-03,1,50,-0.24667466986794717,-0.013412786045407365,0.006916744783793105,-0.02032953082920047
2022-08-04,1,50,-0.1795438175270108,-0.01601424724788323,0.0034165720463066873,-0.019430819294189917
2022-08-05,1,50,0.2113325330132053,0.01030613298406422,0.0012477773443220874,0.009058355639742133
2022-08-08,1,50,-0.24043217286914764,-0.0008550201453121353,0.003085293145015988,-0.0039403132903281235
2022-08-09,1,50,0.32494597839135647,0.007932781086078899,0.0002925910168585566,0.007640190069220343
2022-08-10,1,50,-0.28230492196878754,0.007981011903206815,0.017082662874427036,-0.009101650971220222
2022-08-11,1,49,-0.01857142857142857,0.010647766996578623,0.005476844812634317,0.005170922183944306
2022-08-12,1,49,-0.22632653061224486,0.01209776211431568,0.015309405120708157,-0.003211643006392477
2022-08-15,1,49,-0.15193877551020407,-0.004880917327432977,0.0027726241491721083,-0.007653541476605085
2022-08-16,1,49,-0.2253061224489796,-0.0029082849970650916,0.006954996169883499,-0.009863281166948592
2022-08-17,1,49,0.33153061224489794,-0.0012578935489726772,-0.008210677438674393,0.006952783889701716
2022-08-18,1,49,0.25546570073875796,0.010058668195036324,-0.004382769334036486,0.01444143752907281
2022-08-19,1,49,0.2160204081632653,-0.0004975494205825215,-0.008510053806519468,0.008012504385936946
2022-08-22,1,49,0.2180612244897959,-0.011435642603157947,-0.01839339874774974,0.006957756144591792
2022-08-23,1,49,0.10836734693877549,0.007537111078413006,-0.007365028157897635,0.014902139236310641
2022-08-24,1,49,0.14265306122448979,0.0040497674947128194,0.0008251292135445695,0.00322463828116825
2022-08-25,1,49,-0.2807142857142857,0.007757264641232475,0.013378675843132879,-0.005621411201900404
2022-08-26,1,49,0.1510204081632653,-0.022671216444348254,-0.0177592577267104,-0.004911958717637853
2022-08-29,1,49,0.37030612244897954,0.0005360502904174225,-0.011059819673155268,0.01159586996357269
2022-08-30,1,49,-0.14285714285714282,-0.015544867385492146,-0.010607058206050901,-0.0049378091794412445
2022-08-31,1,49,-0.021122448979591837,-0.00631893176945626,-0.003948692166643187,-0.0023702396028130726
2022-09-01,1,49,-0.11612244897959183,0.0009006107924922846,-0.0011703947694033687,0.002071005561895653
2022-09-02,1,49,0.2187755102040816,-0.009741305483536633,-0.01645875163968967,0.006717446156153037
2022-09-06,1,49,0.161734693877551,-9.232822584642753e-05,-0.005835808791740911,0.005743480565894484
2022-09-07,1,49,0.043877551020408155,0.01825102539625597,0.018246782175590504,4.243220665466063e-06
2022-09-08,1,49,-0.2797959183673469,0.0012138615561153143,0.013116909225835539,-0.011903047669720225
2022-09-09,1,49,-0.12397959183673468,0.007045068783547814,0.0146005293970525,-0.007555460613504685
2022-09-12,1,49,0.03775510204081633,0.0122131863625911,0.01143931315126898,0.0007738732113221208
2022-09-13,1,49,0.10612244897959182,-0.031602954305487076,-0.03929651099342754,0.007693556687940466
2022-09-14,1,49,-0.0029591836734693872,0.010160473680587413,0.010801703539817045,-0.000641229859229632
2022-09-15,1,49,-0.47367346938775506,-0.02293666431822754,-0.00015360823192757235,-0.022783056086299967
2022-09-16,1,49,0.07877551020408162,-0.004233234513644513,-0.00783001954342228,0.003596785029777767
2022-09-19,1,49,-0.22979591836734692,0.004693548889162236,0.01014145095302088,-0.005447902063858645
2022-09-20,1,49,0.273469387755102,-0.014476053094084418,-0.02084633061626468,0.006370277522180263
2022-09-21,1,49,0.13020408163265304,-0.016077647295987395,-0.016816832838062273,0.0007391855420748779
2022-09-22,1,49,0.2860204081632653,-0.005630622346159575,-0.019548621916727113,0.013917999570567538
2022-09-23,1,49,0.033265306122448976,-0.023263551052890262,-0.020042486218701267,-0.003221064834188995
2022-09-26,1,49,-0.20295918367346938,-0.020761103502704527,-0.012868752015304685,-0.007892351487399842
2022-09-27,1,49,-0.2765306122448979,-0.011285190520555021,-0.0001730876165044378,-0.011112102904050583
2022-09-28,1,49,-0.19704081632653062,0.01589430611810163,0.02548355403106571,-0.009589247912964081
2022-09-29,1,49,-0.07346938775510203,-0.02416022187629626,-0.018808638458815048,-0.005351583417481213
2022-09-30,1,49,-0.013469387755102041,-0.0092033683540662,-0.006824309401588908,-0.0023790589524772922
2022-10-03,1,49,0.047448979591836735,0.02820254352857754,0.027751703259994764,0.00045084026858277504
2022-10-04,1,49,-0.3776530612244897,0.019161765943493413,0.03806819523624262,-0.01890642929274921
2022-10-05,1,49,-0.2187755102040816,-0.010179404915039192,-0.002668184732234316,-0.007511220182804876
2022-10-06,1,49,-0.28357142857142853,-0.018076708825258414,-0.00876946135951505,-0.009307247465743363
2022-10-07,1,49,0.2363265306122449,-0.015193217572908136,-0.020886135741638494,0.005692918168730358
2022-10-10,1,49,-0.036326530612244896,-0.005486661949215132,-0.005425565803817466,-6.10961453976662e-05
2022-10-11,1,49,0.009897959183673467,-0.008340860369677804,0.00023498013957067176,-0.008575840509248476
2022-10-12,1,49,-0.20867346938775508,-0.014450633658859003,0.0029801544234976263,-0.01743078808235663
2022-10-13,1,49,0.0979591836734694,0.03053064838829913,0.0324981500572065,-0.0019675016689073704
2022-10-14,1,49,0.06326530612244897,-0.021837027801516973,-0.023690673498357642,0.0018536456968406695
2022-10-17,1,49,-0.012653061224489795,0.016898991819120423,0.021898849028219133,-0.0049998572090987105
2022-10-18,1,49,0.04377551020408163,0.01063230299159439,0.011548147442661305,-0.0009158444510669154
2022-10-19,1,49,0.019387755102040813,-0.007166110798844594,-0.007456644391488816,0.0002905335926442227
2022-10-20,1,49,-0.01357142857142857,-0.007568006000030336,-0.0042257627293260285,-0.003342243270704308
2022-10-21,1,49,-0.21948979591836734,0.01755855538420581,0.024332643363084064,-0.006774087978878254
2022-10-24,1,49,-0.07683673469387756,0.001445926882528481,0.009279804178939945,-0.007833877296411464
2022-10-25,1,49,0.02887755102040816,0.01249393253866179,0.018129124151532512,-0.005635191612870722
2022-10-26,1,49,0.08326530612244896,0.012047597376749309,0.005089784022268389,0.00695781335448092
2022-10-27,1,49,0.09806122448979591,-0.0026475765894877767,-0.006526928907970131,0.003879352318482354
2022-10-28,1,49,-0.18244897959183673,0.013845008076312237,0.03678078067682947,-0.022935772600517237
2022-10-31,1,49,0.0710204081632653,-0.004800012903588269,-0.012157926022553908,0.007357913118965639
2022-11-01,1,49,-0.05581632653061224,0.0036570136910769714,0.0014398740674270345,0.002217139623649937
2022-11-02,1,49,0.1430612244897959,-0.018486295734811052,-0.02661355924410564,0.008127263509294588
2022-11-03,1,49,0.14561224489795918,0.005728858751106058,-0.01281953440802941,0.01854839315913547
2022-11-04,1,49,-0.2658163265306122,0.007937253533044386,0.03848945581790797,-0.030552202284863585
2022-11-07,1,49,-0.14826530612244895,0.0023673766229592276,0.01126407565535671,-0.008896699032397481
2022-11-08,1,49,-0.027959183673469383,0.012385319641784753,0.016838741782374187,-0.0044534221405894345
2022-11-09,1,49,0.1283673469387755,-0.01156784451437375,-0.02138907855052663,0.009821234036152881
2022-11-10,1,49,0.03387755102040816,0.049709928072750875,0.05336731376755008,-0.0036573856947992034
2022-11-11,1,49,-0.019591836734693877,0.009082372902565018,0.015992444670491768,-0.00691007176792675
2022-11-14,1,49,0.08622448979591836,-0.011116873684268825,-0.008382362881193983,-0.0027345108030748418
2022-11-15,1,49,0.05122448979591836,0.00687303806487799,0.009518726573776294,-0.002645688508898304
2022-11-16,1,49,0.005714285714285713,-0.003183252847845097,-0.013102218283752996,0.009918965435907898
2022-11-17,1,49,-0.022959183673469385,-0.006433732835173312,0.0006341331821555249,-0.007067866017328837
2022-11-18,1,49,0.22724489795918365,0.012440601728349399,0.003400247072081802,0.009040354656267596
2022-11-21,1,49,0.3044897959183673,0.008136025432492922,-0.0023978770011024875,0.010533902433595409
2022-11-22,1,49,-0.07592030411409464,0.01332774310533218,0.01313501272013098,0.0001927303852011994
2022-11-23,1,49,-0.22255102040816324,-0.0026898745768756394,0.00789643333800569,-0.01058630791488133
2022-11-25,1,49,0.0006122448979591836,0.0010929411890711282,0.00028264531347326697,0.0008102958755978612
2022-11-28,1,49,0.09163265306122448,-0.01659273713699243,-0.021035258543837403,0.004442521406844972
2022-11-29,1,49,0.21153061224489794,0.0019923074838410935,0.0010263164093346428,0.0009659910745064507
2022-11-30,1,49,-0.023163265306122446,0.02072991165559588,0.03009479982569394,-0.009364888170098059
2022-12-01,1,49,-0.2953061224489796,-0.00416423109598808,0.0007283969792513605,-0.004892628075239441
2022-12-02,1,49,-0.10326530612244897,0.0011988596211382485,0.00013194011579445133,0.0010669195053437971
2022-12-05,1,49,0.015510204081632652,-0.018441479093392964,-0.01479323712390611,-0.0036482419694868536
2022-12-06,1,49,0.20387755102040817,-0.00017161608031895925,-0.011415498905234904,0.011243882824915945
2022-12-07,1,49,0.1683673469387755,-0.0013289356864378266,-0.0002861598559665464,-0.0010427758304712802
2022-12-08,1,49,0.11214285714285713,0.009392424314035109,0.00959747137088328,-0.00020504705684817187
2022-12-09,1,49,-0.22612244897959183,-0.011005462761203021,-0.0089153644166855,-0.0020900983445175207
2022-12-12,1,49,-0.02357142857142857,0.01296012842858445,0.013076675199622079,-0.0001165467710376282
2022-12-13,1,49,-0.07265306122448979,0.010343970389809842,0.006514136333599257,0.0038298340562105846
2022-12-14,1,49,0.12295918367346936,-0.009489141956856118,-0.010358621831181648,0.0008694798743255298
2022-12-15,1,49,0.4172448979591837,-0.019816197278956484,-0.026226047167228515,0.006409849888272031
2022-12-16,1,49,-0.09285714285714285,-0.014611712799756505,-0.00987229285668545,-0.004739419943071055
2022-12-19,1,49,0.2889795918367347,-0.002310296295002889,-0.009333836782278233,0.007023540487275344
2022-12-20,1,49,-0.043979591836734694,-0.00015392854992117843,0.0041825190258676865,-0.004336447575788865
2022-12-21,1,49,-0.23265306122448978,0.012738793696865657,0.019350946852186857,-0.006612153155321199
2022-12-22,1,48,0.0814155449413808,-0.014610042539189062,-0.016769697382631035,0.002159654843441973
2022-12-23,1,48,0.5194311767260096,0.011962556048720008,-0.0006419345080275813,0.01260449055674759
2022-12-27,1,48,0.39253148067737736,0.004548904367063966,-0.004269710226697137,0.008818614593761103
2022-12-28,1,48,-0.09693877551020409,-0.014048401791707276,-0.01150220908432119,-0.0025461927073860864
2022-12-29,1,48,-0.18302214502822406,0.008670473072818407,0.014616478323533015,-0.005946005250714608
2022-12-30,1,48,-0.2778983933999132,-0.0033351434486584954,0.0030307922056331937,-0.006365935654291689
2023-01-03,1,47,0.009250693802035153,-0.003394601480595172,0.001749451335036419,-0.0051440528156315906
2023-01-04,1,47,-0.219472710453284,0.01299014867792656,0.016342251382786124,-0.003352102704859564
2023-01-05,1,47,-0.09470397779833489,-0.013589149232121123,-0.0011789722118834556,-0.012410177020237667
2023-01-06,1,47,-0.025439407955596672,0.023428061767992725,0.018015658061090487,0.005412403706902238
2023-01-09,1,47,0.12257169287696579,0.005642369577908713,-0.00413773220501316,0.009780101782921873
2023-01-10,1,47,-0.19380203515263647,0.0012481707850173108,0.007365242508624236,-0.006117071723606925
2023-01-11,1,48,-0.1886669561441598,0.01057402755298068,0.010341894030233618,0.0002321335227470616
2023-01-12,1,48,-0.014763352149370385,0.007768005736424122,0.005357406984951142,0.00241059875147298
2023-01-13,1,48,-0.0006513243595310464,5.9474193499697846e-05,-0.0014528266825790423,0.0015123008760787402
2023-01-17,1,48,0.07446808510638299,-0.006119743401294064,-0.013626812588198188,0.007507069186904124
2023-01-18,1,48,0.04830655666521928,-0.01595502990803569,-0.015846596903103662,-0.00010843300493202854
2023-01-19,1,48,0.3099218410768563,-0.00027250861081613565,-0.01009151106436934,0.009819002453553206
2023-01-20,1,49,-0.013775510204081633,0.010957495016777697,0.015112855137347083,-0.004155360120569386
2023-01-23,1,49,-0.23653061224489794,0.0012416514319433692,0.013248466202426985,-0.012006814770483615
2023-01-24,1,49,0.1020408163265306,-0.000930274677186127,-0.00848016525516335,0.0075498905779772234
2023-01-25,1,49,0.13744897959183672,-0.001158157996593545,0.005349734189711606,-0.006507892186305151
2023-01-26,1,49,0.05989795918367346,0.011690429279947423,0.005037809341341089,0.006652619938606334
2023-01-27,1,49,-0.21285714285714283,-0.00011897891791158299,-0.0009537399196381956,0.0008347610017266126
2023-01-30,1,49,-0.11551020408163264,-0.008292628169059013,-0.005576435802766048,-0.002716192366292965
2023-01-31,1,49,-0.23102040816326527,0.011392348570733157,0.017953435534129487,-0.00656108696339633
2023-02-01,1,49,-0.23867346938775508,0.0006372224442804941,0.006942067672704715,-0.006304845228424221
2023-02-02,1,49,-0.22459183673469385,-0.002444068781101305,0.0015916651290868783,-0.004035733910188183
2023-02-03,1,49,0.07632653061224488,-0.012707890705148838,-0.010848003699889216,-0.001859887005259622
2023-02-06,1,49,0.12306122448979592,-0.008242981180482967,-0.004382899644929649,-0.0038600815355533183
2023-02-07,1,49,-0.21999999999999997,-0.0009616005254546311,0.014960940207922343,-0.015922540733376976
2023-02-08,1,49,0.19193877551020405,-0.009084631400578358,-0.014666992067599619,0.005582360667021261
2023-02-09,1,49,-0.05448979591836734,-0.013916377906989264,-0.01133599136840698,-0.0025803865385822834
2023-02-10,1,49,0.18918367346938775,0.01400544008552107,0.002432953650857519,0.011572486434663552
2023-02-13,1,49,-0.06306122448979591,0.006349893307653387,0.008402338885724614,-0.002052445578071227
2023-02-14,1,49,-0.05622448979591836,-0.0013776923778342943,-0.004497260853964378,0.003119568476130084
2023-02-15,1,49,-0.09847189982540501,0.0018740486672864432,0.0007754828134021915,0.0010985658538842516
2023-02-16,1,49,0.11714285714285713,-0.010813833631021962,-0.015130152466094456,0.004316318835072493
2023-02-17,1,49,0.038979591836734696,-0.002274500006225777,-0.0017927901997277537,-0.0004817098064980232
2023-02-21,1,49,0.03224489795918367,-0.015653149692112713,-0.013426690720361685,-0.0022264589717510275
2023-02-22,1,49,0.08755102040816326,-0.0022973608357973684,-0.004167799050739841,0.0018704382149424725
2023-02-23,1,49,0.11489795918367346,0.00464612776949086,-0.002223876782399942,0.006870004551890802
2023-02-24,1,49,-0.010816326530612244,-0.007438893767606381,-0.0020126445254181613,-0.005426249242188219
2023-02-27,1,49,-0.07857142857142856,-0.0014597328989176428,0.0010557485540433837,-0.0025154814529610263
2023-02-28,1,49,-0.1123469387755102,-0.0027744588084463785,-0.004610980273786012,0.0018365214653396334
2023-03-01,1,49,-0.2278571428571428,-0.006701915239177292,0.002288822917393111,-0.008990738156570402
2023-03-02,1,49,0.2562244897959184,0.016520986609723187,0.011543414730991457,0.00497757187873173
2023-03-03,1,49,0.10489795918367345,0.013876969102738368,0.013181225004603614,0.0006957440981347537
2023-03-06,1,49,0.38653061224489793,0.0042069881518903675,-0.007293329648509323,0.01150031780039969
2023-03-07,1,49,0.2741836734693877,-0.011257573800494126,-0.017555960286465926,0.0062983864859718006
2023-03-08,1,49,0.14918367346938774,0.007365356501462417,0.00404478640633162,0.0033205700951307966
2023-03-09,1,49,0.2942857142857142,-0.0069754293499805775,-0.02199071089427936,0.015015281544298782
2023-03-10,1,49,0.13724489795918365,-0.012587148194617249,-0.023414986374517763,0.010827838179900514
2023-03-13,1,49,0.12785714285714284,-0.0030338565635302907,-0.015989571414669636,0.012955714851139347
2023-03-14,1,49,-0.03612244897959184,0.01747552411151243,0.014819987195858926,0.0026555369156535044
2023-03-15,1,49,-0.013061224489795917,-0.014754161213151174,-0.00387825561717487,-0.010875905595976305
2023-03-16,1,49,-0.01653061224489796,0.02023655334604173,0.016358609654553588,0.003877943691488143
2023-03-17,1,49,0.20632653061224487,-0.004064099954736977,-0.020938481891861142,0.016874381937124164
2023-03-20,1,49,-0.2765306122448979,0.006034553476349869,0.011933175580941226,-0.005898622104591357
2023-03-21,1,49,-0.09295918367346936,0.005422345427551401,0.015336051878063528,-0.009913706450512127
2023-03-22,1,49,0.17285714285714282,-0.017792451233719087,-0.022472437973817237,0.00467998674009815
2023-03-23,1,49,-0.030408163265306123,0.0017447589859451052,0.0006020508538248833,0.001142708132120222
2023-03-24,1,49,0.1941836734693877,0.005289416232520194,-0.0032256144050667825,0.008515030637586976
2023-03-27,1,49,-0.05357142857142857,0.011068839589111656,0.008634041261627527,0.0024347983274841285
2023-03-28,1,49,0.04663265306122448,0.004708143730767356,0.0010883746314140413,0.0036197690993533147
2023-03-29,1,49,-0.06734693877551019,0.01357828872492627,0.014237080094684064,-0.0006587913697577944
2023-03-30,1,49,0.10132653061224489,0.003602767182874744,0.0020167046986205245,0.0015860624842542197
2023-03-31,1,49,-0.20448979591836733,0.012081687684239917,0.015957347325135984,-0.003875659640896067
2023-04-03,1,49,0.012142857142857141,0.0070932581728622825,0.003095268575928666,0.003997989596933617
2023-04-04,1,49,0.08938775510204082,-0.009391029496939185,-0.00860317657380056,-0.0007878529231386249
2023-04-05,1,49,-0.03908163265306122,0.007066617597779756,0.002209918414806025,0.004856699182973731
2023-04-06,1,49,0.1383673469387755,0.004893697399660613,0.002779707373654023,0.0021139900260065897
2023-04-10,1,49,-0.06857142857142856,0.0025792037040391347,0.009741290762387746,-0.007162087058348612
2023-04-11,1,49,-0.18765306122448977,0.002588034107420123,0.009081844802994541,-0.006493810695574418
2023-04-12,1,49,-0.16153061224489795,-0.004206326784900183,8.318235760959889e-05,-0.004289509142509782
2023-04-13,1,49,-0.4397959183673468,-0.002411108704789322,0.011780483315223744,-0.014191592020013067
2023-04-14,1,49,-0.2446938775510204,-0.00522609461661655,-9.683826622096535e-05,-0.0051292563503955845
2023-04-17,1,49,0.05357142857142857,0.011519799094194604,0.008327103286241151,0.003192695807953453
2023-04-18,1,49,-0.06775510204081632,-0.0007812633277655245,-0.00023040913625338444,-0.0005508541915121401
2023-04-19,1,49,0.0910204081632653,0.0017274645460124804,0.007730609725844976,-0.006003145179832496
2023-04-20,1,49,0.02816326530612245,0.0014159798978152117,-0.0035234161589634055,0.004939396056778617
2023-04-21,1,49,-0.03071428571428571,-0.0010065580706532184,0.00042293267914439436,-0.0014294907497976127
2023-04-24,1,49,-0.2910204081632653,0.0019530510392790855,0.006922202114341654,-0.004969151075062569
2023-04-25,1,49,-0.10591836734693877,-0.023106950719598684,-0.016258151046521382,-0.006848799673077301
2023-04-26,1,49,0.11316326530612243,-0.01585848415880615,-0.013983968750992257,-0.001874515407813894
2023-04-27,1,49,0.14051020408163264,0.021982718441688687,0.015945765885547993,0.006036952556140694
2023-04-28,1,49,0.20132653061224487,0.008381461494226116,0.0062085405028364056,0.002172920991389711
2023-05-01,1,49,0.0008163265306122448,0.0024711409166920826,-0.002706458668970013,0.005177599585662096
2023-05-02,1,49,0.011836734693877549,-0.011723730713834802,-0.017005734026919343,0.005282003313084541
2023-05-03,1,49,-0.23193877551020406,-0.0286510026560445,-0.004597287105022459,-0.02405371555102204
2023-05-04,1,49,0.20153061224489793,0.006395281540009434,-0.010111056969044487,0.01650633850905392
2023-05-05,1,49,0.07061224489795917,0.01839596652918619,0.013783200242237805,0.004612766286948386
2023-05-08,1,49,0.07653061224489796,0.008877502039207674,0.0032302646554640177,0.005647237383743656
2023-05-09,1,49,0.3866935382262925,-0.002364777375655036,-0.010418603652357052,0.008053826276702016
2023-05-10,1,49,0.03448979591836734,-0.002367210203044312,-0.0006177302676441738,-0.0017494799354001384
2023-05-11,1,49,0.0011224489795918367,-0.009353151862118969,-0.013244349403102929,0.0038911975409839598
2023-05-12,1,49,-0.02040816326530612,-0.003098671885795312,-0.003090457851568017,-8.214034227294921e-06
2023-05-15,1,49,0.09846938775510203,0.010059781804548317,0.007436375245821488,0.0026234065587268296
2023-05-16,1,49,-0.00836734693877551,-0.009625178599406436,-0.013623940150257486,0.0039987615508510505
2023-05-17,1,49,0.12642857142857142,0.018056880113543793,0.0127686712992916,0.0052882088142521926
2023-05-18,1,49,-0.08051020408163265,0.005876075652931212,0.01047162406016776,-0.004595548407236548
2023-05-19,1,49,0.13193877551020408,0.00043518020918493773,-0.005394178841070802,0.00582935905025574
2023-05-22,1,49,-0.05010204081632653,0.0017321407819764767,0.0024121763215866343,-0.0006800355396101576
2023-05-23,1,49,-0.0910204081632653,-0.004475931974970837,-0.005238455977530304,0.0007625240025594662
2023-05-24,1,49,0.1627551020408163,-0.009076065752802131,-0.012723337422567878,0.003647271669765747
2023-05-25,1,49,0.036224489795918365,0.030525147162259937,-0.0045460091259364515,0.03507115628819639
2023-05-26,1,49,-0.023673469387755098,0.01103496901875769,0.0041943603166270105,0.00684060870213068
2023-05-30,1,49,-0.10081632653061223,-0.004705510519915923,-0.0019250423180629467,-0.0027804682018529765
2023-05-31,1,49,0.29265306122448975,-0.0010693145111234648,-0.013946830660659444,0.01287751614953598
2023-06-01,1,49,-0.032755102040816324,0.00046011652219242195,0.0022171197924125943,-0.0017570032702201724
2023-06-02,1,49,-0.3639795918367347,0.011197040270281112,0.036952726654127285,-0.025755686383846173
2023-06-05,1,49,0.3398979591836734,0.001323335983465912,-0.008002617103915526,0.009325953087381437
2023-06-06,1,49,-0.12091836734693878,-0.0019055198354963054,0.006642675188172397,-0.008548195023668702
2023-06-07,1,49,0.08510204081632654,0.013524537533598769,0.011129850517994026,0.0023946870156047427
2023-06-08,1,49,0.09132653061224488,0.009931218794994857,0.006084551356801502,0.0038466674381933547
2023-06-09,1,49,0.04979591836734693,0.001937163042215495,-0.0038403133531346046,0.0057774763953501
2023-06-12,1,49,-0.11897959183673468,0.0033690077915825346,0.003286552806755815,8.245498482671977e-05
2023-06-13,1,49,-0.1470408163265306,0.003730218322080747,0.007867911923192793,-0.004137693601112046
2023-06-14,1,49,0.08295918367346938,-0.0012104077534186518,-0.006411415854649722,0.00520100810123107
2023-06-15,1,49,0.015918367346938776,0.011814332941009819,0.011973595400975843,-0.0001592624599660239
2023-06-16,1,49,0.21285714285714283,0.005430409810816206,-0.003795913464377724,0.00922632327519393
2023-06-20,1,49,0.19816326530612244,-0.011139043467155708,-0.01316976747522922,0.0020307240080735117
2023-06-21,1,49,-0.18244897959183673,-0.007474331070399987,0.0011977850147735964,-0.008672116085173584
2023-06-22,1,49,0.035714285714285705,-0.006299735666875183,-0.006876712374596367,0.0005769767077211836
2023-06-23,1,49,-0.31224489795918364,-0.011503563809390027,-0.0039055560156826047,-0.007598007793707422
2023-06-26,1,49,0.07795918367346939,0.00762959419876238,0.004661085585606369,0.002968508613156011
2023-06-27,1,49,-0.06051020408163265,0.005145909545435046,0.0029988806610478213,0.0021470288843872245
2023-06-28,1,49,-0.3174489795918367,-0.0063431310023640665,0.0005760225188529885,-0.006919153521217055
2023-06-29,1,49,0.0002040816326530612,0.006537127564707135,0.008008995556310246,-0.0014718679916031112
2023-06-30,1,49,0.17122448979591834,0.008286612516152491,0.0036274048575406625,0.0046592076586118285
2023-07-03,1,49,0.165,0.007455112103019102,0.005652388613387411,0.001802723489631691
2023-07-05,1,49,0.30081632653061224,-0.0005433954834529242,-0.011697808265732721,0.011154412782279797
2023-07-06,1,49,0.33836734693877546,-0.009136244738128418,-0.018174064360906295,0.009037819622777877
2023-07-07,1,49,-0.2724489795918367,-0.004351898338571259,0.011868323857700955,-0.016220222196272213
2023-07-10,1,49,-0.15846938775510203,0.00688648483124219,0.006744093103493578,0.00014239172774861177
2023-07-11,1,49,-0.12489795918367347,0.017913238656124642,0.0217759997201809,-0.003862761064056256
2023-07-12,1,49,0.04255102040816327,0.011450658757257249,0.006828342931692482,0.004622315825564767
2023-07-13,1,49,0.205,0.005494645214317062,0.0028772411284418245,0.0026174040858752373
2023-07-14,1,49,0.19459183673469385,-0.007492821293881069,-0.010170021007168203,0.002677199713287134
2023-07-17,1,49,-0.06306122448979591,-0.009064656400633309,-0.0063586585326626715,-0.002705997867970637
2023-07-18,1,49,-0.3441836734693877,-0.0025224439733628643,0.014422654112375397,-0.016945098085738262
2023-07-19,1,49,-0.03683673469387755,0.007292705142846389,0.006283073375705501,0.0010096317671408886
2023-07-20,1,49,-0.021122448979591837,0.005122074732076221,0.008086052769326427,-0.0029639780372502063
2023-07-21,1,49,0.09857142857142856,0.008369973092182691,0.0038078803836240935,0.0045620927085585974
2023-07-24,1,49,-0.07877551020408162,0.00017969064526631717,0.007061707956738513,-0.006882017311472195
2023-07-25,1,48,0.020516717325227963,0.004135137274784739,0.005991965146548724,-0.001856827871763985
2023-07-26,1,49,-0.0003061224489795918,-0.003641248533492414,-0.0009081911860100433,-0.0027330573474823707
2023-07-27,1,49,-0.25397959183673463,-0.01457885238688308,0.0004830284605355568,-0.015061880847418637
2023-07-28,1,49,-0.09877551020408162,0.0006708976841521497,0.0018024114633156613,-0.0011315137791635117
2023-07-31,1,49,-0.07857142857142856,0.003412977680660012,0.007554013240597087,-0.0041410355599370745
2023-08-01,1,49,0.16326530612244897,0.00020071746708623107,-0.004735861292287116,0.004936578759373347
2023-08-02,1,49,0.08438775510204079,-0.013795654269211888,-0.013252648124485851,-0.0005430061447260371
2023-08-03,1,49,-0.17632653061224488,-0.009099915591098762,0.0022795964286117026,-0.011379512019710464
2023-08-04,1,49,-0.09591836734693877,0.0010405085198216479,-0.0005879528477073329,0.0016284613675289807
2023-08-07,1,49,-0.05612244897959183,0.006390445391834654,0.009053083798852453,-0.002662638407017799
2023-08-08,1,49,-0.13816326530612244,-0.008463419691868191,-0.0031905727284264143,-0.005272846963441777
2023-08-09,1,49,0.07377551020408163,-0.001939201402855828,-0.006135764212829292,0.004196562809973464
2023-08-10,1,49,-0.07663265306122448,-0.0020645291297937463,0.0008393315969562362,-0.0029038607267499825
2023-08-11,1,49,-0.07510204081632653,0.0002713298147222432,0.0032666395566272907,-0.0029953097419050476
2023-08-14,1,49,0.10806122448979592,0.001024437113851573,0.0001973166874008614,0.0008271204264507115
2023-08-15,1,49,0.12193877551020406,-0.013445104608706649,-0.016027822897444127,0.002582718288737478
2023-08-16,1,49,-0.029489795918367343,-0.006702709317989474,-0.0054948634007894424,-0.001207845917200032
2023-08-17,1,49,-0.10836734693877549,-0.0034071881739733633,-0.001525423936673974,-0.0018817642372993893
2023-08-18,1,49,0.22612244897959183,0.004486215917335034,-0.0029538130872909735,0.007440029004626008
2023-08-21,1,49,-0.09224489795918366,-0.0032732584099813946,-0.003368412277387637,9.515386740624248e-05
2023-08-22,1,49,0.26428571428571423,-0.003824115640485537,-0.011585081159789722,0.007760965519304185
2023-08-23,1,49,-0.03336734693877551,0.006038346035170184,0.008174241217737157,-0.0021358951825669733
2023-08-24,1,49,-0.23499999999999996,-0.015235419935112548,-0.00482877735524154,-0.010406642579871008
2023-08-25,1,49,-0.011224489795918367,0.0026788960237483896,0.003360763937303347,-0.0006818679135549574
2023-08-28,1,49,-0.21071428571428566,0.00638367818811938,0.009288685389512589,-0.0029050072013932088
2023-08-29,1,49,-0.14397959183673467,0.011083070588275058,0.01397332758579591,-0.002890256997520853
2023-08-30,1,49,0.23887755102040814,0.0008462245866004859,-0.0003160014083606333,0.0011622259949611192
2023-08-31,1,49,0.012448979591836733,-0.0018296204340650158,-0.004861367371380333,0.003031746937315317
2023-09-01,1,49,0.02704081632653061,0.007493142158934684,0.008010861228848346,-0.0005177190699136615
2023-09-05,1,49,0.02561224489795918,-0.011286088641652347,-0.009512875928056212,-0.001773212713596135
2023-09-06,1,49,0.009693877551020406,-0.004491741083062517,-0.008870513452240388,0.00437877236917787
2023-09-07,1,49,0.2808163265306122,0.004312866451340403,-0.012848721644355453,0.017161588095695856
2023-09-08,1,49,-0.07530612244897958,0.0033940434866346235,0.00625615475463807,-0.0028621112680034463
2023-09-11,1,49,-0.06928571428571427,0.00268469364704077,0.0025998084417984246,8.488520524234551e-05
2023-09-12,1,49,-0.11836734693877549,-0.0017419762775275904,0.0010218772744907802,-0.0027638535520183704
2023-09-13,1,49,0.1243877551020408,0.00109612241309478,-0.003960233347054285,0.0050563557601490654
2023-09-14,1,49,-0.11622448979591835,0.01094754374657616,0.015393100238969781,-0.0044455564923936205
2023-09-15,1,49,-0.26051020408163267,-0.017809358904087712,-0.00690503150854201,-0.010904327395545702
2023-09-18,1,49,-0.017551020408163264,-0.0009648099343256833,-0.001864157682141691,0.0008993477478160077
2023-09-19,1,49,0.12061224489795919,-0.0011131288006217654,-0.003914239378566966,0.0028011105779452003
2023-09-20,1,49,-0.07979591836734692,-0.006235813731492313,-0.005821929320770081,-0.00041388441072223205
2023-09-21,1,49,-0.34153061224489795,-0.024242080105150766,-0.013413980372792005,-0.010828099732358761
2023-09-22,1,49,0.10326530612244897,-0.0006841786079109125,-0.005560731655423059,0.004876553047512147
2023-09-25,1,49,-0.1090816326530612,-0.0008146989255806703,0.005482792268649228,-0.006297491194229898
2023-09-26,1,49,-0.23499999999999996,-0.01550188044314521,-0.004632250423982742,-0.010869630019162468
2023-09-27,1,49,-0.08724489795918368,-0.015249658194649796,-0.0009404046469355048,-0.014309253547714292
2023-09-28,1,49,0.013163265306122449,-0.0014726186205978099,0.004479686745626192,-0.005952305366224002
2023-09-29,1,49,-0.09724489795918365,-0.003442405232556922,0.0054352948426519155,-0.008877700075208838
2023-10-02,1,49,-0.13081632653061223,-0.023849429277475943,-0.009698237655850959,-0.014151191621624985
2023-10-03,1,49,-0.05928571428571428,-0.00818242952857634,-0.011938399509925405,0.003755969981349064
2023-10-04,1,49,0.1330612244897959,-0.0014721399284667092,0.002947217673966687,-0.004419357602433396
2023-10-05,1,49,-0.18122448979591835,-0.0003165566794148478,0.006366174506777098,-0.006682731186191946
2023-10-06,1,49,0.04836734693877551,0.011193484003524934,0.016610696000392295,-0.005417211996867361
2023-10-09,1,50,-0.1169267707082833,0.00982819006326302,0.009706220876262061,0.0001219691870009594
2023-10-10,1,50,0.07466986794717888,0.0094189708682613,0.010685240887417813,-0.001266270019156513
2023-10-11,1,50,0.21402160864345737,0.013032225762700111,0.003346513397550954,0.009685712365149157
2023-10-12,1,50,0.04854741896758703,-0.006926371887758298,-0.010282915519864011,0.0033565436321057133
2023-10-13,1,50,0.12413263227184863,0.006090703783674023,-0.0046065147958302185,0.010697218579504241
2023-10-16,1,50,0.0024489795918367346,0.009776514174904615,0.009563841437778697,0.00021267273712591815
2023-10-17,1,50,-0.2516686674669868,-0.004642939548958702,0.0041134104457618784,-0.00875634999472058
2023-10-18,1,50,-0.060456182472989194,-0.0243287952478329,-0.018462649691123913,-0.005866145556708988
2023-10-19,1,50,-0.08936374549819928,-0.014766330027109953,-0.011866986376627375,-0.002899343650482578
2023-10-20,1,50,-0.09925570228091235,-0.011752188699508026,-0.004478879983766249,-0.0072733087157417775
2023-10-23,1,50,-0.02156062424969988,-0.003719387333928614,-0.0014911890185524967,-0.0022281983153761174
2023-10-24,1,50,-0.03308523409363745,0.010884895440762621,0.011947431772859762,-0.0010625363320971408
2023-10-25,1,50,0.2167106842737095,-0.011161243559084355,-0.01784769791412799,0.0066864543550436365
2023-10-26,1,50,-0.0251140456182473,-0.0024821843886271844,0.0016664200885037062,-0.0041486044771308905
2023-10-27,1,50,-0.06909963985594238,-0.014285073606378517,-0.00794922908922151,-0.006335844517157007
2023-10-30,1,50,-0.15428571428571428,0.00572288357442764,0.015911251166940234,-0.010188367592512595
2023-10-31,1,50,0.12605042016806722,0.013422433334837825,0.008550767996077246,0.004871665338760579
2023-11-01,1,50,0.20864345738295315,0.010424762006000699,-0.00610469184213247,0.016529453848133167
2023-11-02,1,50,0.13584633853541417,0.024293858800031255,0.019172920247600665,0.005120938552430589
2023-11-03,1,50,-0.09272509003601441,0.012505506615433282,0.011744995398918424,0.0007605112165148583
2023-11-06,1,50,-0.13123649459783912,-0.008595899636666526,-0.0023782266601222735,-0.006217672976544252
2023-11-07,1,50,0.05824729891956783,-0.002735079727465883,-0.005558611911894407,0.002823532184428524
2023-11-08,1,50,0.08168067226890756,-0.005337231315850987,9.898955236609108e-05,-0.005436220868217078
2023-11-09,1,50,-0.15226890756302522,-0.013060305488207857,-0.00017708662976138046,-0.012883218858446477
2023-11-10,1,50,-0.05767106842737095,0.009310194160764373,0.009740694141404249,-0.0004304999806398757
2023-11-13,1,50,-0.15015606242496998,-0.005164463285969523,0.004046899873338594,-0.009211363159308116
2023-11-14,1,50,0.09791116446578632,0.028647658910817476,0.021910907962503955,0.006736750948313521
2023-11-15,1,50,-0.1925090036014406,-0.001582678540272764,0.005561289032338601,-0.007143967572611365
2023-11-16,1,50,0.15601440576230494,0.006157464506631072,0.0009230927114495912,0.00523437179518148
2023-11-17,1,50,-0.1470828331332533,-0.0006499321395956658,0.003798065004033302,-0.004447997143628968
2023-11-20,1,50,0.06573829531812725,0.007530792503394191,0.006865178417123252,0.0006656140862709384
2023-11-21,1,50,0.34818727490996393,0.003452173049576579,-0.004732311666262623,0.008184484715839203
2023-11-22,1,50,0.01205282112845138,0.0032130940131476216,0.002557606769640397,0.0006554872435072245
2023-11-24,1,50,-0.15169267707082834,-0.0009457423251878927,0.0026933084796603723,-0.003639050804848265
2023-11-27,1,50,0.44620519112960055,0.006187526053915637,-0.004942759481921832,0.011130285535837468
2023-11-28,1,50,0.14016806722689074,0.007058575167758064,-0.0019202326706677098,0.008978807838425773
2023-11-29,1,50,-0.03788715486194477,0.007338591052409804,0.004811327575758651,0.0025272634766511535
2023-11-30,1,50,-0.13776710684273707,-0.0008435382931432977,0.007591899231164057,-0.008435437524307355
2023-12-01,1,50,-0.09262905162064825,0.007136427296988412,0.012614335728240523,-0.0054779084312521105
2023-12-04,1,50,-0.3342617046818727,-0.012345752221859962,-0.0001246156987630864,-0.012221136523096875
2023-12-05,1,50,0.3503961584633853,0.0011862782673985994,-0.01281489305601683,0.014001171323415428
2023-12-06,1,50,-0.018775510204081632,-0.0008375778309210324,-0.0029507445954237268,0.0021131667645026943
2023-12-07,1,50,0.17983193277310922,0.018902393433449093,0.004175540961796143,0.01472685247165295
2023-12-08,1,50,-0.3275390156062425,0.0010038489356085979,0.006786801384548069,-0.005782952448939472
2023-12-11,1,50,0.07015606242496998,0.01096457489857946,0.0074822720274748565,0.003482302871104604
2023-12-12,1,50,-0.02809123649459784,0.0015113786065062528,0.00016667816348123755,0.0013447004430250152
2023-12-13,1,50,0.09397358943577432,0.02374481758738898,0.01418251835771992,0.00956229922966906
2023-12-14,1,50,-0.0956062424969988,0.012155037447254857,0.01581331357284228,-0.0036582761255874226
2023-12-15,1,50,-0.07322929171668667,-0.0003454226271759842,-0.0024554584406075277,0.0021100358134315436
2023-12-18,1,50,0.044897959183673466,-0.0027202078234041193,-0.002478824259241119,-0.00024138356416300013
2023-12-19,1,50,-0.18050420168067227,0.006453851881612871,0.007730515146468009,-0.0012766632648551378
2023-12-20,1,50,-0.1300840336134454,-0.02040202094384479,-0.014505626652181535,-0.005896394291663255
2023-12-21,1,50,-0.10184873949579833,0.009115433236872805,0.007732622207459694,0.0013828110294131111
2023-12-22,1,50,0.05690276110444177,0.004758030947633607,0.006620906051133491,-0.001862875103499884
2023-12-26,1,50,0.015702280912364946,0.008293053597123668,0.0061088467791117875,0.0021842068180118806
2023-12-27,1,50,-0.027034813925570226,-0.0005772135232637199,0.0020815669987170548,-0.002658780521980775
2023-12-28,1,50,0.2051860744297719,0.004515196162594437,0.00011054064170492594,0.004404655520889511
2023-12-29,1,50,0.08744297719087635,-0.002912314329140908,-0.0033756984884103724,0.0004633841592694642
2021-01-04,5,46,-0.15436324390995992,0.0325193519577347,0.06046700995711455,-0.02794765799937985
2021-01-05,5,46,-0.2087573234659266,0.027621591939697664,0.061903117008221896,-0.034281525068524235
2021-01-06,5,46,-0.15238976256552572,0.01670137968134011,0.05403644807503158,-0.03733506839369147
2021-01-07,5,46,-0.12229417206290472,0.009342091653062124,0.04452441283565042,-0.0351823211825883
2021-01-08,5,46,-0.20666049953746532,-0.0011906551648117269,0.048418218101120875,-0.0496088732659326
2021-01-11,5,46,-0.265618254702436,-0.014940919610414249,0.021668280324357563,-0.03660919993477181
2021-01-12,5,46,-0.20616712920135677,-0.00816022636087449,0.0321709276399966,-0.04033115400087109
2021-01-13,5,46,0.02608695652173913,0.004803725543532112,0.010800048198551146,-0.005996322655019034
2021-01-14,5,46,-0.0038852913968547642,-0.013877595022705913,-0.015286743348999314,0.001409148326293401
2021-01-15,5,46,0.1675609004008634,-0.01414226204045963,-0.026993264652441354,0.012851002611981724
2021-01-19,5,45,0.29907773386034253,0.011451881259050846,-0.009753878877880102,0.02120576013693095
2021-01-20,5,45,0.27022397891963107,0.0013554844298608254,-0.015706601063265282,0.017062085493126107
2021-01-21,5,46,0.12846130126426147,-0.0198597165172981,-0.04068256202040051,0.020822845503102413
2021-01-22,5,46,0.16669750231267347,-0.0003099015942199301,-0.025273389989411952,0.02496348839519202
2021-01-25,5,45,0.21949934123847167,-0.019186986552033894,-0.05249888478397424,0.03331189823194035
2021-01-26,5,45,-0.05612648221343873,-0.03756486659837535,-0.031438343951995566,-0.006126522646379785
2021-01-27,5,46,-0.13055812519272278,-0.014580028087862374,0.0019079467176757643,-0.01648797480553814
2021-01-28,5,47,-0.09458834412580942,0.013449119959043044,0.026873972693151765,-0.013424852734108721
2021-01-29,5,47,-0.01746068455134135,0.02401756835067531,0.037764556449662555,-0.013746988098987244
2021-02-01,5,48,-0.005970473295701259,0.04591089807816937,0.06574598917602861,-0.01983509109785924
2021-02-02,5,48,-0.0663265306122449,0.044125267659802334,0.09807146503891673,-0.053946197379114394
2021-02-03,5,48,-0.19366044290056447,0.012192534710654856,0.05700378528376496,-0.0448112505731101
2021-02-04,5,48,-0.1879070777247069,0.008741306228272272,0.04849497258340777,-0.0397536663551355
2021-02-05,5,48,-0.2283977420755536,0.0023849289089080904,0.029886061770400676,-0.027501132861492587
2021-02-08,5,47,-0.15298334875115635,0.0036459003013912805,0.015135943037281064,-0.011490042735889784
2021-02-09,5,48,-0.17162396873643074,-0.011716601955412399,0.013146588683385153,-0.02486319063879755
2021-02-10,5,48,-0.21417716022579245,-0.008912944374433763,0.012507792470658672,-0.021420736845092436
2021-02-11,5,48,-0.11170212765957445,0.003768454850945635,0.003999408124301847,-0.00023095327335621169
2021-02-12,5,48,-0.18931828050369082,-0.013835286642598744,0.010267074125456403,-0.024102360768055147
2021-02-16,5,48,-0.14926183239253146,-0.033072809514525806,0.018680404613470796,-0.051753214127996605
2021-02-17,5,48,-0.07935301780286583,-0.017736638810781136,0.013883380662613805,-0.03162001947339494
2021-02-18,5,48,-0.24250976986539294,-0.009002364370407311,0.051948874968858666,-0.06095123933926598
2021-02-19,5,48,-0.24164133738601826,-0.021713104789079386,0.030523781662015487,-0.05223688645109487
2021-02-22,5,48,-0.23947025618758142,-0.027348392158716327,0.018453870986765826,-0.04580226314548215
2021-02-23,5,48,-0.27518454190186714,-0.008186834523193487,0.036283128070369784,-0.04446996259356327
2021-02-24,5,49,-0.32632653061224487,-0.0038902560331985693,0.02546568674108966,-0.02935594277428823
2021-02-25,5,49,-0.44418367346938775,-0.024949281148788038,0.006681088360490824,-0.03163036950927886
2021-02-26,5,49,-0.49642857142857133,-0.008301690047208854,0.027814348080360724,-0.036116038127569576
2021-03-01,5,49,-0.3568367346938775,0.02197407884509388,0.051111598553847046,-0.029137519708753164
2021-03-02,5,49,-0.2429591836734694,-0.02831874907785923,0.028908986621238912,-0.05722773569909814
2021-03-03,5,49,-0.2923469387755102,-0.01778776110530318,0.013109829355582445,-0.030897590460885624
2021-03-04,5,49,-0.25857142857142856,0.013042927952355033,0.03434164715509786,-0.02129871920274283
2021-03-05,5,49,-0.20061224489795915,0.03702481278190377,0.050531075005234495,-0.013506262223330727
2021-03-08,5,49,-0.09010204081632651,0.035169101218815724,0.054535179970622155,-0.01936607875180643
2021-03-09,5,49,0.06387755102040815,0.03318331107504924,0.04641005033448734,-0.013226739259438104
2021-03-10,5,49,0.018775510204081632,0.02901510289262076,0.035854204610947765,-0.006839101718327006
2021-03-11,5,49,-0.02918367346938775,0.014773968753144674,0.028298105035909165,-0.013524136282764491
2021-03-12,5,49,0.08948979591836734,0.011746791404818612,0.020690168139992065,-0.008943376735173453
2021-03-15,5,49,-0.02204081632653061,-0.008451417129716898,0.000626093507707358,-0.009077510637424256
2021-03-16,5,49,-0.14887755102040814,-0.01624819575462878,-0.006589717121468768,-0.009658478633160012
2021-03-17,5,49,0.08469387755102038,-0.01744543658811153,-0.020154941268513176,0.002709504680401646
2021-03-18,5,49,0.13938775510204082,-0.012115349789375807,-0.02930454666200624,0.01718919687263043
2021-03-19,5,49,0.18489795918367347,0.008983461610285192,-0.0018136792728809833,0.010797140883166176
2021-03-22,5,49,0.21704081632653058,0.029600824977457564,0.008303829020389682,0.021296995957067882
2021-03-23,5,49,0.12908163265306122,0.021886096829325574,0.01380268303744625,0.008083413791879324
2021-03-24,5,49,-0.358673469387755,0.011703767826353018,0.03078903592455821,-0.019085268098205193
2021-03-25,5,49,0.08438775510204079,0.02521279780149883,0.023487147860367444,0.0017256499411313873
2021-03-26,5,49,0.039999999999999994,0.024104432232052053,0.027568119088914864,-0.0034636868568628104
2021-03-29,5,49,0.11755102040816326,0.022502398985090533,0.014316926682782985,0.008185472302307548
2021-03-30,5,49,0.020102040816326525,0.0187488405946886,0.013778195718930623,0.004970644875757976
2021-03-31,5,48,0.16087711680416847,0.03169050469496898,0.011263595197553957,0.020426909497415022
2021-04-01,5,47,0.2133441258094357,0.031386051605425,0.0021345202616134384,0.02925153134381156
2021-04-05,5,48,0.3428137212331741,0.020131484127770084,-0.011110884919603227,0.031242369047373313
2021-04-06,5,48,0.24381241858445504,0.003898445002324502,-0.006507719325236737,0.01040616432756124
2021-04-07,5,48,0.3592053842813721,0.006479882144518357,-0.00645246767161731,0.012932349816135667
2021-04-08,5,47,0.10811748381128584,0.0036853291594582615,0.0031661976928347344,0.0005191314666235271
2021-04-09,5,48,0.18703864524533215,0.019558245575443688,0.010611458049035134,0.008946787526408553
2021-04-12,5,48,0.02344767694311767,0.01872145342825705,0.026168954540401666,-0.007447501112144615
2021-04-13,5,46,0.07098365710761641,0.017535464239618093,0.021958267510828793,-0.004422803271210699
2021-04-14,5,46,0.09207523897625655,0.011836122344696188,0.007330676800316109,0.004505445544380079
2021-04-15,5,46,0.05753931544865865,0.014911378488421667,0.0032402970492322325,0.011671081439189435
2021-04-16,5,45,0.0963109354413702,-0.003129053530147511,-0.0001450163040981087,-0.0029840372260494024
2021-04-19,5,45,0.21673254281949936,0.004485738507747706,-0.0025156881482627266,0.007001426656010433
2021-04-20,5,45,0.013438735177865613,0.004217373245945227,-0.0017430804777138764,0.005960453723659103
2021-04-21,5,46,-0.08640148011100832,0.0014131800980714427,0.01705805488457315,-0.015644874786501707
2021-04-22,5,46,-0.09910576626580328,0.001089895611164704,0.01115999618126414,-0.010070100570099435
2021-04-23,5,46,-0.07332716620413197,0.014617067049354681,0.026235156719845294,-0.011618089670490613
2021-04-26,5,46,0.08677150786308974,0.011341473692265869,-0.005400822616877428,0.016742296309143298
2021-04-27,5,47,-0.079209065679926,0.021773896988195162,0.007391361063040527,0.014382535925154635
2021-04-28,5,47,-0.12685013876040704,0.008826628032712868,0.012469921506296592,-0.003643293473583723
2021-04-29,5,46,-0.2907801418439716,0.004734523276870006,0.031097502339613836,-0.02636297906274383
2021-04-30,5,46,-0.24674683934628427,-0.0029162976829250507,0.036871873224119604,-0.03978817090704465
2021-05-03,5,47,-0.3192645698427382,0.028971588514478574,0.055096895962086063,-0.02612530744760749
2021-05-04,5,48,-0.19941380807642206,0.022602557938229295,0.031121917413479472,-0.008519359475250177
2021-05-05,5,49,-0.1361224489795918,0.010100937699212043,0.021805867678597563,-0.01170492997938552
2021-05-06,5,49,-0.07132653061224489,-0.014801631873862197,-0.008107794244421183,-0.006693837629441014
2021-05-07,5,49,0.16265306122448978,-0.004136949819893499,-0.0069914553927023565,0.002854505572808858
2021-05-10,5,49,-0.02173469387755102,-0.00045983447209423377,-0.001383763053076797,0.0009239285809825631
2021-05-11,5,49,0.021020408163265305,-0.0007664972450513897,-0.009324766887495851,0.00855826964244446
2021-05-12,5,49,0.03387755102040816,0.009876285649732119,-0.004827080619495241,0.01470336626922736
2021-05-13,5,49,0.2744897959183673,0.03108825559862303,-0.0005147679236221379,0.031603023522245165
2021-05-14,5,48,0.041467650890143294,0.022027813578295075,0.003558048236204092,0.018469765342090983
2021-05-17,5,49,0.1146938775510204,0.007063059435974672,-0.01123361310011174,0.01829667253608641
2021-05-18,5,49,-0.0979591836734694,-0.005183575953867892,-0.0028273251754269793,-0.0023562507784409127
2021-05-19,5,49,-0.1286734693877551,-0.0039057673723938537,-0.0004024144848435101,-0.0035033528875503435
2021-05-20,5,49,-0.26326530612244897,0.004860133104565167,0.015887164558543235,-0.011027031453978067
2021-05-21,5,49,-0.22887755102040813,0.002224662527099808,0.012168050298879622,-0.009943387771779815
2021-05-24,5,47,-0.26549491211840887,-0.006462230722134854,0.008757621596590536,-0.015219852318725389
2021-05-25,5,48,-0.19572297003907946,-0.002127880302444751,0.0127652986664466,-0.014893178968891353
2021-05-26,5,49,-0.136734693877551,0.014392460290608445,0.01806630169550015,-0.003673841404891706
2021-05-27,5,49,0.005714285714285713,0.03146994275678765,0.019322849398466832,0.012147093358320815
2021-05-28,5,49,-0.0031632653061224487,0.031139226322397896,0.019886952791422892,0.011252273530975004
2021-06-01,5,48,-0.0457012592270951,0.024559747772452446,0.01673679251003874,0.007822955262413705
2021-06-02,5,48,-0.009661311333043857,0.011783316848892379,0.0030246156116835333,0.008758701237208845
2021-06-03,5,47,-0.04521276595744681,-0.007670607714248168,-0.0027943082978317702,-0.004876299416416398
2021-06-04,5,47,0.039546716003700286,-0.002663186508164872,-0.0067485581244721825,0.004085371616307311
2021-06-07,5,46,0.04458834412580943,-0.0026787532812892036,-0.004694616722206637,0.0020158634409174333
2021-06-08,5,46,0.030280604378661733,-0.0015223006015815054,-0.0024502814432861347,0.0009279808417046293
2021-06-09,5,46,0.10169596053037311,-0.0007580805735497576,-0.003900884899446967,0.0031428043258972093
2021-06-10,5,47,0.03399629972247919,-0.010403671093913814,0.00033493658436498406,-0.010738607678278798
2021-06-11,5,47,0.14824236817761333,-0.010041953287572136,-0.01409150983736212,0.004049556549789984
2021-06-14,5,46,0.12019734813444341,-0.02046660792626489,-0.04260191742196303,0.02213530949569814
2021-06-15,5,46,0.025593586185630592,-0.02126745413541444,-0.023334935324728263,0.002067481189313821
2021-06-16,5,46,-0.008695652173913042,-0.018475313917326975,-0.017970019081869397,-0.000505294835457578
2021-06-17,5,46,0.050508788159111924,-0.012991090391349847,-0.014345495764673933,0.0013544053733240864
2021-06-18,5,46,-0.09380203515263645,0.0005713714935591697,0.007157617189095775,-0.006586245695536606
2021-06-21,5,46,-0.2942337341967314,0.01813796210188614,0.05093945814362325,-0.03280149604173711
2021-06-22,5,46,-0.13425840271353684,0.002569004781294537,0.025810371346530254,-0.02324136656523572
2021-06-23,5,46,0.07776749922910885,0.016786151479264343,0.026352236607080366,-0.009566085127816024
2021-06-24,5,46,-0.0465618254702436,0.015990337760944752,0.02352017021187274,-0.00752983245092799
2021-06-25,5,45,-0.04716732542819499,0.008709131932997296,0.023334514692671917,-0.014625382759674621
2021-06-28,5,45,0.05625823451910408,0.01798684863712595,0.009926783674441294,0.008060064962684655
2021-06-29,5,44,0.09048625792811839,0.0027687935566265143,-0.002947845041155722,0.0057166385977822365
2021-06-30,5,44,0.1616631430584919,0.011680414355413707,0.0006930001715345635,0.010987414183879144
2021-07-01,5,44,0.03340380549682875,-0.00015908613327787603,-0.01470019129386671,0.014541105160588834
2021-07-02,5,44,-0.1572938689217759,-0.015079567948842267,0.006973543348028924,-0.02205311129687119
2021-07-06,5,46,-0.2293555349984582,-0.012384193258654664,0.008704086424943988,-0.02108827968359865
2021-07-07,5,46,-0.3253160653715695,-0.006209097027449917,0.010702400251471548,-0.016911497278921463
2021-07-08,5,47,-0.1758788159111933,-0.006519919149931064,0.005323422721370565,-0.011843341871301628
2021-07-09,5,47,-0.20918131359851988,-0.005332182659184781,0.019351273069938273,-0.024683455729123054
2021-07-12,5,46,0.16114708603145236,-0.013583065705310093,-0.016514547578656225,0.002931481873346131
2021-07-13,5,45,0.2320158102766798,-0.0302964451731152,-0.04151032474638735,0.011213879573272148
2021-07-14,5,44,0.18717406624383365,-0.024218779429449118,-0.024512061063456173,0.0002932816340070546
2021-07-15,5,44,0.03551797040169133,-0.006304649919800299,-0.0099353969391065,0.003630747019306201
2021-07-16,5,44,-0.01945031712473573,-0.007757788083971133,-0.00727136230273627,-0.0004864257812348628
2021-07-19,5,46,-0.19568300955905027,0.0053024467324311545,0.01894212046223192,-0.013639673729800765
2021-07-20,5,47,-0.3817067530064755,0.020923157158359306,0.04754509272388371,-0.0266219355655244
2021-07-21,5,46,-0.0835646006783842,0.00891731690719727,0.025374884581296997,-0.016457567674099727
2021-07-22,5,45,-0.037549407114624504,0.02174526866523833,0.020110588274288316,0.0016346803909500149
2021-07-23,5,45,0.030961791831357045,0.019801239995108237,0.016429679933412822,0.0033715600616954153
2021-07-26,5,45,0.13267457180500658,0.02394493736290595,0.0012589857639660165,0.022685951598939935
2021-07-27,5,45,0.022002635046113304,0.0015289976783277777,-0.004225775945883137,0.005754773624210914
2021-07-28,5,45,-0.136231884057971,-0.0019443862618755909,0.004618549422959337,-0.006562935684834928
2021-07-29,5,46,-0.04964539007092198,-0.019862055905626386,-0.007360979569447405,-0.01250107633617898
2021-07-30,5,46,0.013752698119025594,-0.012902077059074812,-0.007853477136773843,-0.005048599922300969
2021-08-02,5,46,0.11119333950046253,0.0036623295000355214,-0.0065956804091745515,0.010258009909210074
2021-08-03,5,46,0.21677459142769043,0.011287651532501441,-0.009261324824429405,0.020548976356930846
2021-08-04,5,46,0.2952204748689485,0.018577010407030838,-0.006957332843601079,0.025534343250631916
2021-08-05,5,47,0.4163968547641073,0.046388617293594746,0.009994613368877513,0.036394003924717234
2021-08-06,5,48,0.36419887103777676,0.02714635391095669,0.00667297439884783,0.020473379512108862
2021-08-09,5,47,0.14246068455134137,0.03207976705899109,0.011144412548188827,0.020935354510802265
2021-08-10,5,47,0.10649861239592968,0.03234641677085025,0.014960676407979193,0.017385740362871056
2021-08-11,5,48,-0.21623968736430746,0.005747422127956159,0.02498756938280078,-0.01924014725484462
2021-08-12,5,48,-0.14730785931393833,-0.012517421917755445,-0.0006051752537324188,-0.011912246664023027
2021-08-13,5,48,-0.17748588797221013,-0.017201857779878538,-0.002272100431150867,-0.01492975734872767
2021-08-16,5,48,-0.07273122014763353,-0.005036507668269352,-0.0052303104673652795,0.0001938027990959273
2021-08-17,5,48,-0.23653929656969172,-0.011034068445445966,-0.003907896290218544,-0.007126172155227422
2021-08-18,5,48,-0.10801128962223187,-0.011316776422912378,-0.0027002687555327163,-0.008616507667379661
2021-08-19,5,47,-0.26063829787234044,0.0016127186252717697,0.015877956364309515,-0.014265237739037746
2021-08-20,5,47,-0.21704440333024977,-0.004925961322574168,0.0197996141863029,-0.02472557550887707
2021-08-23,5,46,-0.41634289238359545,-0.003485326891692719,0.04251048200847665,-0.04599580890016937
2021-08-24,5,48,-0.2602040816326531,0.0012614747130404668,0.016560102530447793,-0.015298627817407326
2021-08-25,5,48,-0.005536257056013895,0.004904450904258217,0.01524546320009242,-0.010341012295834204
2021-08-26,5,48,0.093573599652627,0.0022256305774899787,-0.00031650413588329366,0.0025421347133732725
2021-08-27,5,47,0.048334875115633676,0.012902563113326826,0.015026687588479408,-0.002124124475152582
2021-08-30,5,48,0.23111159357359964,0.009282207569438516,-0.007843208265260847,0.017125415834699363
2021-08-31,5,48,0.10898827616152842,-0.013275742601577845,-0.011785607722823936,-0.0014901348787539088
2021-09-01,5,46,0.2879432624113475,-0.00968239949585048,-0.01684132898034834,0.00715892948449786
2021-09-02,5,46,0.039901325932778293,-0.015284063722797846,-0.015067297666674632,-0.0002167660561232139
2021-09-03,5,46,0.0950354609929078,-0.024414449935216864,-0.029755557389777518,0.005341107454560654
2021-09-07,5,46,-0.11982732038236199,-0.025201807858037672,-0.011751550029570956,-0.013450257828466716
2021-09-08,5,46,0.012642614862781374,-0.026446516507836037,-0.017057615836156528,-0.00938890067167951
2021-09-09,5,46,-0.4480419364785692,-0.025001386640968237,0.019489936809491945,-0.04449132345046018
2021-09-10,5,45,-0.16047430830039525,-0.013604018757736388,0.00792214385482131,-0.0215261626125577
2021-09-13,5,46,-0.06950354609929078,-0.017739193639466123,-0.012293509693779193,-0.00544568394568693
2021-09-14,5,47,0.2417900092506938,-0.021744820988022252,-0.04563729757622042,0.023892476588198167
2021-09-15,5,48,0.21678245766391663,-0.02225949257067893,-0.03572992785440911,0.013470435283730178
2021-09-16,5,48,0.1575119409465914,-0.020035461745631367,-0.040943261600722924,0.020907799855091558
2021-09-17,5,47,-0.14049491211840887,-0.01619952337686357,-0.010001208143047391,-0.006198315233816178
2021-09-20,5,47,-0.09632284921369104,-0.005749902597454037,0.003444116822051862,-0.0091940194195059
2021-09-21,5,47,-0.12777520814061055,0.005831918655946522,0.02894049731512924,-0.02310857865918272
2021-09-22,5,47,-0.15263644773358,-0.0012153686445168122,0.0343425305683186,-0.035557899212835406
2021-09-23,5,47,-0.15552728954671602,0.0008907235101456412,0.008747209691742079,-0.007856486181596439
2021-09-24,5,47,-0.1118177613320999,-0.017821379880234377,-0.014896601410108203,-0.0029247784701261735
2021-09-27,5,47,-0.11447733580018501,0.0021999636807034763,0.00886467980475203,-0.006664716124048553
2021-09-28,5,47,0.011216466234967623,-0.005763444972899945,-0.0135530061633906,0.007789561190490656
2021-09-29,5,47,-0.028445883441258094,0.009695612416649324,0.006236275357666638,0.0034593370589826858
2021-09-30,5,47,0.06209528214616096,0.006394380846793679,0.005883880739925111,0.0005105001068685684
2021-10-01,5,48,-0.00510204081632653,0.021650789940069415,0.028670227480143362,-0.007019437540073947
2021-10-04,5,48,0.0832609639600521,0.020231249181780674,0.012386097361388479,0.007845151820392195
2021-10-05,5,48,0.23501953973078593,0.016212378340671685,0.007386614754583798,0.008825763586087887
2021-10-06,5,48,0.39589665653495437,0.006845509172677322,-0.010961369004582765,0.017806878177260087
2021-10-07,5,48,0.0961788970907512,-0.00024015683157904144,-0.003165319462293111,0.0029251626307140698
2021-10-08,5,48,-0.05720798957881025,1.5595586033567697e-05,0.003525699231086563,-0.003510103645052995
2021-10-11,5,48,-0.1440512375162831,0.00231291476020874,0.009693003089272258,-0.0073800883290635185
2021-10-12,5,48,-0.1504559270516717,0.01410860289178526,0.023822855937904883,-0.009714253046119623
2021-10-13,5,48,-0.2376248371689101,0.026950487109143096,0.04354487409130877,-0.016594386982165674
2021-10-14,5,48,-0.1337386018237082,0.035646800672919456,0.04530291775572194,-0.009656117082802486
2021-10-15,5,47,0.20975948196114708,0.0334128728308755,0.016766098181787276,0.01664677464908822
2021-10-18,5,46,0.20851063829787236,0.041567015781663774,0.019423863435913624,0.02214315234575015
2021-10-19,5,46,0.23354918285538084,0.04180947921934837,0.02957728444171394,0.01223219477763443
2021-10-20,5,47,0.21750693802035154,0.04747190416687634,0.023820092673866065,0.023651811493010277
2021-10-21,5,48,0.21178897090751195,0.010787486866980823,-0.004875262772564609,0.01566274963954543
2021-10-22,5,48,0.10247503256621797,0.013545568887693305,0.007982810149105846,0.0055627587385874595
2021-10-25,5,48,0.053625705601389496,0.011023142130352248,-0.007661434012419675,0.01868457614277192
2021-10-26,5,48,-0.007490230134607034,-0.011111995886147186,-0.0175698036705139,0.006457807784366713
2021-10-27,5,48,-0.12288319583152409,-0.01718263688159418,-0.008156133089123873,-0.009026503792470308
2021-10-28,5,48,-0.2534737299174989,0.00802495755336633,0.01961302119056992,-0.01158806363720359
2021-10-29,5,48,-0.09053408597481546,0.0072886293480578955,0.016589402548716017,-0.00930077320065812
2021-11-01,5,48,-0.16532783326096398,0.004260824079591996,0.049787438782712204,-0.04552661470312021
2021-11-02,5,49,-0.225,0.005653848148002405,0.04154923735544801,-0.0358953892074456
2021-11-03,5,49,-0.07224489795918368,0.008392445824968509,0.011139190079821658,-0.0027467442548531496
2021-11-04,5,49,-0.15275510204081633,-0.006919347557823652,0.009328359189471133,-0.016247706747294786
2021-11-05,5,49,-0.2085767494747439,-0.0060014432378079465,0.011654619617615146,-0.017656062855423094
2021-11-08,5,49,-0.10990076281032249,-0.008885833758766925,0.003946767731729935,-0.012832601490496861
2021-11-09,5,49,-0.04418367346938775,-0.012917732816156624,-0.0019778999605746745,-0.010939832855581949
2021-11-10,5,49,-0.029081632653061223,-0.012287856235391725,0.0012167859978415112,-0.013504642233233236
2021-11-11,5,49,0.04704081632653061,-0.0063965055860955135,-0.0009179702645785653,-0.005478535321516948
2021-11-12,5,49,-0.009795918367346938,-0.008903953647453533,-0.008360583687378255,-0.0005433699600752781
2021-11-15,5,49,0.038979591836734696,-0.027706379916835455,-0.024421727534303654,-0.0032846523825318004
2021-11-16,5,49,0.05499999999999999,-0.022833727532997828,-0.014905302935331568,-0.00792842459766626
2021-11-17,5,49,-0.016224489795918368,-0.009228768003540633,-0.011019169676626465,0.0017904016730858324
2021-11-18,5,48,0.12375162831089882,-0.010916996130305445,-0.0029200058512932367,-0.007996990279012208
2021-11-19,5,48,0.1866044290056448,-0.015945503777100578,-0.01794855819396504,0.0020030544168644603
2021-11-22,5,48,0.17325227963525838,0.0007222344480157461,-0.0037708771501856722,0.004493111598201418
2021-11-23,5,48,0.24924012158054712,-0.01615856814867429,-0.03485243686863358,0.018693868719959292
2021-11-24,5,47,0.3666743755781684,-0.03708022080903214,-0.05818647679161995,0.021106255982587814
2021-11-26,5,47,0.2801803885291397,-0.020258855911847173,-0.03568986813974157,0.015431012227894399
2021-11-29,5,47,0.26549491211840887,0.001572270772910145,-0.010426035634367293,0.011998306407277438
2021-11-30,5,47,0.2567067530064755,0.0172591188885164,-0.0005220323562060455,0.017781151244722446
2021-12-01,5,47,0.19865864939870492,0.05149375296471559,0.036780508354895845,0.014713244609819744
2021-12-02,5,47,0.2694264569842738,0.05502809541243368,0.03673576881560663,0.018292326596827044
2021-12-03,5,48,0.11582718193660443,0.031051145591385866,0.011237034307130547,0.01981411128425532
2021-12-06,5,48,0.10073816760746852,0.03512489107137704,0.02383964941038303,0.011285241660994011
2021-12-07,5,49,0.28112244897959177,0.019295478703959434,0.0008511853812443891,0.018444293322715046
2021-12-08,5,49,0.1207142857142857,0.0017905028024337243,-0.014006690345075215,0.01579719314750894
2021-12-09,5,48,0.10953104646113765,0.01306437922589213,-0.009928867867327027,0.022993247093219156
2021-12-10,5,48,0.1440512375162831,0.03268231773069215,0.014324043749677476,0.018358273981014674
2021-12-13,5,48,0.10149804602692139,0.006592002309567991,0.00028875845926479293,0.006303243850303198
2021-12-14,5,48,0.026052974381241857,-0.004373371413625459,-0.003074346095082651,-0.0012990253185428085
2021-12-15,5,48,0.11561007381676074,0.007044817798929048,0.008639879491022358,-0.0015950616920933098
2021-12-16,5,49,-0.021530612244897954,0.00839522732872371,0.008273967057873668,0.00012126027085004182
2021-12-17,5,49,-0.13295918367346937,-0.0013406690694609535,-0.0010553631525868818,-0.0002853059168740717
2021-12-20,5,49,-0.07969387755102039,0.019308659738716316,0.024403341363923907,-0.005094681625207591
2021-12-21,5,50,-0.18674669867947177,0.03372105799682255,0.045069801655730955,-0.011348743658908408
2021-12-22,5,50,-0.0059063625450180065,0.028577937064781022,0.027829440520441184,0.0007484965443398384
2021-12-23,5,50,0.01579831932773109,0.017363563572965666,0.015141106905074331,0.0022224566678913354
2021-12-27,5,50,0.25474189675870346,0.021426516092998237,0.0029903432185011125,0.018436172874497125
2021-12-28,5,50,-0.021080432172869146,0.004784190926718312,0.008212943701830644,-0.003428752775112332
2021-12-29,5,49,-0.06663265306122448,0.007213841367769647,0.019488861256645777,-0.01227501988887613
2021-12-30,5,49,0.003673469387755102,-0.010362148369061751,0.0022603773729895885,-0.01262252574205134
2021-12-31,5,49,-0.04612244897959183,-0.012982601941330996,-0.005731379063054789,-0.007251222878276207
2022-01-03,5,49,-0.09295918367346936,-0.018439366033424397,-0.008225816083651076,-0.010213549949773321
2022-01-04,5,50,-0.09714285714285714,-0.01947391621431881,-0.020437476861636994,0.0009635606473181839
2022-01-05,5,50,-0.20797118847539015,-0.028277227538555126,-0.010935333318942041,-0.017341894219613085
2022-01-06,5,50,-0.06266506602641056,-0.01671280192630571,-0.01841936073702245,0.0017065588107167406
2022-01-07,5,49,-0.08816326530612244,-0.008682451710479678,-0.005644028194233954,-0.0030384235162457234
2022-01-10,5,49,-0.000510204081632653,-0.020812604326081896,-0.009904478434421216,-0.01090812589166068
2022-01-11,5,49,-0.027959183673469383,-0.015081988848620243,-0.02760591242808959,0.012523923579469349
2022-01-12,5,49,-0.007857142857142856,-0.028506903359979817,-0.04954743605029626,0.021040532690316444
2022-01-13,5,49,-0.0323469387755102,-0.051909772219232896,-0.04331180211998996,-0.008597970099242937
2022-01-14,5,49,0.03663265306122449,-0.042709400041913204,-0.04270593944732916,-3.460594584045462e-06
2022-01-18,5,50,-0.17387755102040817,-0.03879554868683235,-0.028743089847998393,-0.010052458838833954
2022-01-19,5,50,-0.26991596638655463,-0.03918913815933568,-0.01663922345513862,-0.022549914704197063
2022-01-20,5,50,-0.10818727490996398,-0.04959014990031403,-0.02494113805298669,-0.024649011847327342
2022-01-21,5,50,-0.08331332533013207,-0.04646765880460899,-0.02808975591088202,-0.018377902893726972
2022-01-24,5,50,-0.09570228091236495,-0.023193091993418336,0.001541818862882105,-0.024734910856300443
2022-01-25,5,50,-0.07966386554621849,0.007956083566989647,0.02022706670825296,-0.012270983141263314
2022-01-26,5,50,0.041440576230492195,0.032005326199479676,0.020767071173489537,0.01123825502599014
2022-01-27,5,50,0.1373829531812725,0.05696643232438546,0.04280483148659253,0.014161600837792929
2022-01-28,5,50,0.13373349339735893,0.042809107117087505,0.03389955138426572,0.008909555732821782
2022-01-31,5,50,0.03414165666266506,0.022470630712188567,0.01701638834604551,0.005454242366143058
2022-02-01,5,50,0.06285714285714285,0.0180539520601943,0.013632576800383623,0.004421375259810676
2022-02-02,5,50,0.10405762304921969,0.0014101193794570422,-0.014838886281752783,0.016249005661209827
2022-02-03,5,50,-0.06180072028811524,-0.0018570317835726712,-0.004126004539273476,0.002268972755700804
2022-02-04,5,50,-0.20470588235294118,-0.016851763581030965,-0.006620366247380993,-0.010231397333649972
2022-02-07,5,50,-0.2306362545018007,-0.017510705137756554,0.0034824817385601834,-0.02099318687631674
2022-02-08,5,50,-0.27567827130852335,-0.026207643334555587,-0.007775295486336176,-0.018432347848219413
2022-02-09,5,50,-0.2844177671068427,-0.030234271901861585,-0.011498179870386371,-0.018736092031475214
2022-02-10,5,50,-0.19865546218487393,-0.044182300468788696,-0.01640805211272465,-0.027774248356064048
2022-02-11,5,50,-0.05555822328931572,-0.030971875462394306,-0.0026651457348473738,-0.02830672972754693
2022-02-14,5,50,-0.12720288115246098,-0.0147538848639161,-0.011048183472502804,-0.0037057013914132964
2022-02-15,5,50,0.03260504201680672,-0.015724073465155496,-0.02514313347059528,0.009419060005439784
2022-02-16,5,50,0.14103241296518607,-0.03656234740658013,-0.048813844170786505,0.012251496764206372
2022-02-17,5,50,0.4286674669867947,-0.01852199162946936,-0.05213591167408873,0.03361392004461937
2022-02-18,5,50,0.44854741896758704,0.02684689310269577,-0.013541231122969354,0.04038812422566512
2022-02-22,5,50,0.3511644657863145,0.02250084904373012,-0.005778497048217724,0.028279346091947842
2022-02-23,5,50,0.31563025210084034,0.01694287974838111,-0.013727060458113383,0.030669940206494495
2022-02-24,5,50,0.3782472989195678,0.07267938984434012,0.006518642593557456,0.06616074725078266
2022-02-25,5,50,0.28797118847539016,0.030930286881645553,0.006059061940806654,0.024871224940838897
2022-02-28,5,50,0.29075630252100837,0.005437008606882021,-0.034002193690422844,0.03943920229730487
2022-03-01,5,50,0.31438175270108043,0.03048888943387723,-0.05586291981496534,0.08635180924884257
2022-03-02,5,50,0.24110444177671067,0.009285791287276824,-0.03434439006747414,0.04363018135475096
2022-03-03,5,50,0.1727250900360144,0.0012818388166369377,-0.02160649236928338,0.02288833118592032
2022-03-04,5,50,0.13046818727490997,0.02003505369788371,-0.007286053173408968,0.027321106871292678
2022-03-07,5,50,0.061224489795918366,-0.009571126931579466,-0.019165382084484584,0.009594255152905119
2022-03-08,5,50,-0.06324129651860745,-0.01842101874850872,0.0024294041373069896,-0.02085042288581571
2022-03-09,5,50,0.09195678271308522,0.015835188936200163,-0.0029717498598241243,0.018806938796024287
2022-03-10,5,50,0.10549819927971187,0.003964520719284892,0.006660859128545615,-0.002696338409260723
2022-03-11,5,50,-0.06996398559423768,0.01792368883841633,0.020287114331509294,-0.0023634254930929646
2022-03-14,5,50,-0.11078031212484994,0.036427515477659156,0.03910336074610501,-0.002675845268445852
2022-03-15,5,50,0.09579831932773109,0.06824348333344032,0.04346103747123573,0.024782445862204593
2022-03-16,5,50,-0.09695078031212485,0.03584524039168072,0.049992027002229,-0.01414678661054828
2022-03-17,5,50,0.03798319327731092,0.030524089379601625,0.008829718648829499,0.021694370730772128
2022-03-18,5,50,0.19894357743097235,0.03077479122200133,-0.0047612942059581664,0.035536085427959496
2022-03-21,5,50,0.18828331332533013,0.03160202203445045,0.025080476006198636,0.006521546028251814
2022-03-22,5,50,0.20528211284513803,0.015016219179834322,0.01144187773413008,0.0035743414457042426
2022-03-23,5,50,0.33128451380552215,0.029379390490087164,0.01761681702180794,0.011762573468279223
2022-03-24,5,50,0.139015606242497,0.025983804851095527,0.01943333090951448,0.006550473941581047
2022-03-25,5,50,0.02376950780312125,0.007707101764813595,0.0008082453859495798,0.006898856378864016
2022-03-28,5,50,-0.12902761104441776,-0.017937195967748086,0.0021312390370783474,-0.020068435004826433
2022-03-29,5,50,-0.1532292917166867,-0.008707664649099134,0.0019805986279648803,-0.010688263277064014
2022-03-30,5,50,-0.03577430972388955,-0.029607480370187334,-0.026454138429195796,-0.0031533419409915386
2022-03-31,5,50,0.04854741896758703,-0.020674036983359168,-0.02818697439946207,0.007512937416102903
2022-04-01,5,50,0.09599039615846339,0.011188024974701293,-0.020908280807230784,0.03209630578193208
2022-04-04,5,50,0.05315726290516206,0.0014611470044903264,-0.014129161952521185,0.01559030895701151
2022-04-05,5,50,0.07543817527010806,-0.002125091014083702,-0.017693947158291014,0.015568856144207312
2022-04-06,5,50,0.03558223289315726,0.0111448395245612,-0.000392746467077254,0.011537585991638455
2022-04-07,5,50,-0.12998799519807921,0.005688457398766067,0.00999026276130086,-0.0043018053625347935
2022-04-08,5,50,-0.16993997599039612,-0.0006199382640734163,0.005994786044635181,-0.0066147243087085975
2022-04-11,5,50,-0.21363745498199277,-0.01829570719066801,-0.0001537096546980199,-0.01814199753596999
2022-04-12,5,50,-0.20701080432172866,0.009400370633802346,0.027430019511446847,-0.0180296488776445
2022-04-13,5,50,-0.04230492196878751,0.02153529959047764,0.029203389127220803,-0.007668089536743163
2022-04-14,5,50,0.049315726290516206,0.021779742326655315,0.0074515044081406075,0.014328237918514708
2022-04-18,5,50,0.003793517406962785,-0.010668161586812663,-0.007460497977465952,-0.0032076636093467115
2022-04-19,5,50,-0.058439375750300115,-0.027692021236226716,-0.004825211656609862,-0.022866809579616853
2022-04-20,5,50,0.07140456182472989,-0.050608940617036205,-0.06062480912757651,0.010015868510540302
2022-04-21,5,50,0.061896758703481394,-0.05780948137526518,-0.06141589192240965,0.003606410547144466
2022-04-22,5,50,0.24600240096038412,-0.03133396100960358,-0.04718803261588532,0.015854071606281737
2022-04-25,5,50,0.38957983193277307,-0.03034971873490334,-0.06929031987799489,0.038940601143091544
2022-04-26,5,50,0.18136854741896757,-0.01723202712139127,-0.04743098019277414,0.030198953071382872
2022-04-27,5,50,0.12384153661464585,0.002565634049864285,-0.019579999014236703,0.022145633064100986
2022-04-28,5,50,0.035390156062424974,0.03164437454445555,0.005198160112716732,0.02644621443173882
2022-04-29,5,50,-0.0016807126226362481,-0.0078090919696297886,-0.024684069140546428,0.01687497717091664
2022-05-02,5,50,0.14208883553421367,0.02734815163893193,-0.004704152314791798,0.03205230395372373
2022-05-03,5,50,0.23034813925570227,-0.0042214632626129565,-0.028652520031114015,0.024431056768501058
2022-05-04,5,50,0.27606242496998795,-0.013150938047725236,-0.05007521416248044,0.036924276114755204
2022-05-05,5,50,0.38199279711884754,-0.025934919195084515,-0.09677728045983577,0.07084236126475126
2022-05-06,5,50,0.2758703481392557,-0.018942104831778418,-0.059522773621300075,0.04058066878952166
2022-05-09,5,50,0.12028811524609842,-0.02078655355946065,-0.032066047075819504,0.011279493516358853
2022-05-10,5,50,0.31102040816326526,0.03076528693446622,-0.00026439949219023704,0.031029686426656457
2022-05-11,5,50,0.20172869147659062,0.04924609361775094,0.04053975623804775,0.008706337379703187
2022-05-12,5,50,0.1775270108043217,0.015014430791092815,0.013507266186621814,0.001507164604471001
2022-05-13,5,50,0.11126050420168068,0.01466279169945366,-0.005203965299145885,0.019866756998599543
2022-05-16,5,50,0.20941176470588235,-0.002272641875998549,-0.012684407301694522,0.010411765425695973
2022-05-17,5,50,0.011380552220888355,0.015996705698231604,0.011620838413933543,0.004375867284298061
2022-05-18,5,50,0.18213685474189675,0.002341713839993076,-0.02732005885347144,0.029661772693464518
2022-05-19,5,50,0.18002400960384152,0.03503216423020215,0.018119362842714114,0.016912801387488033
2022-05-20,5,50,0.19394957983193276,0.05003281391076064,0.03931959667388076,0.01071321723687988
2022-05-23,5,50,-0.003601440576230492,0.07254946100674824,0.06857748872095067,0.00397197228579757
2022-05-24,5,50,-0.08888355342136854,0.04398767495776514,0.03832411737268613,0.005663557585079013
2022-05-25,5,50,-0.08312124849939975,0.0419061025764708,0.03752790940481032,0.00437819317166048
2022-05-26,5,50,-0.17234093637454984,0.027591570783668806,0.050880253989019075,-0.02328868320535027
2022-05-27,5,50,-0.037406962785114045,0.015664740975352243,0.02315674574351667,-0.007492004768164428
2022-05-31,5,50,0.0026410564225690276,-0.0023194680661608345,0.001269184771762577,-0.0035886528379234115
2022-06-01,5,50,0.18463385354141656,0.025269716283003618,0.008766844148353038,0.01650287213465058
2022-06-02,5,50,0.0811044417767107,0.009956024455058499,0.010240580690267797,-0.00028455623520929826
2022-06-03,5,50,0.05594237695078031,-0.029961916130603596,-0.033794883175580624,0.0038329670449770287
2022-06-06,5,50,0.07236494597839135,-0.055515091467784196,-0.05357537766983291,-0.001939713797951284
2022-06-07,5,50,-0.013205282112845136,-0.08623918782046916,-0.09309025326906403,0.006851065448594873
2022-06-08,5,50,0.00936374549819928,-0.10280579826932161,-0.11095059295270668,0.008144794683385068
2022-06-09,5,50,-0.12585834333733492,-0.08059990801012734,-0.08025758152836848,-0.00034232648175885894
2022-06-10,5,50,-0.049603841536614644,-0.08698511238481937,-0.08688385398439126,-0.00010125840042811418
2022-06-13,5,50,-0.14650660264105642,-0.061936380980457506,-0.0593768680148665,-0.002559512965591003
2022-06-14,5,49,-0.08653061224489796,-0.009215465132051048,-0.018292366687521964,0.009076901555470916
2022-06-15,5,50,-0.05661464585834333,-0.02544094960519907,-0.017635399076020387,-0.007805550529178681
2022-06-16,5,50,-0.07073229291716686,-0.02131525177836553,-0.01878778673241538,-0.0025274650459501495
2022-06-17,5,50,-0.2211284513805522,0.02808491072434256,0.05949518634339601,-0.03141027561905345
2022-06-21,5,50,-0.016950780312124852,0.04257217937788611,0.0349546187835031,0.0076175605943830105
2022-06-22,5,50,0.05594237695078031,0.01675051024520451,0.015456500016809926,0.0012940102283945827
2022-06-23,5,50,0.0052340936374549825,0.017853189923786494,0.020505930214467262,-0.0026527402906807683
2022-06-24,5,50,0.19663865546218487,0.014164112807179274,-0.0008426156862889278,0.015006728493468202
2022-06-27,5,50,0.3564465786314525,0.0073399862737280165,-0.02401579834635058,0.0313557846200786
2022-06-28,5,50,0.12124849939975989,-0.00583316914818649,-0.01739923697063831,0.011566067822451821
2022-06-29,5,50,-0.05853541416566627,-0.00290173052607805,-0.00625674203582185,0.0033550115097438
2022-06-30,5,50,-0.07092436974789915,0.014154124757880304,0.014107003264344142,4.7121493536162254e-05
2022-07-01,5,50,-0.0760144057623049,0.012466495815607503,0.014561149660931073,-0.00209465384532357
2022-07-05,5,50,-0.060456182472989194,-0.0006041673963648076,-0.007550969734872426,0.006946802338507619
2022-07-06,5,50,0.03615846338535413,0.00020780901439809707,0.0007852118146897235,-0.0005774028002916265
2022-07-07,5,50,0.053637454981992794,-0.006678216629658196,-0.011086442614692115,0.004408225985033919
2022-07-08,5,50,0.09176470588235294,-0.01661991815624836,-0.028857706119065896,0.012237787962817537
2022-07-11,5,50,-0.06487394957983193,0.0033036999028513868,-0.002263596305002902,0.005567296207854289
2022-07-12,5,50,-0.21911164465786312,-0.0029495278518754885,0.013412099152037681,-0.01636162700391317
2022-07-13,5,50,-0.1754141656662665,0.025642878544498905,0.039014698841965526,-0.01337182029746662
2022-07-14,5,50,-0.15428571428571428,0.02216208129581142,0.038453845058733636,-0.016291763762922216
2022-07-15,5,50,-0.12009603841536615,0.037959492827354356,0.06176296880619606,-0.023803475978841707
2022-07-18,5,50,-0.03202881152460984,0.015319245145264804,0.03655107648397572,-0.02123183133871092
2022-07-19,5,50,0.027418967587034812,0.032078210441291014,0.043983483988105865,-0.011905273546814851
2022-07-20,5,50,0.1721488595438175,0.01077506528121116,0.005444954384949752,0.005330110896261409
2022-07-21,5,50,0.15390156062424967,0.025744161668532738,0.014671136752119918,0.01107302491641282
2022-07-22,5,50,0.21968787515006,0.03395007276491828,0.0075381120964719715,0.026411960668446307
2022-07-25,5,50,0.24849939975990393,0.06577154773676297,0.03634258384156045,0.02942896389520252
2022-07-26,5,50,0.21767106842737097,0.04295786979371498,0.009086341069520009,0.033871528724194966
2022-07-27,5,50,0.26713085234093636,0.03315127121026011,0.007678393455125498,0.025472877755134612
2022-07-28,5,50,0.0974309723889556,0.020102496520520097,0.013720445790974856,0.00638205072954524
2022-07-29,5,50,-0.06362545018007203,-0.0025250476686171754,0.01034742200056401,-0.012872469669181187
2022-08-01,5,50,-0.12144057623049219,-0.01923118255397439,-0.004329958701173775,-0.014901223852800615
2022-08-02,5,50,-0.20797118847539015,-0.011221346641205044,0.005354128897695887,-0.01657547553890093
2022-08-03,5,50,-0.027130852340936373,0.0041957875207644605,0.007768450263961157,-0.0035726627431966968
2022-08-04,5,50,-0.05488595438175269,0.018207582574739256,0.0228623394928828,-0.004654756918143543
2022-08-05,5,50,0.10905162064825931,0.05066967060378078,0.02376191218954331,0.02690775841423747
2022-08-08,5,50,-0.08945978391356542,0.03893751388891662,0.03988663387198782,-0.0009491199830711991
2022-08-09,5,50,-0.00907563025210084,0.037265701514635444,0.03919146393089425,-0.0019257624162588097
2022-08-10,5,50,-0.35865546218487393,0.025965646022733057,0.04727480406083499,-0.021309158038101936
2022-08-11,5,49,-0.18561224489795913,0.01767328506088167,0.025214248761274403,-0.007540963700392731
2022-08-12,5,49,-0.10714285714285714,0.013863590491344358,0.015473340204538623,-0.0016097497131942647
2022-08-15,5,49,0.1420408163265306,0.012457100181848747,-0.010269256146168224,0.02272635632801697
2022-08-16,5,49,0.2320408163265306,0.003993950245260414,-0.03125312656086191,0.035247076806122324
2022-08-17,5,49,0.32530612244897955,0.023953104127384217,-0.04201596390219106,0.06596906802957528
2022-08-18,5,49,0.2940816326530612,0.011064049162688128,-0.03748342976317346,0.04854747892586159
2022-08-19,5,49,0.19367346938775507,0.007605675948845303,-0.020939588897002575,0.02854526484584788
2022-08-22,5,49,0.13591836734693877,-0.005767021641495951,-0.0338392623064639,0.028072240664967947
2022-08-23,5,49,0.2037755102040816,0.012049677117789625,-0.021835239492974008,0.033884916610763635
2022-08-24,5,49,0.0633673469387755,-0.021912940476248144,-0.03436460478899268,0.012451664312744533
2022-08-25,5,49,-0.056020408163265305,-0.03619527111976778,-0.04241380474503076,0.006218533625262979
2022-08-26,5,49,-0.02040816326530612,-0.04377886662121849,-0.030009052526751394,-0.013769814094467099
2022-08-29,5,49,0.08132653061224489,-0.02633187338329379,-0.027714696946155224,0.0013828235628614328
2022-08-30,5,49,0.05959183673469388,-0.025330015006392204,-0.026481894784330298,0.001151879777938094
2022-08-31,5,49,0.09224489795918366,0.00672262433302302,-0.006472841095827809,0.01319546542885083
2022-09-01,5,49,-0.024795918367346938,0.01028594477650483,0.005587774659103367,0.0046981701174014625
2022-09-02,5,49,-0.046836734693877544,0.017032571567939313,0.0187192505817318,-0.001686679013792488
2022-09-06,5,49,-0.13428571428571426,0.04037987729998255,0.04539331124354587,-0.005013433943563322
2022-09-07,5,49,-0.2726530612244898,0.0030197820862506554,0.008942902514824054,-0.005923120428573399
2022-09-08,5,49,-0.136734693877551,-0.008269671494539743,-0.014419175406282977,0.006149503911743234
2022-09-09,5,49,-0.19520408163265304,-0.029430691124203257,-0.0324705567634095,0.0030398656392062427
2022-09-12,5,49,-0.15591836734693879,-0.04245698042419255,-0.025566936140055896,-0.01689004428413665
2022-09-13,5,49,-0.12357142857142855,-0.04509044130160815,-0.03338220592262951,-0.011708235378978638
2022-09-14,5,49,-0.17091836734693874,-0.024126682322464798,-0.012777003891429205,-0.011349678431035593
2022-09-15,5,49,-0.10010204081632652,-0.05497329316802605,-0.03487066892722617,-0.02010262424079988
2022-09-16,5,49,0.22265306122448977,-0.0360664609514212,-0.055019586737549225,0.018953125786128025
2022-09-19,5,49,0.20489795918367343,-0.05354705988533287,-0.06660785418709184,0.013060794301758966
2022-09-20,5,49,0.10989795918367347,-0.07699855213482909,-0.09052553495675614,0.013526982821927047
2022-09-21,5,49,-0.029081632653061223,-0.07506648438047461,-0.06706993300179181,-0.007996551378682798
2022-09-22,5,49,-0.14887755102040814,-0.04036902660213328,-0.027669968454219047,-0.012699058147914236
2022-09-23,5,49,-0.31785714285714284,-0.05615817166759398,-0.025915991030559762,-0.030242180637034217
2022-09-26,5,49,-0.2247959183673469,-0.04148770150845662,-0.017634551358916045,-0.023853150149540574
2022-09-27,5,49,-0.241734693877551,0.009220129892512752,0.019364089971230736,-0.010143960078717984
2022-09-28,5,49,-0.3024489795918367,0.02746582246075082,0.05712221078407374,-0.029656388323322923
2022-09-29,5,49,-0.22224489795918365,0.004370460326180892,0.03942462887626381,-0.03505416855008291
2022-09-30,5,49,-0.21581632653061225,0.012290228073343156,0.05805737457131767,-0.04576714649797451
2022-10-03,5,49,-0.16520408163265304,0.012619448392582767,0.03392084810182258,-0.021301399709239815
2022-10-04,5,49,-0.21459183673469387,-0.026928495412588516,0.004441660016683113,-0.03137015542927163
2022-10-05,5,49,-0.06428571428571428,-0.06519483107959753,-0.031204981983514006,-0.033989849096083526
2022-10-06,5,49,-0.1293877551020408,-0.05597502947921697,-0.021557728816538932,-0.034417300662678035
2022-10-07,5,49,-0.07693877551020407,-0.014826555412944597,0.009707793917075288,-0.024534349330019883
2022-10-10,5,49,-0.16846938775510203,-0.018187867126813296,0.006397653150481858,-0.024585520277295155
2022-10-11,5,49,-0.11571428571428571,0.013468688583763155,0.030522139430539077,-0.01705345084677592
2022-10-12,5,49,-0.015102040816326528,0.027169891389137446,0.03874139708387885,-0.011571505694741406
2022-10-13,5,49,0.195,0.04108158881496389,0.028974484963672633,0.012107103851291257
2022-10-14,5,49,0.06112244897959183,-0.00073745152033039,0.0011641978124870616,-0.0019016493328174516
2022-10-17,5,49,-0.18357142857142855,0.04557504582325269,0.05601590302636721,-0.010440857203114523
2022-10-18,5,49,-0.23112244897959183,0.040340188538068276,0.03388322235708403,0.00645696618098425
2022-10-19,5,49,-0.20255102040816325,0.01480207587048139,0.03973474241527759,-0.024932666544796197
2022-10-20,5,49,-0.19959183673469388,0.043662905728125666,0.0541810304076398,-0.010518124679514136
2022-10-21,5,49,-0.04612244897959183,0.045697722642471475,0.05021242057951709,-0.004514697937045613
2022-10-24,5,49,-0.1420408163265306,0.045464946925042785,0.06467745812905205,-0.01921251120400927
2022-10-25,5,49,-0.03132653061224489,0.03291827368159654,0.03559943252461906,-0.002681158843022516
2022-10-26,5,49,-0.009285714285714284,0.028306151901331445,0.03191660854425814,-0.0036104566429266925
2022-10-27,5,49,-0.07265306122448979,-0.005184095422903934,0.007061123533754494,-0.012245218956658428
2022-10-28,5,49,-0.01030612244897959,0.002467088874137069,-0.012124958720337808,0.014592047594474878
2022-10-31,5,49,0.061224489795918366,0.005559207492651208,-0.012885849826315441,0.01844505731896665
2022-11-01,5,49,-0.026734693877551015,0.02045813105784101,0.004802517759638938,0.015655613298202073
2022-11-02,5,49,-0.19551020408163264,0.005295352569614942,0.030695243639676746,-0.025399891070061804
2022-11-03,5,49,-0.1646938775510204,-0.005801515037291105,0.026961240106401083,-0.03276275514369219
2022-11-04,5,49,-0.358673469387755,0.018066244484594606,0.12184882829472733,-0.10378258381013272
2022-11-07,5,49,-0.1847959183673469,0.03588930947858382,0.09133227962046203,-0.05544297014187821
2022-11-08,5,49,-0.007244897959183673,0.04014951577997461,0.062288650205886906,-0.022139134425912296
2022-11-09,5,49,0.05530612244897959,0.04560162333313571,0.04933216038588676,-0.0037305370527510526
2022-11-10,5,49,0.06459183673469387,0.05220367599460769,0.05761491105219078,-0.0054112350575830845
2022-11-11,5,49,-0.0029591836734693872,-0.004319886661299066,0.005938470542093683,-0.01025835720339275
2022-11-14,5,49,0.156734693877551,0.0005255266150769988,-0.011447722913152079,0.011973249528229077
2022-11-15,5,49,0.2483673469387755,0.02779621995862308,-0.008826960638847433,0.036623180597470516
2022-11-16,5,49,0.16571428571428568,0.022905478400197254,0.0012932827433725061,0.021612195656824748
2022-11-17,5,49,-0.05204081632653061,0.022188433917677875,0.024425597534131933,-0.0022371636164540583
2022-11-18,5,49,0.1610204081632653,0.04031368591114217,0.02512072312127742,0.01519296278986475
2022-11-21,5,49,-0.018265306122448977,-0.002504236146748129,0.0036829322780916884,-0.006187168424839818
2022-11-22,5,49,-0.1070408163265306,0.0015160946943199138,0.0022166774059920857,-0.0007005827116721719
2022-11-23,5,49,-0.06540816326530612,0.008297664655100224,0.013366636899936113,-0.005068972244835889
2022-11-25,5,49,-0.06979591836734693,0.00831250340772428,0.008155068019094429,0.00015743538862985143
2022-11-28,5,49,-0.10979591836734691,0.01195362962905373,0.010196141234963449,0.001757488394090281
2022-11-29,5,49,-0.17632653061224488,0.0008364668256894969,0.020599540826629095,-0.019763074000939598
2022-11-30,5,49,0.012857142857142857,-0.00617828845086249,0.007934443890698787,-0.014112732341561277
2022-12-01,5,49,0.11346938775510203,-0.02589221001251222,-0.029263278267663187,0.0033710682551509677
2022-12-02,5,49,0.2429591836734694,-0.009961953594358674,-0.024472019318060707,0.014510065723702033
2022-12-05,5,49,0.13418367346938775,-0.02392993322181287,-0.026371082186164366,0.002441148964351495
2022-12-06,5,49,0.2160204081632653,0.013125125893241208,0.005872396967470044,0.007252728925771164
2022-12-07,5,49,-0.08428571428571427,0.009865781474564017,0.02680787163798383,-0.016942090163419812
2022-12-08,5,49,-0.05010204081632653,0.011785500112906999,0.013493633943653462,-0.0017081338307464635
2022-12-09,5,49,0.2101020408163265,-0.017218639942127134,-0.02622819826088285,0.009009558318755717
2022-12-12,5,49,0.18438775510204078,-0.020977563575204205,-0.024222104399731256,0.0032445408245270514
2022-12-13,5,49,0.2094897959183673,-0.040764289353296235,-0.04599306894988291,0.005228779596586679
2022-12-14,5,49,0.09693877551020408,-0.05028465377521463,-0.052279184407789496,0.001994530632574869
2022-12-15,5,49,0.08469387755102038,-0.018756113095825245,-0.02670119305707661,0.007945079961251364
2022-12-16,5,49,-0.026224489795918363,-0.00962793966573664,-0.010596367360624033,0.0009684276948873933
2022-12-19,5,49,0.2094897959183673,0.022982302012525536,0.0011416809011424414,0.021840621111383095
2022-12-20,5,49,0.12081632653061222,0.01614006594065017,0.014067467056416014,0.0020725988842341565
2022-12-21,5,49,0.2511224489795918,0.006282726643225179,-0.006548703724253029,0.012831430367478209
2022-12-22,5,48,0.27876682587928786,-6.691880717359932e-05,-0.023330134390032446,0.02326321558285885
2022-12-23,5,48,0.3072079895788102,0.007363001039734929,-0.003907055427982777,0.011270056467717705
2022-12-27,5,48,-0.05503690838037343,-0.008183676271754193,-0.0014758816435045397,-0.006707794628249653
2022-12-28,5,48,-0.28126356925749024,-0.0035473967394216268,0.024729382447917496,-0.028276779187339122
2022-12-29,5,48,-0.38873208858011293,0.0027126517913640957,0.034445075111739186,-0.03173242332037509
2022-12-30,5,48,-0.2526052974381242,0.01653996135763771,0.03937698312034289,-0.022837021762705183
2023-01-03,5,47,-0.11251156336725254,0.026499477552809146,0.029332472966370846,-0.0028329954135617
2023-01-04,5,47,-0.16581868640148012,0.027898660265269194,0.035685808228617694,-0.007787147963348499
2023-01-05,5,47,-0.11251156336725254,0.031706993943901196,0.03172658680695565,-1.9592863054453125e-05
2023-01-06,5,47,-0.014801110083256245,0.05750659780011895,0.035919778730912615,0.021586819069206335
2023-01-09,5,47,-0.051919518963922294,0.026768553151169393,0.018774082387454247,0.007994470763715147
2023-01-10,5,47,0.00786308973172988,0.018759392965572386,0.0054359190864530105,0.013323473879119375
2023-01-11,5,48,0.03549717759444203,0.001841527068313753,-0.011655118276611007,0.01349664534492476
2023-01-12,5,48,0.21287451150673034,-0.016166828234610797,-0.03187335374597955,0.015706525511368752
2023-01-13,5,48,0.1141988710377768,-0.01264670972477333,-0.022281907475889366,0.009635197751116036
2023-01-17,5,48,-0.08966565349544073,-0.009597939295109614,-0.00035829792702568586,-0.009239641368083928
2023-01-18,5,48,-0.0737082066869301,-0.005719165477360688,0.010933315596859469,-0.016652481074220158
2023-01-19,5,48,-0.0035822839774207554,0.011390443224964898,0.010978589349469195,0.0004118538754957022
2023-01-20,5,49,0.12,0.025010835037291936,0.028168140606052328,-0.003157305568760392
2023-01-23,5,49,0.08714285714285712,0.0112428450779558,0.010824848787861385,0.0004179962900944141
2023-01-24,5,49,0.027653061224489794,-0.0020421152339251568,-0.009022330062667568,0.006980214828742411
2023-01-25,5,49,0.11377551020408162,0.01423974458628624,0.01852413820526317,-0.00428439361897693
2023-01-26,5,49,-0.19030612244897957,0.014972066904052872,0.020338165390192668,-0.0053660984861397965
2023-01-27,5,49,-0.27908163265306124,0.004402857876494947,0.02655806311677707,-0.022155205240282125
2023-01-30,5,49,-0.20387755102040817,-0.002720644346517953,0.009761381771940796,-0.012482026118458748
2023-01-31,5,49,-0.18642857142857142,-0.004972601843252133,0.010479544147073132,-0.015452145990325265
2023-02-01,5,49,-0.23163265306122446,-0.01563020837406128,0.006333768771158333,-0.021963977145219617
2023-02-02,5,49,-0.07642857142857142,-0.02327925209591204,-0.01143294788069111,-0.01184630421522093
2023-02-03,5,49,0.04224489795918367,-0.03923280185090542,-0.023839380635861846,-0.015393421215043574
2023-02-06,5,49,0.030204081632653056,-0.023035433685585693,-0.007580597107922372,-0.015454836577663321
2023-02-07,5,49,-0.105,-0.00726057880196711,0.006935506468753627,-0.014196085270720738
2023-02-08,5,49,0.09275510204081633,-0.0108143036154149,-0.011522974452089274,0.0007086708366743737
2023-02-09,5,49,-0.06265306122448978,0.0013120105754691024,0.011516016718824358,-0.010204006143355256
2023-02-10,5,49,0.03918367346938775,0.009155583926201893,-0.003019650161646243,0.012175234087848135
2023-02-13,5,49,0.04010204081632653,-0.00250975967020578,-0.015526900780797758,0.013017141110591978
2023-02-14,5,49,0.09877551020408162,-0.024750573625170136,-0.03698289195819201,0.012232318333021873
2023-02-15,5,49,0.03663265306122449,-0.03146738573951953,-0.04408466293221453,0.012617277192695002
2023-02-16,5,49,0.12530612244897957,-0.03281408836860783,-0.04129389693499278,0.008479808566384951
2023-02-17,5,49,0.09255102040816325,-0.03093194329554625,-0.02653862215343445,-0.0043933211421118
2023-02-21,5,49,0.09561224489795918,-0.02832804501006374,-0.025737377281187572,-0.002590667728876169
2023-02-22,5,49,0.03387755102040816,-0.017152725226436228,-0.010818408799661092,-0.006334316426775136
2023-02-23,5,49,-0.09091836734693877,-0.01939215486887167,-0.01020087793790303,-0.00919127693096864
2023-02-24,5,49,-0.07081632653061223,-0.00548412105546483,0.003759261561092248,-0.009243382616557078
2023-02-27,5,49,-0.062346938775510195,0.013647802852395497,0.013144495407983903,0.000503307444411594
2023-02-28,5,49,0.16989795918367348,0.023500011687193033,0.01130901496521381,0.012190996721979222
2023-03-01,5,49,0.2915306122448979,0.009243757726613889,-0.0018442209461167665,0.011087978672730656
2023-03-02,5,49,0.3489795918367347,0.025303579305096236,0.003355525008806685,0.02194805429628955
2023-03-03,5,49,0.4158163265306122,-0.0035784825279169042,-0.037414819945201364,0.03383633741728446
2023-03-06,5,49,0.4162244897959183,-0.016987608749312245,-0.06821615661344994,0.0512285478641377
2023-03-07,5,49,0.3036734693877551,-0.01829732291643458,-0.0709574933133327,0.052660170396898125
2023-03-08,5,49,0.3127551020408163,0.005973073082504343,-0.04012202959417604,0.046095102676680384
2023-03-09,5,49,0.20918367346938774,0.0009802322545906183,-0.04795709701949226,0.048937329274082876
2023-03-10,5,49,0.14265306122448979,0.01593072484157181,-0.022702275748572323,0.03863300059014413
2023-03-13,5,49,0.14418367346938776,0.01293704323821806,-0.01831509620830664,0.0312521394465247
2023-03-14,5,49,0.00683673469387755,0.021199503235162166,0.008503914661682136,0.01269558857348003
2023-03-15,5,49,0.04122448979591836,0.010768231928414173,0.010422927958668442,0.00034530396974573156
2023-03-16,5,49,0.18591836734693873,0.009132133885603456,-0.007317247975702583,0.01644938186130604
2023-03-17,5,49,0.036326530612244896,-0.013172894643677801,-0.01555721917058713,0.002384324526909329
2023-03-20,5,49,-0.04714285714285714,0.002919686676888145,0.0024269374714630037,0.0004927492054251411
2023-03-21,5,49,0.19224489795918365,0.00311910321613128,0.001327786179374309,0.0017913170367569711
2023-03-22,5,49,0.3154081632653061,0.004371923469756978,-0.017054293203340683,0.02142621667309766
2023-03-23,5,49,0.19693877551020406,0.03758143381300001,0.01778079189013457,0.01980064192286544
2023-03-24,5,49,0.24693877551020407,0.039567022254306236,0.019840220899160217,0.01972680135514602
2023-03-27,5,49,-0.1233673469387755,0.04470951708018116,0.04122677128396636,0.003482745796214798
2023-03-28,5,49,-0.06816326530612245,0.04676868829336467,0.03715964697097015,0.00960904132239452
2023-03-29,5,49,0.04112244897959182,0.02634218073626986,0.025090974724992245,0.0012512060112776155
2023-03-30,5,49,0.04561224489795918,0.01825013599948717,0.01961347894104548,-0.0013633429415583105
2023-03-31,5,49,0.02224489795918367,0.014421595399159026,0.01875701431090984,-0.004335418911750813
2023-04-03,5,49,0.037959183673469385,0.007061187834017091,0.005471614002670044,0.0015895738313470463
2023-04-04,5,49,-0.05581632653061224,0.00525608340249627,0.006456380128133444,-0.0012002967256371745
2023-04-05,5,49,-0.08683673469387752,0.013627324952404152,0.018105681685126645,-0.004478356732722493
2023-04-06,5,49,-0.36224489795918363,0.006029528114215943,0.02655108955312112,-0.020521561438905177
2023-04-10,5,49,-0.43602040816326526,-0.0025413172378507265,0.03199873304913581,-0.034540050286986534
2023-04-11,5,49,-0.4744897959183673,-0.0018564301867036615,0.03442408052103377,-0.036280510707737426
2023-04-12,5,49,-0.4714285714285714,0.0032807187338299458,0.025336483422009608,-0.02205576468817966
2023-04-13,5,49,-0.3037755102040816,0.0003978970589268327,0.01844085438744029,-0.018042957328513458
2023-04-14,5,49,-0.10479591836734692,-0.0018683137749025635,-0.003606357646981917,0.0017380438720793535
2023-04-17,5,49,-0.07642857142857142,0.014908088210873915,0.0021284107254740947,0.01277967748539982
2023-04-18,5,49,-0.1126530612244898,0.004624242130768397,-0.005411624056152463,0.01003586618692086
2023-04-19,5,49,-0.18326530612244896,-0.012298254127613862,-0.007733002530287438,-0.004565251597326424
2023-04-20,5,49,-0.10448979591836734,-0.03133338037617652,-0.029252485898046892,-0.0020808944781296294
2023-04-21,5,49,-0.051326530612244896,-0.015454011738787488,-0.011201150378864723,-0.004252861359922765
2023-04-24,5,49,-0.020102040816326525,-0.008000514105847956,-0.0005163801548438244,-0.007484133951004131
2023-04-25,5,49,0.19704081632653062,-0.010025146688327746,-0.007721535759145988,-0.002303610929181758
2023-04-26,5,49,0.14244897959183672,0.0006896309911169407,-0.010832970440663855,0.011522601431780796
2023-04-27,5,49,-0.07846938775510202,-0.008637553508906392,0.004403739332944936,-0.013041292841851328
2023-04-28,5,49,-0.03418367346938775,-0.022825323728897506,-0.02124390034460233,-0.0015814233842951775
2023-05-01,5,49,-0.08438775510204079,-0.02096804043109578,-0.010719109615652589,-0.010248930815443192
2023-05-02,5,49,-0.0957142857142857,-0.013839952783930565,-0.01295868324510547,-0.0008812695388250961
2023-05-03,5,49,0.07408163265306122,-0.007390873689472688,-0.005221259575088751,-0.0021696141143839375
2023-05-04,5,49,0.25224489795918364,0.03289957415307421,-0.00686725579637299,0.0397668299494472
2023-05-05,5,49,0.18234693877551017,0.014794384853659515,-0.0055754213018232145,0.020369806155482728
2023-05-08,5,49,0.09663265306122448,-0.00673522471254745,-0.018850600883722455,0.012115376171175005
2023-05-09,5,49,0.31693877551020405,-0.0053791427258066075,-0.020948481815566362,0.015569339089759755
2023-05-10,5,49,0.049183673469387755,-0.012035860683379784,-0.02246485528602076,0.010428994602640978
2023-05-11,5,49,0.21591836734693873,0.010876478141383917,-0.017489199799074855,0.028365677940458772
2023-05-12,5,49,0.07469387755102042,0.027583164505296753,0.007862013915588014,0.01972115058970874
2023-05-15,5,49,0.1133673469387755,0.03019339721346982,0.0066159818725780705,0.02357741534089175
2023-05-16,5,49,0.023061224489795914,0.024401772037363,0.0019856798331028764,0.022416092204260125
2023-05-17,5,49,0.03479591836734693,0.02919204080139093,0.005104379766415645,0.024087661034975283
2023-05-18,5,49,0.09948979591836735,-0.006199192355393202,-0.013452575983206198,0.0072533836278129964
2023-05-19,5,49,0.14061224489795918,0.02133117546205384,-0.019355862841062166,0.040687038303116006
2023-05-22,5,49,-0.0012244897959183673,0.04632922097188422,-0.011997551824873979,0.0583267727967582
2023-05-23,5,49,-0.03642857142857142,0.037309515230173416,-0.019152140398784396,0.056461655628957816
2023-05-24,5,49,0.06642857142857142,0.026742908522493437,-0.02246223734855314,0.049205145871046574
2023-05-25,5,49,0.12020408163265303,0.04822026919058604,-0.012611445440057113,0.06083171463064316
2023-05-26,5,49,-0.15224489795918364,0.023464391511454175,0.021796875318859002,0.0016675161925951733
2023-05-30,5,49,-0.11653061224489794,0.003553999939838981,0.017146129227681883,-0.013592129287842902
2023-05-31,5,49,-0.17428571428571424,0.010151642454377784,0.021872656802488497,-0.011721014348110712
2023-06-01,5,49,-0.2537755102040816,0.01027284797951743,0.038111996373625306,-0.027839148394107876
2023-06-02,5,49,-0.2214285714285714,0.03193770405675085,0.038665864487407116,-0.0067281604306562645
2023-06-05,5,49,0.1860204081632653,0.016758057168042483,0.00635137597845983,0.010406681189582653
2023-06-06,5,49,-0.022448979591836733,0.020131957607427153,0.01880535945380568,0.0013265981536214715
2023-06-07,5,49,-0.0011224489795918367,0.030803563451040537,0.021242709894537543,0.009560853556502994
2023-06-08,5,49,-0.0943877551020408,0.015312636792204048,0.0246025836170798,-0.009289946824875753
2023-06-09,5,49,-0.1279591836734694,0.023240460205687062,0.010295969066914792,0.01294449113877227
2023-06-12,5,49,0.025714285714285714,0.0219150681747196,0.012840221619883962,0.009074846554835637
2023-06-13,5,49,0.21061224489795918,0.00457546614192994,-0.007512931942703909,0.012088398084633849
2023-06-14,5,49,0.11326530612244898,-0.0036204427243376135,-0.01406001882010488,0.010439576095767266
2023-06-15,5,49,0.198469387755102,-0.007591156820359557,-0.019549986096404435,0.011958829276044879
2023-06-16,5,49,0.07775510204081632,-0.03140318223041003,-0.030817206655064155,-0.0005859755753458776
2023-06-20,5,49,0.053775510204081625,-0.023699541163539374,-0.018909857425408665,-0.004789683738130709
2023-06-21,5,49,-0.08520408163265306,-0.007955938370916427,0.004519510096138836,-0.012475448467055263
2023-06-22,5,49,-0.22255102040816324,-0.00832066433056583,-0.00034258156501369247,-0.007978082765552138
2023-06-23,5,49,-0.1243877551020408,0.00807488182389402,0.014534913248563177,-0.006460031424669157
2023-06-26,5,49,-0.03183673469387755,0.02228746116846081,0.020505993645306857,0.0017814675231539526
2023-06-27,5,49,-0.024591836734693878,0.02678092242416894,0.022303146435167818,0.004477775989001124
2023-06-28,5,49,0.13581632653061224,0.014259189603729128,0.002779701593127817,0.011479488010601311
2023-06-29,5,49,0.4498979591836734,0.007011959087236686,-0.011969845409301374,0.01898180449653806
2023-06-30,5,49,0.3683673469387755,-0.0013017537409570235,-0.011291499748278255,0.009989746007321231
2023-07-03,5,49,0.20132653061224487,-0.006512399088432619,-0.00823688610708933,0.00172448701865671
2023-07-05,5,49,0.07795918367346939,0.006871727564363983,0.006037002980346805,0.0008347245840171777
2023-07-06,5,49,-0.07428571428571427,0.023311905098788645,0.025318658126163122,-0.0020067530273744777
2023-07-07,5,49,-0.16857142857142854,0.03577991079171947,0.04973978325113325,-0.013959872459413776
2023-07-10,5,49,0.141734693877551,0.03542631604201034,0.02290267051002363,0.012523645531986708
2023-07-11,5,49,0.06173469387755102,0.026799804263264525,0.019010219144684322,0.007789585118580203
2023-07-12,5,49,0.03979591836734694,0.010452295973134684,0.012644975907559617,-0.0021926799344249327
2023-07-13,5,49,-0.0523469387755102,-0.0003229795134391478,0.00974840901926535,-0.010071388532704497
2023-07-14,5,49,-0.1257142857142857,-0.004514801686497228,0.012384055928499635,-0.016898857614996862
2023-07-17,5,49,-0.1471428571428571,0.009856433683764609,0.026748312266558296,-0.016891878582793687
2023-07-18,5,49,-0.0636734693877551,0.01642883733209456,0.02985022108598962,-0.013421383753895063
2023-07-19,5,49,-0.039693877551020405,0.02473484356875997,0.0207875102956432,0.00394733327311677
2023-07-20,5,49,-0.049183673469387755,0.0169990419678831,0.020026195412586174,-0.003027153444703074
2023-07-21,5,49,-0.20479591836734692,-0.0026399790517027343,0.007337012161361709,-0.009976991213064444
2023-07-24,5,49,-0.25030612244897954,-0.012502494855961933,0.015640274489621797,-0.02814276934558373
2023-07-25,5,48,-0.19669995657837602,-0.00542070746809854,0.017812450121565664,-0.023233157589664204
2023-07-26,5,49,-0.25755102040816324,-0.009544708982760797,0.007022387831572681,-0.01656709681433348
2023-07-27,5,49,-0.24857142857142855,-0.03223493134202597,-0.0020165736129546838,-0.030218357729071287
2023-07-28,5,49,-0.18520408163265306,-0.01491123019359658,-0.0039138047492792705,-0.01099742544431731
2023-07-31,5,49,-0.1173469387755102,-0.027964340670680887,-0.012536406673203573,-0.015427933997477314
2023-08-01,5,49,-0.0773469387755102,-0.025040744447610886,-0.006667471694378486,-0.0183732727532324
2023-08-02,5,49,-0.12091836734693878,-0.012712345776896606,-0.007581707234859859,-0.005130638542036747
2023-08-03,5,49,-0.07438775510204082,-0.005067505601027344,0.0003346751616368277,-0.005402180762664172
2023-08-04,5,49,-0.055408163265306114,-0.00019999628725160258,0.004687942930064162,-0.004887939217315764
2023-08-07,5,49,-0.09948979591836735,-0.005945655475441814,0.003581644720323395,-0.009527300195765209
2023-08-08,5,49,-0.09316326530612244,-0.008761543023822215,-0.004750578564144996,-0.00401096445967722
2023-08-09,5,49,0.10928571428571428,-0.012806265361897074,-0.01799983376359588,0.005193568401698807
2023-08-10,5,49,0.10285714285714286,-0.013134414422211272,-0.018995570665542385,0.005861156243331113
2023-08-11,5,49,0.07785714285714285,-0.026331135170604446,-0.017963399445194612,-0.008367735725409834
2023-08-14,5,49,0.1546938775510204,-0.019659316605086418,-0.024533132854642807,0.004873816249556389
2023-08-15,5,49,0.0523469387755102,-0.023208321118237275,-0.025944881089625758,0.002736559971388483
2023-08-16,5,49,0.029489795918367343,-0.01231162056670707,-0.020781157134682524,0.008469536567975453
2023-08-17,5,49,0.14530612244897959,-0.0007944965477162946,-0.00873561354884653,0.007941117001130236
2023-08-18,5,49,0.043877551020408155,-0.00878000201344895,-0.014426217951983893,0.005646215938534942
2023-08-21,5,49,-0.007857142857142856,-0.008111622991549505,-0.012025587712475798,0.003913964720926293
2023-08-22,5,49,-0.02816326530612245,-0.001357494779324231,0.0026248634946471152,-0.003982358273971346
2023-08-23,5,49,-0.313469387755102,0.006526113363333907,0.024460564830942017,-0.01793445146760811
2023-08-24,5,49,-0.18469387755102037,0.00664929244762672,0.01875291015767106,-0.012103617710044342
2023-08-25,5,49,-0.005612244897959183,0.015913038632621633,0.02238672099390926,-0.006473682361287626
2023-08-28,5,49,0.02877551020408163,0.032031293921270854,0.02729209730373383,0.004739196617537023
2023-08-29,5,49,0.09132653061224488,0.01217386426165501,0.003533893437101495,0.008639970824553514
2023-08-30,5,49,0.07969387755102039,-0.003338941280535068,-0.01060389504929387,0.007264953768758802
2023-08-31,5,49,0.2743877551020408,0.0018304659897044884,-0.031054941423825946,0.03288540741353044
2023-09-01,5,49,0.1711224489795918,0.004357174917706807,-0.006930750137905327,0.011287925055612134
2023-09-05,5,49,0.08224489795918365,-0.0017664618722613378,-0.016014131340700892,0.014247669468439554
2023-09-06,5,49,0.004183673469387755,0.00909303768827886,-0.003730884276131441,0.0128239219644103
2023-09-07,5,49,0.13163265306122449,0.009942124845519384,-0.0021630517552461027,0.012105176600765486
2023-09-08,5,49,-0.08275510204081632,0.01660492565703179,0.03216543272229507,-0.015560507065263282
2023-09-11,5,49,-0.05316326530612245,-0.005286866399283585,0.011292692955358877,-0.016579559354642462
2023-09-12,5,49,-0.19979591836734692,-0.008480294786160669,0.007045730093529613,-0.015526024879690282
2023-09-13,5,49,-0.10540816326530611,-0.0054956252679707164,-0.002653022505631523,-0.0028426027623391936
2023-09-14,5,49,-0.2292857142857143,-0.013913348857275886,-0.0018583787274086456,-0.01205497012986724
2023-09-15,5,49,-0.3472448979591837,-0.0474354521601558,-0.0317692921048777,-0.0156661600552781
2023-09-18,5,49,-0.13122448979591836,-0.03497394718517556,-0.028507995236024358,-0.006465951949151203
2023-09-19,5,49,-0.23765306122448976,-0.036770152649515706,-0.016736668763436897,-0.02003348388607881
2023-09-20,5,49,-0.3496938775510203,-0.04380999350704477,-0.024268358613326324,-0.01954163489371845
2023-09-21,5,49,-0.31602040816326527,-0.053308638668547584,-0.01675679801450347,-0.03655184065404411
2023-09-22,5,49,-0.06091836734693877,-0.023636421633989445,0.0012023506155081076,-0.024838772249497553
2023-09-25,5,49,-0.12989795918367344,-0.024693881527099025,0.0052363711740272606,-0.029930252701126286
2023-09-26,5,49,-0.15999999999999998,-0.05055545294926701,-0.0028453979697531263,-0.04771005497951389
2023-09-27,5,49,-0.09755102040816324,-0.04444044832357306,-0.005645910363857791,-0.03879453795971527
2023-09-28,5,49,-0.0015306122448979593,-0.022942117915786153,-0.015977811316986428,-0.006964306598799725
2023-09-29,5,49,-0.143469387755102,-0.03665173562399139,-0.005740971582864327,-0.030910764041127064
2023-10-02,5,49,-0.15020408163265306,-0.02390783537178638,-0.003608617128381021,-0.02029921824340536
2023-10-03,5,49,-0.050816326530612244,0.0055302453038408635,0.015381449794752287,-0.009851204490911423
2023-10-04,5,49,0.0870408163265306,0.029203985331608284,0.0344177893821528,-0.0052138040505445155
2023-10-05,5,49,0.11051020408163266,0.040718292683038726,0.030342479724731992,0.010375812958306734
2023-10-06,5,49,0.07714285714285714,0.03643999751608824,0.038030840117607156,-0.001590842601518913
2023-10-09,5,50,0.21728691476590636,0.030697088003020033,0.01852101101621394,0.012176076986806093
2023-10-10,5,50,0.29863145258103235,0.029492394927470977,0.013352106288183873,0.016140288639287105
2023-10-11,5,50,0.16763505402160866,0.013724273697547928,0.001440363124478139,0.012283910573069788
2023-10-12,5,50,-0.052100840336134456,-0.011686518971685166,-0.014976239574357087,0.0032897206026719205
2023-10-13,5,50,-0.06285714285714285,-0.016592876941611833,-0.013863386786267484,-0.0027294901553443496
2023-10-16,5,50,-0.1787755102040816,-0.029919878036742942,-0.0176200647217858,-0.012299813314957143
2023-10-17,5,50,-0.28364945978391354,-0.05730405704537707,-0.03491725295683693,-0.022386804088540137
2023-10-18,5,50,-0.1675390156062425,-0.05111774356273603,-0.028930509947238437,-0.022187233615497595
2023-10-19,5,50,-0.04998799519807923,-0.02899916777485999,-0.025540651304869832,-0.0034585164699901597
2023-10-20,5,50,-0.08763505402160864,-0.019338425593650642,0.003044616207740336,-0.022383041801390977
2023-10-23,5,50,-0.15188475390156062,-0.02029564666608775,0.0016624699383881781,-0.02195811660447593
2023-10-24,5,50,-0.1833853541416567,-0.0037746528977013914,0.008017251434605011,-0.011791904332306404
2023-10-25,5,50,0.017911164465786316,-0.002501790579659402,-0.0132189945475224,0.010717203967862998
2023-10-26,5,50,0.06468187274909963,0.012337143309276733,0.014424923667131917,-0.002087780357855184
2023-10-27,5,50,0.02127250900360144,0.04498484227722928,0.04048440044696951,0.0045004418302597715
2023-10-30,5,50,0.008019207683073229,0.07161967462536097,0.0690187518157448,0.0026009228096161713
2023-10-31,5,50,0.02280912364945978,0.05258643711824016,0.045283227923626955,0.0073032091946132055
2023-11-01,5,50,0.05392557022809123,0.03880470696179354,0.022072442209527032,0.01673226475226651
2023-11-02,5,50,-0.05238895558223289,0.029445603808822596,0.030491323964235283,-0.0010457201554126862
2023-11-03,5,50,-0.2155582232893157,-0.016530591399777795,0.0024095145462006305,-0.018940105945978426
2023-11-06,5,50,-0.13747899159663865,-0.020186417418519398,0.0010356668493179955,-0.021222084267837393
2023-11-07,5,50,-0.1171188475390156,-0.017690616353390733,0.008866673222513288,-0.02655728957590402
2023-11-08,5,50,0.003217286914765906,0.02041211566135285,0.029401884122725118,-0.008989768461372269
2023-11-09,5,50,-0.049219687875150055,0.025286033058544533,0.03614841107584453,-0.010862378017299997
2023-11-10,5,50,0.09426170468187275,0.04136298490299304,0.032846745370438156,0.008516239532554884
2023-11-13,5,50,0.028667466986794718,0.02394705053851607,0.025911495061443857,-0.001964444522927787
2023-11-14,5,50,0.015606242496998797,0.03175009045210527,0.03490168287401272,-0.003151592421907448
2023-11-15,5,50,-0.027130852340936373,0.013771326022737784,0.013096592369973292,0.000674733652764492
2023-11-16,5,50,0.22410564225690274,0.01822561488780302,0.009902100374925638,0.008323514512877382
2023-11-17,5,50,0.19289315726290512,0.00984530352194769,0.010632910504091264,-0.0007876069821435745
2023-11-20,5,50,0.3325330132052821,0.015407375982058425,0.0029092488262043694,0.012498127155854057
2023-11-21,5,50,0.3558703481392557,0.018984433471101327,-0.006730128501187704,0.02571456197228903
2023-11-22,5,50,0.13959183673469386,0.014656354550721385,0.006646680063214605,0.00800967448750678
2023-11-24,5,50,-0.009171668667466985,0.018676008554323074,0.014935342295083998,0.0037406662592390765
2023-11-27,5,50,-0.05517406962785113,0.030547511114358262,0.022349469091561425,0.008198042022796836
2023-11-28,5,50,-0.2510924369747899,0.007022471539500452,0.019434192549302877,-0.012411721009802425
2023-11-29,5,50,-0.17839135654261706,-0.000408955645735809,0.011775521905578646,-0.012184477551314455
2023-11-30,5,50,-0.07553421368547418,-0.00957794632429998,0.004144681194597178,-0.013722627518897157
2023-12-01,5,50,0.1006002400960384,0.0056970702705790854,-0.0036457476657220543,0.00934281793630114
2023-12-04,5,50,0.08926770708283314,0.004992215558258695,-0.008612272290475865,0.01360448784873456
2023-12-05,5,50,0.2188235294117647,0.025199319807636435,0.0029633446508503082,0.022235975156786127
2023-12-06,5,50,-0.022521008403361343,0.026781802263224817,0.01797009351637554,0.008811708746849278
2023-12-07,5,50,0.05671068427370948,0.05550933983979876,0.04203566630545841,0.013473673534340355
2023-12-08,5,50,-0.1251860744297719,0.040765488507586746,0.06783543581339146,-0.02706994730580472
2023-12-11,5,50,-0.04605042016806723,0.04852270279279165,0.057804014545652524,-0.009281311752860871
2023-12-12,5,50,-0.06036014405762304,0.037216084156524644,0.03952428542294386,-0.002308201266419216
2023-12-13,5,50,-0.05046818727490996,0.03692336435087042,0.04049226298776611,-0.00356889863689569
2023-12-14,5,50,-0.1264345738295318,-0.005427777550543023,-0.0026473957562279326,-0.00278038179431509
2023-12-15,5,50,-0.08014405762304923,-0.007972971617696844,-2.388787992686492e-05,-0.00794908373776998
2023-12-18,5,50,-0.027611044417767107,-0.0017205018600993216,0.008059985297661287,-0.009780487157760608
2023-12-19,5,50,-0.0809123649459784,0.011901282711611838,0.001348787417261199,0.01055249529435064
2023-12-20,5,50,-0.013397358943577431,0.008251783037284022,0.008901718403036885,-0.0006499353657528628
2023-12-21,5,50,0.08629051620648259,0.03350386644090554,0.023996592144138483,0.009507274296767058
2023-12-22,5,50,0.19308523409363745,0.0209476708016199,0.014184936958119643,0.006762733843500257
